"Date","Source","Site ID","POC","Daily Max 1-hour NO2 Concentration","Units","Daily AQI Value","Local Site Name","Daily Obs Count","Percent Complete","AQS Parameter Code","AQS Parameter Description","Method Code","CBSA Code","CBSA Name","State FIPS Code","State","County FIPS Code","County","Site Latitude","Site Longitude"
"06/17/2026","AQS","360050110","1","23.4","ppb","22","IS 52","24","100.0000","42602","Nitrogen dioxide (NO2)","256","35620","New York-Newark-Jersey City, NY-NJ-PA","36","New York","005","Bronx","40.816","-73.902"
"06/18/2026","AQS","360050110","1","20.3","ppb","19","IS 52","24","100.0000","42602","Nitrogen dioxide (NO2)","256","35620","New York-Newark-Jersey City, NY-NJ-PA","36","New York","005","Bronx","40.816","-73.902"
"06/19/2026","AQS","360050110","1","6.4","ppb","6","IS 52","24","100.0000","42602","Nitrogen dioxide (NO2)","256","35620","New York-Newark-Jersey City, NY-NJ-PA","36","New York","005","Bronx","40.816","-73.902"
"06/20/2026","AQS","360050110","1","7.4","ppb","7","IS 52","24","100.0000","42602","Nitrogen dioxide (NO2)","256","35620","New York-Newark-Jersey City, NY-NJ-PA","36","New York","005","Bronx","40.816","-73.902"
"06/21/2026","AQS","360050110","1","31.6","ppb","29","IS 52","24","100.0000","42602","Nitrogen dioxide (NO2)","256","35620","New York-Newark-Jersey City, NY-NJ-PA","36","New York","005","Bronx","40.816","-73.902"
"06/22/2026","AQS","360050110","1","52.6","ppb","49","IS 52","23","96.0000","42602","Nitrogen dioxide (NO2)","256","35620","New York-Newark-Jersey City, NY-NJ-PA","36","New York","005","Bronx","40.816","-73.902"
"06/23/2026","AQS","360050110","1","36.6","ppb","34","IS 52","24","100.0000","42602","Nitrogen dioxide (NO2)","256","35620","New York-Newark-Jersey City, NY-NJ-PA","36","New York","005","Bronx","40.816","-73.902"
"06/24/2026","AQS","360050110","1","13.3","ppb","12","IS 52","24","100.0000","42602","Nitrogen dioxide (NO2)","256","35620","New York-Newark-Jersey City, NY-NJ-PA","36","New York","005","Bronx","40.816","-73.902"
"06/25/2026","AQS","360050110","1","30.9","ppb","28","IS 52","24","100.0000","42602","Nitrogen dioxide (NO2)","256","35620","New York-Newark-Jersey City, NY-NJ-PA","36","New York","005","Bronx","40.816","-73.902"
"06/26/2026","AQS","360050110","1","33.3","ppb","31","IS 52","24","100.0000","42602","Nitrogen dioxide (NO2)","256","35620","New York-Newark-Jersey City, NY-NJ-PA","36","New York","005","Bronx","40.816","-73.902"
"06/27/2026","AQS","360050110","1","29.2","ppb","27","IS 52","24","100.0000","42602","Nitrogen dioxide (NO2)","256","35620","New York-Newark-Jersey City, NY-NJ-PA","36","New York","005","Bronx","40.816","-73.902"
"06/28/2026","AQS","360050110","1","34.6","ppb","32","IS 52","24","100.0000","42602","Nitrogen dioxide (NO2)","256","35620","New York-Newark-Jersey City, NY-NJ-PA","36","New York","005","Bronx","40.816","-73.902"
"06/29/2026","AQS","360050110","1","21.2","ppb","20","IS 52","20","83.0000","42602","Nitrogen dioxide (NO2)","256","35620","New York-Newark-Jersey City, NY-NJ-PA","36","New York","005","Bronx","40.816","-73.902"
"06/30/2026","AQS","360050110","1","20.6","ppb","19","IS 52","24","100.0000","42602","Nitrogen dioxide (NO2)","256","35620","New York-Newark-Jersey City, NY-NJ-PA","36","New York","005","Bronx","40.816","-73.902"
"01/01/2026","AQS","360050133","1","16.5","ppb","15","PFIZER LAB SITE","24","100.0000","42602","Nitrogen dioxide (NO2)","256","35620","New York-Newark-Jersey City, NY-NJ-PA","36","New York","005","Bronx","40.8679","-73.87809"
"01/02/2026","AQS","360050133","1","17.6","ppb","16","PFIZER LAB SITE","24","100.0000","42602","Nitrogen dioxide (NO2)","256","35620","New York-Newark-Jersey City, NY-NJ-PA","36","New York","005","Bronx","40.8679","-73.87809"
"01/03/2026","AQS","360050133","1","19.1","ppb","18","PFIZER LAB SITE","24","100.0000","42602","Nitrogen dioxide (NO2)","256","35620","New York-Newark-Jersey City, NY-NJ-PA","36","New York","005","Bronx","40.8679","-73.87809"
"01/04/2026","AQS","360050133","1","18.6","ppb","17","PFIZER LAB SITE","24","100.0000","42602","Nitrogen dioxide (NO2)","256","35620","New York-Newark-Jersey City, NY-NJ-PA","36","New York","005","Bronx","40.8679","-73.87809"
"01/05/2026","AQS","360050133","1","38.9","ppb","36","PFIZER LAB SITE","24","100.0000","42602","Nitrogen dioxide (NO2)","256","35620","New York-Newark-Jersey City, NY-NJ-PA","36","New York","005","Bronx","40.8679","-73.87809"
"01/06/2026","AQS","360050133","1","35.3","ppb","33","PFIZER LAB SITE","22","92.0000","42602","Nitrogen dioxide (NO2)","256","35620","New York-Newark-Jersey City, NY-NJ-PA","36","New York","005","Bronx","40.8679","-73.87809"
"01/07/2026","AQS","360050133","1","26.3","ppb","25","PFIZER LAB SITE","24","100.0000","42602","Nitrogen dioxide (NO2)","256","35620","New York-Newark-Jersey City, NY-NJ-PA","36","New York","005","Bronx","40.8679","-73.87809"
"01/08/2026","AQS","360050133","1","36.2","ppb","34","PFIZER LAB SITE","24","100.0000","42602","Nitrogen dioxide (NO2)","256","35620","New York-Newark-Jersey City, NY-NJ-PA","36","New York","005","Bronx","40.8679","-73.87809"
"01/09/2026","AQS","360050133","1","31.3","ppb","29","PFIZER LAB SITE","23","96.0000","42602","Nitrogen dioxide (NO2)","256","35620","New York-Newark-Jersey City, NY-NJ-PA","36","New York","005","Bronx","40.8679","-73.87809"
"01/10/2026","AQS","360050133","1","13.7","ppb","12","PFIZER LAB SITE","24","100.0000","42602","Nitrogen dioxide (NO2)","256","35620","New York-Newark-Jersey City, NY-NJ-PA","36","New York","005","Bronx","40.8679","-73.87809"
"01/11/2026","AQS","360050133","1","18.5","ppb","17","PFIZER LAB SITE","24","100.0000","42602","Nitrogen dioxide (NO2)","256","35620","New York-Newark-Jersey City, NY-NJ-PA","36","New York","005","Bronx","40.8679","-73.87809"
"01/12/2026","AQS","360050133","1","22.4","ppb","21","PFIZER LAB SITE","22","92.0000","42602","Nitrogen dioxide (NO2)","256","35620","New York-Newark-Jersey City, NY-NJ-PA","36","New York","005","Bronx","40.8679","-73.87809"
"01/13/2026","AQS","360050133","1","28.7","ppb","26","PFIZER LAB SITE","19","79.0000","42602","Nitrogen dioxide (NO2)","256","35620","New York-Newark-Jersey City, NY-NJ-PA","36","New York","005","Bronx","40.8679","-73.87809"
"01/14/2026","AQS","360050133","1","43.3","ppb","41","PFIZER LAB SITE","24","100.0000","42602","Nitrogen dioxide (NO2)","256","35620","New York-Newark-Jersey City, NY-NJ-PA","36","New York","005","Bronx","40.8679","-73.87809"
"01/15/2026","AQS","360050133","1","26.3","ppb","25","PFIZER LAB SITE","24","100.0000","42602","Nitrogen dioxide (NO2)","256","35620","New York-Newark-Jersey City, NY-NJ-PA","36","New York","005","Bronx","40.8679","-73.87809"
"01/16/2026","AQS","360050133","1","26.2","ppb","25","PFIZER LAB SITE","24","100.0000","42602","Nitrogen dioxide (NO2)","256","35620","New York-Newark-Jersey City, NY-NJ-PA","36","New York","005","Bronx","40.8679","-73.87809"
"01/17/2026","AQS","360050133","1","33.5","ppb","31","PFIZER LAB SITE","24","100.0000","42602","Nitrogen dioxide (NO2)","256","35620","New York-Newark-Jersey City, NY-NJ-PA","36","New York","005","Bronx","40.8679","-73.87809"
"01/18/2026","AQS","360050133","1","35.3","ppb","33","PFIZER LAB SITE","24","100.0000","42602","Nitrogen dioxide (NO2)","256","35620","New York-Newark-Jersey City, NY-NJ-PA","36","New York","005","Bronx","40.8679","-73.87809"
"01/19/2026","AQS","360050133","1","24.2","ppb","23","PFIZER LAB SITE","24","100.0000","42602","Nitrogen dioxide (NO2)","256","35620","New York-Newark-Jersey City, NY-NJ-PA","36","New York","005","Bronx","40.8679","-73.87809"
"01/20/2026","AQS","360050133","1","19","ppb","18","PFIZER LAB SITE","21","88.0000","42602","Nitrogen dioxide (NO2)","256","35620","New York-Newark-Jersey City, NY-NJ-PA","36","New York","005","Bronx","40.8679","-73.87809"
"01/21/2026","AQS","360050133","1","33.5","ppb","31","PFIZER LAB SITE","19","79.0000","42602","Nitrogen dioxide (NO2)","256","35620","New York-Newark-Jersey City, NY-NJ-PA","36","New York","005","Bronx","40.8679","-73.87809"
"01/22/2026","AQS","360050133","1","29.9","ppb","27","PFIZER LAB SITE","24","100.0000","42602","Nitrogen dioxide (NO2)","256","35620","New York-Newark-Jersey City, NY-NJ-PA","36","New York","005","Bronx","40.8679","-73.87809"
"01/23/2026","AQS","360050133","1","21.5","ppb","20","PFIZER LAB SITE","24","100.0000","42602","Nitrogen dioxide (NO2)","256","35620","New York-Newark-Jersey City, NY-NJ-PA","36","New York","005","Bronx","40.8679","-73.87809"
"01/24/2026","AQS","360050133","1","11.2","ppb","10","PFIZER LAB SITE","24","100.0000","42602","Nitrogen dioxide (NO2)","256","35620","New York-Newark-Jersey City, NY-NJ-PA","36","New York","005","Bronx","40.8679","-73.87809"
"01/25/2026","AQS","360050133","1","14.6","ppb","13","PFIZER LAB SITE","24","100.0000","42602","Nitrogen dioxide (NO2)","256","35620","New York-Newark-Jersey City, NY-NJ-PA","36","New York","005","Bronx","40.8679","-73.87809"
"01/26/2026","AQS","360050133","1","17.6","ppb","16","PFIZER LAB SITE","24","100.0000","42602","Nitrogen dioxide (NO2)","256","35620","New York-Newark-Jersey City, NY-NJ-PA","36","New York","005","Bronx","40.8679","-73.87809"
"01/27/2026","AQS","360050133","1","23.5","ppb","22","PFIZER LAB SITE","19","79.0000","42602","Nitrogen dioxide (NO2)","256","35620","New York-Newark-Jersey City, NY-NJ-PA","36","New York","005","Bronx","40.8679","-73.87809"
"01/28/2026","AQS","360050133","1","27.9","ppb","25","PFIZER LAB SITE","24","100.0000","42602","Nitrogen dioxide (NO2)","256","35620","New York-Newark-Jersey City, NY-NJ-PA","36","New York","005","Bronx","40.8679","-73.87809"
"01/29/2026","AQS","360050133","1","26.3","ppb","25","PFIZER LAB SITE","24","100.0000","42602","Nitrogen dioxide (NO2)","256","35620","New York-Newark-Jersey City, NY-NJ-PA","36","New York","005","Bronx","40.8679","-73.87809"
"01/30/2026","AQS","360050133","1","14.6","ppb","13","PFIZER LAB SITE","24","100.0000","42602","Nitrogen dioxide (NO2)","256","35620","New York-Newark-Jersey City, NY-NJ-PA","36","New York","005","Bronx","40.8679","-73.87809"
"01/31/2026","AQS","360050133","1","20.3","ppb","19","PFIZER LAB SITE","24","100.0000","42602","Nitrogen dioxide (NO2)","256","35620","New York-Newark-Jersey City, NY-NJ-PA","36","New York","005","Bronx","40.8679","-73.87809"
"02/01/2026","AQS","360050133","1","19.8","ppb","18","PFIZER LAB SITE","24","100.0000","42602","Nitrogen dioxide (NO2)","256","35620","New York-Newark-Jersey City, NY-NJ-PA","36","New York","005","Bronx","40.8679","-73.87809"
"02/02/2026","AQS","360050133","1","19.4","ppb","18","PFIZER LAB SITE","24","100.0000","42602","Nitrogen dioxide (NO2)","256","35620","New York-Newark-Jersey City, NY-NJ-PA","36","New York","005","Bronx","40.8679","-73.87809"
"02/03/2026","AQS","360050133","1","38.4","ppb","36","PFIZER LAB SITE","22","92.0000","42602","Nitrogen dioxide (NO2)","256","35620","New York-Newark-Jersey City, NY-NJ-PA","36","New York","005","Bronx","40.8679","-73.87809"
"02/04/2026","AQS","360050133","1","29.3","ppb","27","PFIZER LAB SITE","24","100.0000","42602","Nitrogen dioxide (NO2)","256","35620","New York-Newark-Jersey City, NY-NJ-PA","36","New York","005","Bronx","40.8679","-73.87809"
"02/05/2026","AQS","360050133","1","32.8","ppb","30","PFIZER LAB SITE","24","100.0000","42602","Nitrogen dioxide (NO2)","256","35620","New York-Newark-Jersey City, NY-NJ-PA","36","New York","005","Bronx","40.8679","-73.87809"
"02/06/2026","AQS","360050133","1","44.3","ppb","42","PFIZER LAB SITE","24","100.0000","42602","Nitrogen dioxide (NO2)","256","35620","New York-Newark-Jersey City, NY-NJ-PA","36","New York","005","Bronx","40.8679","-73.87809"
"02/07/2026","AQS","360050133","1","20","ppb","19","PFIZER LAB SITE","24","100.0000","42602","Nitrogen dioxide (NO2)","256","35620","New York-Newark-Jersey City, NY-NJ-PA","36","New York","005","Bronx","40.8679","-73.87809"
"02/08/2026","AQS","360050133","1","10.8","ppb","9","PFIZER LAB SITE","24","100.0000","42602","Nitrogen dioxide (NO2)","256","35620","New York-Newark-Jersey City, NY-NJ-PA","36","New York","005","Bronx","40.8679","-73.87809"
"02/09/2026","AQS","360050133","1","28.9","ppb","26","PFIZER LAB SITE","24","100.0000","42602","Nitrogen dioxide (NO2)","256","35620","New York-Newark-Jersey City, NY-NJ-PA","36","New York","005","Bronx","40.8679","-73.87809"
"02/10/2026","AQS","360050133","1","42.5","ppb","40","PFIZER LAB SITE","19","79.0000","42602","Nitrogen dioxide (NO2)","256","35620","New York-Newark-Jersey City, NY-NJ-PA","36","New York","005","Bronx","40.8679","-73.87809"
"02/11/2026","AQS","360050133","1","38.7","ppb","36","PFIZER LAB SITE","22","92.0000","42602","Nitrogen dioxide (NO2)","256","35620","New York-Newark-Jersey City, NY-NJ-PA","36","New York","005","Bronx","40.8679","-73.87809"
"02/18/2026","AQS","360050133","1","34","ppb","32","PFIZER LAB SITE","24","100.0000","42602","Nitrogen dioxide (NO2)","256","35620","New York-Newark-Jersey City, NY-NJ-PA","36","New York","005","Bronx","40.8679","-73.87809"
"02/19/2026","AQS","360050133","1","25","ppb","24","PFIZER LAB SITE","19","79.0000","42602","Nitrogen dioxide (NO2)","256","35620","New York-Newark-Jersey City, NY-NJ-PA","36","New York","005","Bronx","40.8679","-73.87809"
"02/20/2026","AQS","360050133","1","18","ppb","17","PFIZER LAB SITE","24","100.0000","42602","Nitrogen dioxide (NO2)","256","35620","New York-Newark-Jersey City, NY-NJ-PA","36","New York","005","Bronx","40.8679","-73.87809"
"02/21/2026","AQS","360050133","1","30","ppb","28","PFIZER LAB SITE","24","100.0000","42602","Nitrogen dioxide (NO2)","256","35620","New York-Newark-Jersey City, NY-NJ-PA","36","New York","005","Bronx","40.8679","-73.87809"
"02/22/2026","AQS","360050133","1","10.8","ppb","9","PFIZER LAB SITE","24","100.0000","42602","Nitrogen dioxide (NO2)","256","35620","New York-Newark-Jersey City, NY-NJ-PA","36","New York","005","Bronx","40.8679","-73.87809"
"02/23/2026","AQS","360050133","1","10.9","ppb","9","PFIZER LAB SITE","24","100.0000","42602","Nitrogen dioxide (NO2)","256","35620","New York-Newark-Jersey City, NY-NJ-PA","36","New York","005","Bronx","40.8679","-73.87809"
"02/24/2026","AQS","360050133","1","42.6","ppb","40","PFIZER LAB SITE","24","100.0000","42602","Nitrogen dioxide (NO2)","256","35620","New York-Newark-Jersey City, NY-NJ-PA","36","New York","005","Bronx","40.8679","-73.87809"
"02/25/2026","AQS","360050133","1","45.4","ppb","42","PFIZER LAB SITE","24","100.0000","42602","Nitrogen dioxide (NO2)","256","35620","New York-Newark-Jersey City, NY-NJ-PA","36","New York","005","Bronx","40.8679","-73.87809"
"02/26/2026","AQS","360050133","1","48.1","ppb","45","PFIZER LAB SITE","19","79.0000","42602","Nitrogen dioxide (NO2)","256","35620","New York-Newark-Jersey City, NY-NJ-PA","36","New York","005","Bronx","40.8679","-73.87809"
"02/27/2026","AQS","360050133","1","46.1","ppb","43","PFIZER LAB SITE","24","100.0000","42602","Nitrogen dioxide (NO2)","256","35620","New York-Newark-Jersey City, NY-NJ-PA","36","New York","005","Bronx","40.8679","-73.87809"
"02/28/2026","AQS","360050133","1","53.5","ppb","50","PFIZER LAB SITE","24","100.0000","42602","Nitrogen dioxide (NO2)","256","35620","New York-Newark-Jersey City, NY-NJ-PA","36","New York","005","Bronx","40.8679","-73.87809"
"03/01/2026","AQS","360050133","1","47.3","ppb","44","PFIZER LAB SITE","24","100.0000","42602","Nitrogen dioxide (NO2)","256","35620","New York-Newark-Jersey City, NY-NJ-PA","36","New York","005","Bronx","40.8679","-73.87809"
"03/02/2026","AQS","360050133","1","30.3","ppb","28","PFIZER LAB SITE","24","100.0000","42602","Nitrogen dioxide (NO2)","256","35620","New York-Newark-Jersey City, NY-NJ-PA","36","New York","005","Bronx","40.8679","-73.87809"
"03/03/2026","AQS","360050133","1","42","ppb","40","PFIZER LAB SITE","24","100.0000","42602","Nitrogen dioxide (NO2)","256","35620","New York-Newark-Jersey City, NY-NJ-PA","36","New York","005","Bronx","40.8679","-73.87809"
"03/04/2026","AQS","360050133","1","41.7","ppb","39","PFIZER LAB SITE","24","100.0000","42602","Nitrogen dioxide (NO2)","256","35620","New York-Newark-Jersey City, NY-NJ-PA","36","New York","005","Bronx","40.8679","-73.87809"
"03/05/2026","AQS","360050133","1","36.4","ppb","34","PFIZER LAB SITE","24","100.0000","42602","Nitrogen dioxide (NO2)","256","35620","New York-Newark-Jersey City, NY-NJ-PA","36","New York","005","Bronx","40.8679","-73.87809"
"03/06/2026","AQS","360050133","1","18.7","ppb","17","PFIZER LAB SITE","24","100.0000","42602","Nitrogen dioxide (NO2)","256","35620","New York-Newark-Jersey City, NY-NJ-PA","36","New York","005","Bronx","40.8679","-73.87809"
"03/07/2026","AQS","360050133","1","35.3","ppb","33","PFIZER LAB SITE","24","100.0000","42602","Nitrogen dioxide (NO2)","256","35620","New York-Newark-Jersey City, NY-NJ-PA","36","New York","005","Bronx","40.8679","-73.87809"
"03/08/2026","AQS","360050133","1","31.7","ppb","29","PFIZER LAB SITE","23","96.0000","42602","Nitrogen dioxide (NO2)","256","35620","New York-Newark-Jersey City, NY-NJ-PA","36","New York","005","Bronx","40.8679","-73.87809"
"03/09/2026","AQS","360050133","1","45.7","ppb","42","PFIZER LAB SITE","24","100.0000","42602","Nitrogen dioxide (NO2)","256","35620","New York-Newark-Jersey City, NY-NJ-PA","36","New York","005","Bronx","40.8679","-73.87809"
"03/10/2026","AQS","360050133","1","51.7","ppb","48","PFIZER LAB SITE","24","100.0000","42602","Nitrogen dioxide (NO2)","256","35620","New York-Newark-Jersey City, NY-NJ-PA","36","New York","005","Bronx","40.8679","-73.87809"
"03/11/2026","AQS","360050133","1","44","ppb","42","PFIZER LAB SITE","19","79.0000","42602","Nitrogen dioxide (NO2)","256","35620","New York-Newark-Jersey City, NY-NJ-PA","36","New York","005","Bronx","40.8679","-73.87809"
"03/12/2026","AQS","360050133","1","39.5","ppb","37","PFIZER LAB SITE","24","100.0000","42602","Nitrogen dioxide (NO2)","256","35620","New York-Newark-Jersey City, NY-NJ-PA","36","New York","005","Bronx","40.8679","-73.87809"
"03/13/2026","AQS","360050133","1","25.9","ppb","24","PFIZER LAB SITE","24","100.0000","42602","Nitrogen dioxide (NO2)","256","35620","New York-Newark-Jersey City, NY-NJ-PA","36","New York","005","Bronx","40.8679","-73.87809"
"03/14/2026","AQS","360050133","1","41","ppb","39","PFIZER LAB SITE","24","100.0000","42602","Nitrogen dioxide (NO2)","256","35620","New York-Newark-Jersey City, NY-NJ-PA","36","New York","005","Bronx","40.8679","-73.87809"
"03/15/2026","AQS","360050133","1","14.7","ppb","13","PFIZER LAB SITE","24","100.0000","42602","Nitrogen dioxide (NO2)","256","35620","New York-Newark-Jersey City, NY-NJ-PA","36","New York","005","Bronx","40.8679","-73.87809"
"03/16/2026","AQS","360050133","1","19.8","ppb","18","PFIZER LAB SITE","19","79.0000","42602","Nitrogen dioxide (NO2)","256","35620","New York-Newark-Jersey City, NY-NJ-PA","36","New York","005","Bronx","40.8679","-73.87809"
"03/17/2026","AQS","360050133","1","11","ppb","10","PFIZER LAB SITE","24","100.0000","42602","Nitrogen dioxide (NO2)","256","35620","New York-Newark-Jersey City, NY-NJ-PA","36","New York","005","Bronx","40.8679","-73.87809"
"03/18/2026","AQS","360050133","1","22.8","ppb","21","PFIZER LAB SITE","24","100.0000","42602","Nitrogen dioxide (NO2)","256","35620","New York-Newark-Jersey City, NY-NJ-PA","36","New York","005","Bronx","40.8679","-73.87809"
"03/19/2026","AQS","360050133","1","35.8","ppb","33","PFIZER LAB SITE","24","100.0000","42602","Nitrogen dioxide (NO2)","256","35620","New York-Newark-Jersey City, NY-NJ-PA","36","New York","005","Bronx","40.8679","-73.87809"
"03/20/2026","AQS","360050133","1","44.8","ppb","42","PFIZER LAB SITE","24","100.0000","42602","Nitrogen dioxide (NO2)","256","35620","New York-Newark-Jersey City, NY-NJ-PA","36","New York","005","Bronx","40.8679","-73.87809"
"03/21/2026","AQS","360050133","1","24","ppb","23","PFIZER LAB SITE","24","100.0000","42602","Nitrogen dioxide (NO2)","256","35620","New York-Newark-Jersey City, NY-NJ-PA","36","New York","005","Bronx","40.8679","-73.87809"
"03/22/2026","AQS","360050133","1","17.2","ppb","16","PFIZER LAB SITE","24","100.0000","42602","Nitrogen dioxide (NO2)","256","35620","New York-Newark-Jersey City, NY-NJ-PA","36","New York","005","Bronx","40.8679","-73.87809"
"03/23/2026","AQS","360050133","1","18.8","ppb","17","PFIZER LAB SITE","24","100.0000","42602","Nitrogen dioxide (NO2)","256","35620","New York-Newark-Jersey City, NY-NJ-PA","36","New York","005","Bronx","40.8679","-73.87809"
"03/24/2026","AQS","360050133","1","32.4","ppb","30","PFIZER LAB SITE","24","100.0000","42602","Nitrogen dioxide (NO2)","256","35620","New York-Newark-Jersey City, NY-NJ-PA","36","New York","005","Bronx","40.8679","-73.87809"
"03/25/2026","AQS","360050133","1","35.3","ppb","33","PFIZER LAB SITE","19","79.0000","42602","Nitrogen dioxide (NO2)","256","35620","New York-Newark-Jersey City, NY-NJ-PA","36","New York","005","Bronx","40.8679","-73.87809"
"03/26/2026","AQS","360050133","1","41.5","ppb","39","PFIZER LAB SITE","24","100.0000","42602","Nitrogen dioxide (NO2)","256","35620","New York-Newark-Jersey City, NY-NJ-PA","36","New York","005","Bronx","40.8679","-73.87809"
"03/27/2026","AQS","360050133","1","15.6","ppb","14","PFIZER LAB SITE","24","100.0000","42602","Nitrogen dioxide (NO2)","256","35620","New York-Newark-Jersey City, NY-NJ-PA","36","New York","005","Bronx","40.8679","-73.87809"
"03/28/2026","AQS","360050133","1","10.2","ppb","9","PFIZER LAB SITE","24","100.0000","42602","Nitrogen dioxide (NO2)","256","35620","New York-Newark-Jersey City, NY-NJ-PA","36","New York","005","Bronx","40.8679","-73.87809"
"03/29/2026","AQS","360050133","1","37.2","ppb","35","PFIZER LAB SITE","19","79.0000","42602","Nitrogen dioxide (NO2)","256","35620","New York-Newark-Jersey City, NY-NJ-PA","36","New York","005","Bronx","40.8679","-73.87809"
"03/30/2026","AQS","360050133","1","37.1","ppb","35","PFIZER LAB SITE","24","100.0000","42602","Nitrogen dioxide (NO2)","256","35620","New York-Newark-Jersey City, NY-NJ-PA","36","New York","005","Bronx","40.8679","-73.87809"
"03/31/2026","AQS","360050133","1","31.7","ppb","29","PFIZER LAB SITE","24","100.0000","42602","Nitrogen dioxide (NO2)","256","35620","New York-Newark-Jersey City, NY-NJ-PA","36","New York","005","Bronx","40.8679","-73.87809"
"04/01/2026","AQS","360050133","1","33.8","ppb","31","PFIZER LAB SITE","24","100.0000","42602","Nitrogen dioxide (NO2)","256","35620","New York-Newark-Jersey City, NY-NJ-PA","36","New York","005","Bronx","40.8679","-73.87809"
"04/02/2026","AQS","360050133","1","6.9","ppb","6","PFIZER LAB SITE","24","100.0000","42602","Nitrogen dioxide (NO2)","256","35620","New York-Newark-Jersey City, NY-NJ-PA","36","New York","005","Bronx","40.8679","-73.87809"
"04/03/2026","AQS","360050133","1","36","ppb","34","PFIZER LAB SITE","24","100.0000","42602","Nitrogen dioxide (NO2)","256","35620","New York-Newark-Jersey City, NY-NJ-PA","36","New York","005","Bronx","40.8679","-73.87809"
"04/04/2026","AQS","360050133","1","32.1","ppb","30","PFIZER LAB SITE","24","100.0000","42602","Nitrogen dioxide (NO2)","256","35620","New York-Newark-Jersey City, NY-NJ-PA","36","New York","005","Bronx","40.8679","-73.87809"
"04/05/2026","AQS","360050133","1","22.5","ppb","21","PFIZER LAB SITE","24","100.0000","42602","Nitrogen dioxide (NO2)","256","35620","New York-Newark-Jersey City, NY-NJ-PA","36","New York","005","Bronx","40.8679","-73.87809"
"04/06/2026","AQS","360050133","1","17.7","ppb","16","PFIZER LAB SITE","24","100.0000","42602","Nitrogen dioxide (NO2)","256","35620","New York-Newark-Jersey City, NY-NJ-PA","36","New York","005","Bronx","40.8679","-73.87809"
"04/07/2026","AQS","360050133","1","31.5","ppb","29","PFIZER LAB SITE","24","100.0000","42602","Nitrogen dioxide (NO2)","256","35620","New York-Newark-Jersey City, NY-NJ-PA","36","New York","005","Bronx","40.8679","-73.87809"
"04/08/2026","AQS","360050133","1","14.3","ppb","13","PFIZER LAB SITE","24","100.0000","42602","Nitrogen dioxide (NO2)","256","35620","New York-Newark-Jersey City, NY-NJ-PA","36","New York","005","Bronx","40.8679","-73.87809"
"04/09/2026","AQS","360050133","1","38.8","ppb","36","PFIZER LAB SITE","19","79.0000","42602","Nitrogen dioxide (NO2)","256","35620","New York-Newark-Jersey City, NY-NJ-PA","36","New York","005","Bronx","40.8679","-73.87809"
"04/10/2026","AQS","360050133","1","39.6","ppb","37","PFIZER LAB SITE","24","100.0000","42602","Nitrogen dioxide (NO2)","256","35620","New York-Newark-Jersey City, NY-NJ-PA","36","New York","005","Bronx","40.8679","-73.87809"
"04/11/2026","AQS","360050133","1","45.5","ppb","42","PFIZER LAB SITE","24","100.0000","42602","Nitrogen dioxide (NO2)","256","35620","New York-Newark-Jersey City, NY-NJ-PA","36","New York","005","Bronx","40.8679","-73.87809"
"04/12/2026","AQS","360050133","1","14.4","ppb","13","PFIZER LAB SITE","24","100.0000","42602","Nitrogen dioxide (NO2)","256","35620","New York-Newark-Jersey City, NY-NJ-PA","36","New York","005","Bronx","40.8679","-73.87809"
"04/13/2026","AQS","360050133","1","41.6","ppb","39","PFIZER LAB SITE","19","79.0000","42602","Nitrogen dioxide (NO2)","256","35620","New York-Newark-Jersey City, NY-NJ-PA","36","New York","005","Bronx","40.8679","-73.87809"
"04/14/2026","AQS","360050133","1","37.5","ppb","35","PFIZER LAB SITE","24","100.0000","42602","Nitrogen dioxide (NO2)","256","35620","New York-Newark-Jersey City, NY-NJ-PA","36","New York","005","Bronx","40.8679","-73.87809"
"04/15/2026","AQS","360050133","1","30.1","ppb","28","PFIZER LAB SITE","24","100.0000","42602","Nitrogen dioxide (NO2)","256","35620","New York-Newark-Jersey City, NY-NJ-PA","36","New York","005","Bronx","40.8679","-73.87809"
"04/16/2026","AQS","360050133","1","40.7","ppb","38","PFIZER LAB SITE","24","100.0000","42602","Nitrogen dioxide (NO2)","256","35620","New York-Newark-Jersey City, NY-NJ-PA","36","New York","005","Bronx","40.8679","-73.87809"
"04/17/2026","AQS","360050133","1","11","ppb","10","PFIZER LAB SITE","24","100.0000","42602","Nitrogen dioxide (NO2)","256","35620","New York-Newark-Jersey City, NY-NJ-PA","36","New York","005","Bronx","40.8679","-73.87809"
"04/18/2026","AQS","360050133","1","9.9","ppb","8","PFIZER LAB SITE","24","100.0000","42602","Nitrogen dioxide (NO2)","256","35620","New York-Newark-Jersey City, NY-NJ-PA","36","New York","005","Bronx","40.8679","-73.87809"
"04/19/2026","AQS","360050133","1","8.8","ppb","8","PFIZER LAB SITE","24","100.0000","42602","Nitrogen dioxide (NO2)","256","35620","New York-Newark-Jersey City, NY-NJ-PA","36","New York","005","Bronx","40.8679","-73.87809"
"04/20/2026","AQS","360050133","1","34.8","ppb","32","PFIZER LAB SITE","24","100.0000","42602","Nitrogen dioxide (NO2)","256","35620","New York-Newark-Jersey City, NY-NJ-PA","36","New York","005","Bronx","40.8679","-73.87809"
"04/21/2026","AQS","360050133","1","19.6","ppb","18","PFIZER LAB SITE","22","92.0000","42602","Nitrogen dioxide (NO2)","256","35620","New York-Newark-Jersey City, NY-NJ-PA","36","New York","005","Bronx","40.8679","-73.87809"
"04/22/2026","AQS","360050133","1","17.7","ppb","16","PFIZER LAB SITE","24","100.0000","42602","Nitrogen dioxide (NO2)","256","35620","New York-Newark-Jersey City, NY-NJ-PA","36","New York","005","Bronx","40.8679","-73.87809"
"04/23/2026","AQS","360050133","1","28.7","ppb","26","PFIZER LAB SITE","24","100.0000","42602","Nitrogen dioxide (NO2)","256","35620","New York-Newark-Jersey City, NY-NJ-PA","36","New York","005","Bronx","40.8679","-73.87809"
"04/24/2026","AQS","360050133","1","14.1","ppb","13","PFIZER LAB SITE","24","100.0000","42602","Nitrogen dioxide (NO2)","256","35620","New York-Newark-Jersey City, NY-NJ-PA","36","New York","005","Bronx","40.8679","-73.87809"
"04/25/2026","AQS","360050133","1","9.3","ppb","8","PFIZER LAB SITE","24","100.0000","42602","Nitrogen dioxide (NO2)","256","35620","New York-Newark-Jersey City, NY-NJ-PA","36","New York","005","Bronx","40.8679","-73.87809"
"04/26/2026","AQS","360050133","1","28.2","ppb","26","PFIZER LAB SITE","24","100.0000","42602","Nitrogen dioxide (NO2)","256","35620","New York-Newark-Jersey City, NY-NJ-PA","36","New York","005","Bronx","40.8679","-73.87809"
"04/27/2026","AQS","360050133","1","42.6","ppb","40","PFIZER LAB SITE","24","100.0000","42602","Nitrogen dioxide (NO2)","256","35620","New York-Newark-Jersey City, NY-NJ-PA","36","New York","005","Bronx","40.8679","-73.87809"
"04/28/2026","AQS","360050133","1","39.3","ppb","37","PFIZER LAB SITE","19","79.0000","42602","Nitrogen dioxide (NO2)","256","35620","New York-Newark-Jersey City, NY-NJ-PA","36","New York","005","Bronx","40.8679","-73.87809"
"04/29/2026","AQS","360050133","1","28.3","ppb","26","PFIZER LAB SITE","24","100.0000","42602","Nitrogen dioxide (NO2)","256","35620","New York-Newark-Jersey City, NY-NJ-PA","36","New York","005","Bronx","40.8679","-73.87809"
"04/30/2026","AQS","360050133","1","25.3","ppb","24","PFIZER LAB SITE","24","100.0000","42602","Nitrogen dioxide (NO2)","256","35620","New York-Newark-Jersey City, NY-NJ-PA","36","New York","005","Bronx","40.8679","-73.87809"
"05/01/2026","AQS","360050133","1","25","ppb","24","PFIZER LAB SITE","24","100.0000","42602","Nitrogen dioxide (NO2)","256","35620","New York-Newark-Jersey City, NY-NJ-PA","36","New York","005","Bronx","40.8679","-73.87809"
"05/02/2026","AQS","360050133","1","17.2","ppb","16","PFIZER LAB SITE","24","100.0000","42602","Nitrogen dioxide (NO2)","256","35620","New York-Newark-Jersey City, NY-NJ-PA","36","New York","005","Bronx","40.8679","-73.87809"
"05/03/2026","AQS","360050133","1","24.4","ppb","23","PFIZER LAB SITE","24","100.0000","42602","Nitrogen dioxide (NO2)","256","35620","New York-Newark-Jersey City, NY-NJ-PA","36","New York","005","Bronx","40.8679","-73.87809"
"05/04/2026","AQS","360050133","1","25.6","ppb","24","PFIZER LAB SITE","23","96.0000","42602","Nitrogen dioxide (NO2)","256","35620","New York-Newark-Jersey City, NY-NJ-PA","36","New York","005","Bronx","40.8679","-73.87809"
"05/05/2026","AQS","360050133","1","30.5","ppb","28","PFIZER LAB SITE","22","92.0000","42602","Nitrogen dioxide (NO2)","256","35620","New York-Newark-Jersey City, NY-NJ-PA","36","New York","005","Bronx","40.8679","-73.87809"
"05/06/2026","AQS","360050133","1","35.3","ppb","33","PFIZER LAB SITE","23","96.0000","42602","Nitrogen dioxide (NO2)","256","35620","New York-Newark-Jersey City, NY-NJ-PA","36","New York","005","Bronx","40.8679","-73.87809"
"05/07/2026","AQS","360050133","1","19.5","ppb","18","PFIZER LAB SITE","24","100.0000","42602","Nitrogen dioxide (NO2)","256","35620","New York-Newark-Jersey City, NY-NJ-PA","36","New York","005","Bronx","40.8679","-73.87809"
"05/08/2026","AQS","360050133","1","21","ppb","20","PFIZER LAB SITE","24","100.0000","42602","Nitrogen dioxide (NO2)","256","35620","New York-Newark-Jersey City, NY-NJ-PA","36","New York","005","Bronx","40.8679","-73.87809"
"05/09/2026","AQS","360050133","1","35.5","ppb","33","PFIZER LAB SITE","24","100.0000","42602","Nitrogen dioxide (NO2)","256","35620","New York-Newark-Jersey City, NY-NJ-PA","36","New York","005","Bronx","40.8679","-73.87809"
"05/10/2026","AQS","360050133","1","25.4","ppb","24","PFIZER LAB SITE","24","100.0000","42602","Nitrogen dioxide (NO2)","256","35620","New York-Newark-Jersey City, NY-NJ-PA","36","New York","005","Bronx","40.8679","-73.87809"
"05/11/2026","AQS","360050133","1","30.8","ppb","28","PFIZER LAB SITE","24","100.0000","42602","Nitrogen dioxide (NO2)","256","35620","New York-Newark-Jersey City, NY-NJ-PA","36","New York","005","Bronx","40.8679","-73.87809"
"05/12/2026","AQS","360050133","1","17.2","ppb","16","PFIZER LAB SITE","19","79.0000","42602","Nitrogen dioxide (NO2)","256","35620","New York-Newark-Jersey City, NY-NJ-PA","36","New York","005","Bronx","40.8679","-73.87809"
"05/13/2026","AQS","360050133","1","24.4","ppb","23","PFIZER LAB SITE","24","100.0000","42602","Nitrogen dioxide (NO2)","256","35620","New York-Newark-Jersey City, NY-NJ-PA","36","New York","005","Bronx","40.8679","-73.87809"
"05/14/2026","AQS","360050133","1","30.2","ppb","28","PFIZER LAB SITE","24","100.0000","42602","Nitrogen dioxide (NO2)","256","35620","New York-Newark-Jersey City, NY-NJ-PA","36","New York","005","Bronx","40.8679","-73.87809"
"05/15/2026","AQS","360050133","1","27.1","ppb","25","PFIZER LAB SITE","24","100.0000","42602","Nitrogen dioxide (NO2)","256","35620","New York-Newark-Jersey City, NY-NJ-PA","36","New York","005","Bronx","40.8679","-73.87809"
"05/16/2026","AQS","360050133","1","27.8","ppb","25","PFIZER LAB SITE","24","100.0000","42602","Nitrogen dioxide (NO2)","256","35620","New York-Newark-Jersey City, NY-NJ-PA","36","New York","005","Bronx","40.8679","-73.87809"
"05/17/2026","AQS","360050133","1","58.2","ppb","55","PFIZER LAB SITE","24","100.0000","42602","Nitrogen dioxide (NO2)","256","35620","New York-Newark-Jersey City, NY-NJ-PA","36","New York","005","Bronx","40.8679","-73.87809"
"05/18/2026","AQS","360050133","1","39.8","ppb","37","PFIZER LAB SITE","24","100.0000","42602","Nitrogen dioxide (NO2)","256","35620","New York-Newark-Jersey City, NY-NJ-PA","36","New York","005","Bronx","40.8679","-73.87809"
"05/19/2026","AQS","360050133","1","27.9","ppb","25","PFIZER LAB SITE","22","92.0000","42602","Nitrogen dioxide (NO2)","256","35620","New York-Newark-Jersey City, NY-NJ-PA","36","New York","005","Bronx","40.8679","-73.87809"
"05/20/2026","AQS","360050133","1","24.6","ppb","23","PFIZER LAB SITE","24","100.0000","42602","Nitrogen dioxide (NO2)","256","35620","New York-Newark-Jersey City, NY-NJ-PA","36","New York","005","Bronx","40.8679","-73.87809"
"05/21/2026","AQS","360050133","1","16.1","ppb","15","PFIZER LAB SITE","23","96.0000","42602","Nitrogen dioxide (NO2)","256","35620","New York-Newark-Jersey City, NY-NJ-PA","36","New York","005","Bronx","40.8679","-73.87809"
"05/22/2026","AQS","360050133","1","8.6","ppb","8","PFIZER LAB SITE","24","100.0000","42602","Nitrogen dioxide (NO2)","256","35620","New York-Newark-Jersey City, NY-NJ-PA","36","New York","005","Bronx","40.8679","-73.87809"
"05/23/2026","AQS","360050133","1","7","ppb","7","PFIZER LAB SITE","24","100.0000","42602","Nitrogen dioxide (NO2)","256","35620","New York-Newark-Jersey City, NY-NJ-PA","36","New York","005","Bronx","40.8679","-73.87809"
"05/24/2026","AQS","360050133","1","4.4","ppb","4","PFIZER LAB SITE","24","100.0000","42602","Nitrogen dioxide (NO2)","256","35620","New York-Newark-Jersey City, NY-NJ-PA","36","New York","005","Bronx","40.8679","-73.87809"
"05/25/2026","AQS","360050133","1","31.2","ppb","29","PFIZER LAB SITE","24","100.0000","42602","Nitrogen dioxide (NO2)","256","35620","New York-Newark-Jersey City, NY-NJ-PA","36","New York","005","Bronx","40.8679","-73.87809"
"05/26/2026","AQS","360050133","1","37.4","ppb","35","PFIZER LAB SITE","19","79.0000","42602","Nitrogen dioxide (NO2)","256","35620","New York-Newark-Jersey City, NY-NJ-PA","36","New York","005","Bronx","40.8679","-73.87809"
"05/27/2026","AQS","360050133","1","24.5","ppb","23","PFIZER LAB SITE","24","100.0000","42602","Nitrogen dioxide (NO2)","256","35620","New York-Newark-Jersey City, NY-NJ-PA","36","New York","005","Bronx","40.8679","-73.87809"
"05/28/2026","AQS","360050133","1","13.8","ppb","12","PFIZER LAB SITE","24","100.0000","42602","Nitrogen dioxide (NO2)","256","35620","New York-Newark-Jersey City, NY-NJ-PA","36","New York","005","Bronx","40.8679","-73.87809"
"05/29/2026","AQS","360050133","1","12.7","ppb","11","PFIZER LAB SITE","24","100.0000","42602","Nitrogen dioxide (NO2)","256","35620","New York-Newark-Jersey City, NY-NJ-PA","36","New York","005","Bronx","40.8679","-73.87809"
"05/30/2026","AQS","360050133","1","14.4","ppb","13","PFIZER LAB SITE","24","100.0000","42602","Nitrogen dioxide (NO2)","256","35620","New York-Newark-Jersey City, NY-NJ-PA","36","New York","005","Bronx","40.8679","-73.87809"
"05/31/2026","AQS","360050133","1","20.5","ppb","19","PFIZER LAB SITE","24","100.0000","42602","Nitrogen dioxide (NO2)","256","35620","New York-Newark-Jersey City, NY-NJ-PA","36","New York","005","Bronx","40.8679","-73.87809"
"06/01/2026","AQS","360050133","1","20.4","ppb","19","PFIZER LAB SITE","24","100.0000","42602","Nitrogen dioxide (NO2)","256","35620","New York-Newark-Jersey City, NY-NJ-PA","36","New York","005","Bronx","40.8679","-73.87809"
"06/02/2026","AQS","360050133","1","28","ppb","26","PFIZER LAB SITE","22","92.0000","42602","Nitrogen dioxide (NO2)","256","35620","New York-Newark-Jersey City, NY-NJ-PA","36","New York","005","Bronx","40.8679","-73.87809"
"06/04/2026","AQS","360050133","1","49.2","ppb","46","PFIZER LAB SITE","24","100.0000","42602","Nitrogen dioxide (NO2)","256","35620","New York-Newark-Jersey City, NY-NJ-PA","36","New York","005","Bronx","40.8679","-73.87809"
"06/05/2026","AQS","360050133","1","49.5","ppb","46","PFIZER LAB SITE","24","100.0000","42602","Nitrogen dioxide (NO2)","256","35620","New York-Newark-Jersey City, NY-NJ-PA","36","New York","005","Bronx","40.8679","-73.87809"
"06/06/2026","AQS","360050133","1","47.6","ppb","44","PFIZER LAB SITE","24","100.0000","42602","Nitrogen dioxide (NO2)","256","35620","New York-Newark-Jersey City, NY-NJ-PA","36","New York","005","Bronx","40.8679","-73.87809"
"06/07/2026","AQS","360050133","1","6.9","ppb","6","PFIZER LAB SITE","24","100.0000","42602","Nitrogen dioxide (NO2)","256","35620","New York-Newark-Jersey City, NY-NJ-PA","36","New York","005","Bronx","40.8679","-73.87809"
"06/08/2026","AQS","360050133","1","19.8","ppb","18","PFIZER LAB SITE","24","100.0000","42602","Nitrogen dioxide (NO2)","256","35620","New York-Newark-Jersey City, NY-NJ-PA","36","New York","005","Bronx","40.8679","-73.87809"
"06/09/2026","AQS","360050133","1","25.1","ppb","24","PFIZER LAB SITE","19","79.0000","42602","Nitrogen dioxide (NO2)","256","35620","New York-Newark-Jersey City, NY-NJ-PA","36","New York","005","Bronx","40.8679","-73.87809"
"06/10/2026","AQS","360050133","1","31.6","ppb","29","PFIZER LAB SITE","24","100.0000","42602","Nitrogen dioxide (NO2)","256","35620","New York-Newark-Jersey City, NY-NJ-PA","36","New York","005","Bronx","40.8679","-73.87809"
"06/11/2026","AQS","360050133","1","22","ppb","21","PFIZER LAB SITE","24","100.0000","42602","Nitrogen dioxide (NO2)","256","35620","New York-Newark-Jersey City, NY-NJ-PA","36","New York","005","Bronx","40.8679","-73.87809"
"06/12/2026","AQS","360050133","1","17.7","ppb","16","PFIZER LAB SITE","24","100.0000","42602","Nitrogen dioxide (NO2)","256","35620","New York-Newark-Jersey City, NY-NJ-PA","36","New York","005","Bronx","40.8679","-73.87809"
"06/13/2026","AQS","360050133","1","30.9","ppb","28","PFIZER LAB SITE","24","100.0000","42602","Nitrogen dioxide (NO2)","256","35620","New York-Newark-Jersey City, NY-NJ-PA","36","New York","005","Bronx","40.8679","-73.87809"
"06/14/2026","AQS","360050133","1","35.2","ppb","33","PFIZER LAB SITE","24","100.0000","42602","Nitrogen dioxide (NO2)","256","35620","New York-Newark-Jersey City, NY-NJ-PA","36","New York","005","Bronx","40.8679","-73.87809"
"06/15/2026","AQS","360050133","1","8.2","ppb","8","PFIZER LAB SITE","24","100.0000","42602","Nitrogen dioxide (NO2)","256","35620","New York-Newark-Jersey City, NY-NJ-PA","36","New York","005","Bronx","40.8679","-73.87809"
"06/16/2026","AQS","360050133","1","14.8","ppb","13","PFIZER LAB SITE","22","92.0000","42602","Nitrogen dioxide (NO2)","256","35620","New York-Newark-Jersey City, NY-NJ-PA","36","New York","005","Bronx","40.8679","-73.87809"
"06/17/2026","AQS","360050133","1","24.5","ppb","23","PFIZER LAB SITE","24","100.0000","42602","Nitrogen dioxide (NO2)","256","35620","New York-Newark-Jersey City, NY-NJ-PA","36","New York","005","Bronx","40.8679","-73.87809"
"06/18/2026","AQS","360050133","1","14.1","ppb","13","PFIZER LAB SITE","24","100.0000","42602","Nitrogen dioxide (NO2)","256","35620","New York-Newark-Jersey City, NY-NJ-PA","36","New York","005","Bronx","40.8679","-73.87809"
"06/19/2026","AQS","360050133","1","7.1","ppb","7","PFIZER LAB SITE","24","100.0000","42602","Nitrogen dioxide (NO2)","256","35620","New York-Newark-Jersey City, NY-NJ-PA","36","New York","005","Bronx","40.8679","-73.87809"
"06/20/2026","AQS","360050133","1","7.9","ppb","7","PFIZER LAB SITE","24","100.0000","42602","Nitrogen dioxide (NO2)","256","35620","New York-Newark-Jersey City, NY-NJ-PA","36","New York","005","Bronx","40.8679","-73.87809"
"06/21/2026","AQS","360050133","1","49.3","ppb","46","PFIZER LAB SITE","24","100.0000","42602","Nitrogen dioxide (NO2)","256","35620","New York-Newark-Jersey City, NY-NJ-PA","36","New York","005","Bronx","40.8679","-73.87809"
"06/22/2026","AQS","360050133","1","44.7","ppb","42","PFIZER LAB SITE","24","100.0000","42602","Nitrogen dioxide (NO2)","256","35620","New York-Newark-Jersey City, NY-NJ-PA","36","New York","005","Bronx","40.8679","-73.87809"
"06/23/2026","AQS","360050133","1","13.4","ppb","12","PFIZER LAB SITE","19","79.0000","42602","Nitrogen dioxide (NO2)","256","35620","New York-Newark-Jersey City, NY-NJ-PA","36","New York","005","Bronx","40.8679","-73.87809"
"06/24/2026","AQS","360050133","1","14.8","ppb","13","PFIZER LAB SITE","24","100.0000","42602","Nitrogen dioxide (NO2)","256","35620","New York-Newark-Jersey City, NY-NJ-PA","36","New York","005","Bronx","40.8679","-73.87809"
"06/25/2026","AQS","360050133","1","22.5","ppb","21","PFIZER LAB SITE","24","100.0000","42602","Nitrogen dioxide (NO2)","256","35620","New York-Newark-Jersey City, NY-NJ-PA","36","New York","005","Bronx","40.8679","-73.87809"
"06/26/2026","AQS","360050133","1","23","ppb","22","PFIZER LAB SITE","24","100.0000","42602","Nitrogen dioxide (NO2)","256","35620","New York-Newark-Jersey City, NY-NJ-PA","36","New York","005","Bronx","40.8679","-73.87809"
"06/27/2026","AQS","360050133","1","26.2","ppb","25","PFIZER LAB SITE","24","100.0000","42602","Nitrogen dioxide (NO2)","256","35620","New York-Newark-Jersey City, NY-NJ-PA","36","New York","005","Bronx","40.8679","-73.87809"
"06/28/2026","AQS","360050133","1","20.9","ppb","19","PFIZER LAB SITE","24","100.0000","42602","Nitrogen dioxide (NO2)","256","35620","New York-Newark-Jersey City, NY-NJ-PA","36","New York","005","Bronx","40.8679","-73.87809"
"06/29/2026","AQS","360050133","1","34.8","ppb","32","PFIZER LAB SITE","24","100.0000","42602","Nitrogen dioxide (NO2)","256","35620","New York-Newark-Jersey City, NY-NJ-PA","36","New York","005","Bronx","40.8679","-73.87809"
"06/30/2026","AQS","360050133","1","21.5","ppb","20","PFIZER LAB SITE","22","92.0000","42602","Nitrogen dioxide (NO2)","256","35620","New York-Newark-Jersey City, NY-NJ-PA","36","New York","005","Bronx","40.8679","-73.87809"
"04/01/2026","AQS","360290005","3","8.5","ppb","8","BUFFALO","24","100.0000","42602","Nitrogen dioxide (NO2)","200","15380","Buffalo-Cheektowaga-Niagara Falls, NY","36","New York","029","Erie","42.8769066671345","-78.8095260117327"
"04/02/2026","AQS","360290005","3","14","ppb","13","BUFFALO","24","100.0000","42602","Nitrogen dioxide (NO2)","200","15380","Buffalo-Cheektowaga-Niagara Falls, NY","36","New York","029","Erie","42.8769066671345","-78.8095260117327"
"04/03/2026","AQS","360290005","3","12.2","ppb","11","BUFFALO","24","100.0000","42602","Nitrogen dioxide (NO2)","200","15380","Buffalo-Cheektowaga-Niagara Falls, NY","36","New York","029","Erie","42.8769066671345","-78.8095260117327"
"04/04/2026","AQS","360290005","3","10.3","ppb","9","BUFFALO","24","100.0000","42602","Nitrogen dioxide (NO2)","200","15380","Buffalo-Cheektowaga-Niagara Falls, NY","36","New York","029","Erie","42.8769066671345","-78.8095260117327"
"04/05/2026","AQS","360290005","3","2.3","ppb","2","BUFFALO","24","100.0000","42602","Nitrogen dioxide (NO2)","200","15380","Buffalo-Cheektowaga-Niagara Falls, NY","36","New York","029","Erie","42.8769066671345","-78.8095260117327"
"04/06/2026","AQS","360290005","3","6.5","ppb","6","BUFFALO","24","100.0000","42602","Nitrogen dioxide (NO2)","200","15380","Buffalo-Cheektowaga-Niagara Falls, NY","36","New York","029","Erie","42.8769066671345","-78.8095260117327"
"04/07/2026","AQS","360290005","3","14.1","ppb","13","BUFFALO","24","100.0000","42602","Nitrogen dioxide (NO2)","200","15380","Buffalo-Cheektowaga-Niagara Falls, NY","36","New York","029","Erie","42.8769066671345","-78.8095260117327"
"04/08/2026","AQS","360290005","3","36.8","ppb","34","BUFFALO","19","79.0000","42602","Nitrogen dioxide (NO2)","200","15380","Buffalo-Cheektowaga-Niagara Falls, NY","36","New York","029","Erie","42.8769066671345","-78.8095260117327"
"04/09/2026","AQS","360290005","3","11.2","ppb","10","BUFFALO","24","100.0000","42602","Nitrogen dioxide (NO2)","200","15380","Buffalo-Cheektowaga-Niagara Falls, NY","36","New York","029","Erie","42.8769066671345","-78.8095260117327"
"04/10/2026","AQS","360290005","3","28.8","ppb","26","BUFFALO","24","100.0000","42602","Nitrogen dioxide (NO2)","200","15380","Buffalo-Cheektowaga-Niagara Falls, NY","36","New York","029","Erie","42.8769066671345","-78.8095260117327"
"04/11/2026","AQS","360290005","3","18.3","ppb","17","BUFFALO","24","100.0000","42602","Nitrogen dioxide (NO2)","200","15380","Buffalo-Cheektowaga-Niagara Falls, NY","36","New York","029","Erie","42.8769066671345","-78.8095260117327"
"04/12/2026","AQS","360290005","3","18.6","ppb","17","BUFFALO","24","100.0000","42602","Nitrogen dioxide (NO2)","200","15380","Buffalo-Cheektowaga-Niagara Falls, NY","36","New York","029","Erie","42.8769066671345","-78.8095260117327"
"04/13/2026","AQS","360290005","3","31.2","ppb","29","BUFFALO","24","100.0000","42602","Nitrogen dioxide (NO2)","200","15380","Buffalo-Cheektowaga-Niagara Falls, NY","36","New York","029","Erie","42.8769066671345","-78.8095260117327"
"04/14/2026","AQS","360290005","3","22.2","ppb","21","BUFFALO","18","75.0000","42602","Nitrogen dioxide (NO2)","200","15380","Buffalo-Cheektowaga-Niagara Falls, NY","36","New York","029","Erie","42.8769066671345","-78.8095260117327"
"04/15/2026","AQS","360290005","3","14.6","ppb","13","BUFFALO","24","100.0000","42602","Nitrogen dioxide (NO2)","200","15380","Buffalo-Cheektowaga-Niagara Falls, NY","36","New York","029","Erie","42.8769066671345","-78.8095260117327"
"04/16/2026","AQS","360290005","3","18.9","ppb","17","BUFFALO","24","100.0000","42602","Nitrogen dioxide (NO2)","200","15380","Buffalo-Cheektowaga-Niagara Falls, NY","36","New York","029","Erie","42.8769066671345","-78.8095260117327"
"04/17/2026","AQS","360290005","3","16","ppb","15","BUFFALO","24","100.0000","42602","Nitrogen dioxide (NO2)","200","15380","Buffalo-Cheektowaga-Niagara Falls, NY","36","New York","029","Erie","42.8769066671345","-78.8095260117327"
"04/18/2026","AQS","360290005","3","19.4","ppb","18","BUFFALO","24","100.0000","42602","Nitrogen dioxide (NO2)","200","15380","Buffalo-Cheektowaga-Niagara Falls, NY","36","New York","029","Erie","42.8769066671345","-78.8095260117327"
"04/19/2026","AQS","360290005","3","7.6","ppb","7","BUFFALO","24","100.0000","42602","Nitrogen dioxide (NO2)","200","15380","Buffalo-Cheektowaga-Niagara Falls, NY","36","New York","029","Erie","42.8769066671345","-78.8095260117327"
"04/20/2026","AQS","360290005","3","6.8","ppb","6","BUFFALO","24","100.0000","42602","Nitrogen dioxide (NO2)","200","15380","Buffalo-Cheektowaga-Niagara Falls, NY","36","New York","029","Erie","42.8769066671345","-78.8095260117327"
"04/21/2026","AQS","360290005","3","28.8","ppb","26","BUFFALO","24","100.0000","42602","Nitrogen dioxide (NO2)","200","15380","Buffalo-Cheektowaga-Niagara Falls, NY","36","New York","029","Erie","42.8769066671345","-78.8095260117327"
"04/22/2026","AQS","360290005","3","24.4","ppb","23","BUFFALO","24","100.0000","42602","Nitrogen dioxide (NO2)","200","15380","Buffalo-Cheektowaga-Niagara Falls, NY","36","New York","029","Erie","42.8769066671345","-78.8095260117327"
"04/24/2026","AQS","360290005","3","28.8","ppb","26","BUFFALO","24","100.0000","42602","Nitrogen dioxide (NO2)","200","15380","Buffalo-Cheektowaga-Niagara Falls, NY","36","New York","029","Erie","42.8769066671345","-78.8095260117327"
"04/25/2026","AQS","360290005","3","7.7","ppb","7","BUFFALO","24","100.0000","42602","Nitrogen dioxide (NO2)","200","15380","Buffalo-Cheektowaga-Niagara Falls, NY","36","New York","029","Erie","42.8769066671345","-78.8095260117327"
"04/26/2026","AQS","360290005","3","28","ppb","26","BUFFALO","24","100.0000","42602","Nitrogen dioxide (NO2)","200","15380","Buffalo-Cheektowaga-Niagara Falls, NY","36","New York","029","Erie","42.8769066671345","-78.8095260117327"
"04/27/2026","AQS","360290005","3","26.1","ppb","25","BUFFALO","24","100.0000","42602","Nitrogen dioxide (NO2)","200","15380","Buffalo-Cheektowaga-Niagara Falls, NY","36","New York","029","Erie","42.8769066671345","-78.8095260117327"
"04/28/2026","AQS","360290005","3","5.5","ppb","5","BUFFALO","24","100.0000","42602","Nitrogen dioxide (NO2)","200","15380","Buffalo-Cheektowaga-Niagara Falls, NY","36","New York","029","Erie","42.8769066671345","-78.8095260117327"
"04/29/2026","AQS","360290005","3","12.4","ppb","11","BUFFALO","19","79.0000","42602","Nitrogen dioxide (NO2)","200","15380","Buffalo-Cheektowaga-Niagara Falls, NY","36","New York","029","Erie","42.8769066671345","-78.8095260117327"
"04/30/2026","AQS","360290005","3","14.8","ppb","13","BUFFALO","24","100.0000","42602","Nitrogen dioxide (NO2)","200","15380","Buffalo-Cheektowaga-Niagara Falls, NY","36","New York","029","Erie","42.8769066671345","-78.8095260117327"
"06/16/2026","AQS","360290005","3","13","ppb","12","BUFFALO","23","96.0000","42602","Nitrogen dioxide (NO2)","200","15380","Buffalo-Cheektowaga-Niagara Falls, NY","36","New York","029","Erie","42.8769066671345","-78.8095260117327"
"06/17/2026","AQS","360290005","3","10.5","ppb","9","BUFFALO","24","100.0000","42602","Nitrogen dioxide (NO2)","200","15380","Buffalo-Cheektowaga-Niagara Falls, NY","36","New York","029","Erie","42.8769066671345","-78.8095260117327"
"06/18/2026","AQS","360290005","3","2.8","ppb","2","BUFFALO","19","79.0000","42602","Nitrogen dioxide (NO2)","200","15380","Buffalo-Cheektowaga-Niagara Falls, NY","36","New York","029","Erie","42.8769066671345","-78.8095260117327"
"06/19/2026","AQS","360290005","3","2.5","ppb","2","BUFFALO","24","100.0000","42602","Nitrogen dioxide (NO2)","200","15380","Buffalo-Cheektowaga-Niagara Falls, NY","36","New York","029","Erie","42.8769066671345","-78.8095260117327"
"06/20/2026","AQS","360290005","3","3.3","ppb","3","BUFFALO","24","100.0000","42602","Nitrogen dioxide (NO2)","200","15380","Buffalo-Cheektowaga-Niagara Falls, NY","36","New York","029","Erie","42.8769066671345","-78.8095260117327"
"06/21/2026","AQS","360290005","3","13","ppb","12","BUFFALO","24","100.0000","42602","Nitrogen dioxide (NO2)","200","15380","Buffalo-Cheektowaga-Niagara Falls, NY","36","New York","029","Erie","42.8769066671345","-78.8095260117327"
"06/22/2026","AQS","360290005","3","12.3","ppb","11","BUFFALO","24","100.0000","42602","Nitrogen dioxide (NO2)","200","15380","Buffalo-Cheektowaga-Niagara Falls, NY","36","New York","029","Erie","42.8769066671345","-78.8095260117327"
"06/23/2026","AQS","360290005","3","15.8","ppb","14","BUFFALO","24","100.0000","42602","Nitrogen dioxide (NO2)","200","15380","Buffalo-Cheektowaga-Niagara Falls, NY","36","New York","029","Erie","42.8769066671345","-78.8095260117327"
"06/24/2026","AQS","360290005","3","12.6","ppb","11","BUFFALO","24","100.0000","42602","Nitrogen dioxide (NO2)","200","15380","Buffalo-Cheektowaga-Niagara Falls, NY","36","New York","029","Erie","42.8769066671345","-78.8095260117327"
"06/25/2026","AQS","360290005","3","14.7","ppb","13","BUFFALO","19","79.0000","42602","Nitrogen dioxide (NO2)","200","15380","Buffalo-Cheektowaga-Niagara Falls, NY","36","New York","029","Erie","42.8769066671345","-78.8095260117327"
"06/26/2026","AQS","360290005","3","15.9","ppb","14","BUFFALO","24","100.0000","42602","Nitrogen dioxide (NO2)","200","15380","Buffalo-Cheektowaga-Niagara Falls, NY","36","New York","029","Erie","42.8769066671345","-78.8095260117327"
"06/27/2026","AQS","360290005","3","16.1","ppb","15","BUFFALO","24","100.0000","42602","Nitrogen dioxide (NO2)","200","15380","Buffalo-Cheektowaga-Niagara Falls, NY","36","New York","029","Erie","42.8769066671345","-78.8095260117327"
"06/28/2026","AQS","360290005","3","5.7","ppb","5","BUFFALO","24","100.0000","42602","Nitrogen dioxide (NO2)","200","15380","Buffalo-Cheektowaga-Niagara Falls, NY","36","New York","029","Erie","42.8769066671345","-78.8095260117327"
"06/29/2026","AQS","360290005","3","9.8","ppb","8","BUFFALO","24","100.0000","42602","Nitrogen dioxide (NO2)","200","15380","Buffalo-Cheektowaga-Niagara Falls, NY","36","New York","029","Erie","42.8769066671345","-78.8095260117327"
"06/30/2026","AQS","360290005","3","14.3","ppb","13","BUFFALO","24","100.0000","42602","Nitrogen dioxide (NO2)","200","15380","Buffalo-Cheektowaga-Niagara Falls, NY","36","New York","029","Erie","42.8769066671345","-78.8095260117327"
"01/01/2026","AQS","360290023","1","11.8","ppb","10","Buffalo Near-Road","24","100.0000","42602","Nitrogen dioxide (NO2)","256","15380","Buffalo-Cheektowaga-Niagara Falls, NY","36","New York","029","Erie","42.9211072796373","-78.7658253281598"
"01/02/2026","AQS","360290023","1","8.9","ppb","8","Buffalo Near-Road","24","100.0000","42602","Nitrogen dioxide (NO2)","256","15380","Buffalo-Cheektowaga-Niagara Falls, NY","36","New York","029","Erie","42.9211072796373","-78.7658253281598"
"01/03/2026","AQS","360290023","1","10.4","ppb","9","Buffalo Near-Road","24","100.0000","42602","Nitrogen dioxide (NO2)","256","15380","Buffalo-Cheektowaga-Niagara Falls, NY","36","New York","029","Erie","42.9211072796373","-78.7658253281598"
"01/04/2026","AQS","360290023","1","22","ppb","21","Buffalo Near-Road","24","100.0000","42602","Nitrogen dioxide (NO2)","256","15380","Buffalo-Cheektowaga-Niagara Falls, NY","36","New York","029","Erie","42.9211072796373","-78.7658253281598"
"01/05/2026","AQS","360290023","1","22","ppb","21","Buffalo Near-Road","24","100.0000","42602","Nitrogen dioxide (NO2)","256","15380","Buffalo-Cheektowaga-Niagara Falls, NY","36","New York","029","Erie","42.9211072796373","-78.7658253281598"
"01/06/2026","AQS","360290023","1","29.8","ppb","27","Buffalo Near-Road","20","83.0000","42602","Nitrogen dioxide (NO2)","256","15380","Buffalo-Cheektowaga-Niagara Falls, NY","36","New York","029","Erie","42.9211072796373","-78.7658253281598"
"01/07/2026","AQS","360290023","1","17.5","ppb","16","Buffalo Near-Road","24","100.0000","42602","Nitrogen dioxide (NO2)","256","15380","Buffalo-Cheektowaga-Niagara Falls, NY","36","New York","029","Erie","42.9211072796373","-78.7658253281598"
"01/08/2026","AQS","360290023","1","23.8","ppb","22","Buffalo Near-Road","24","100.0000","42602","Nitrogen dioxide (NO2)","256","15380","Buffalo-Cheektowaga-Niagara Falls, NY","36","New York","029","Erie","42.9211072796373","-78.7658253281598"
"01/09/2026","AQS","360290023","1","9.7","ppb","8","Buffalo Near-Road","24","100.0000","42602","Nitrogen dioxide (NO2)","256","15380","Buffalo-Cheektowaga-Niagara Falls, NY","36","New York","029","Erie","42.9211072796373","-78.7658253281598"
"01/10/2026","AQS","360290023","1","22.1","ppb","21","Buffalo Near-Road","24","100.0000","42602","Nitrogen dioxide (NO2)","256","15380","Buffalo-Cheektowaga-Niagara Falls, NY","36","New York","029","Erie","42.9211072796373","-78.7658253281598"
"01/11/2026","AQS","360290023","1","6.8","ppb","6","Buffalo Near-Road","24","100.0000","42602","Nitrogen dioxide (NO2)","256","15380","Buffalo-Cheektowaga-Niagara Falls, NY","36","New York","029","Erie","42.9211072796373","-78.7658253281598"
"01/12/2026","AQS","360290023","1","7.9","ppb","7","Buffalo Near-Road","24","100.0000","42602","Nitrogen dioxide (NO2)","256","15380","Buffalo-Cheektowaga-Niagara Falls, NY","36","New York","029","Erie","42.9211072796373","-78.7658253281598"
"01/13/2026","AQS","360290023","1","15.1","ppb","14","Buffalo Near-Road","24","100.0000","42602","Nitrogen dioxide (NO2)","256","15380","Buffalo-Cheektowaga-Niagara Falls, NY","36","New York","029","Erie","42.9211072796373","-78.7658253281598"
"01/14/2026","AQS","360290023","1","25.2","ppb","24","Buffalo Near-Road","20","83.0000","42602","Nitrogen dioxide (NO2)","256","15380","Buffalo-Cheektowaga-Niagara Falls, NY","36","New York","029","Erie","42.9211072796373","-78.7658253281598"
"01/15/2026","AQS","360290023","1","14","ppb","13","Buffalo Near-Road","24","100.0000","42602","Nitrogen dioxide (NO2)","256","15380","Buffalo-Cheektowaga-Niagara Falls, NY","36","New York","029","Erie","42.9211072796373","-78.7658253281598"
"01/16/2026","AQS","360290023","1","32.3","ppb","30","Buffalo Near-Road","24","100.0000","42602","Nitrogen dioxide (NO2)","256","15380","Buffalo-Cheektowaga-Niagara Falls, NY","36","New York","029","Erie","42.9211072796373","-78.7658253281598"
"01/17/2026","AQS","360290023","1","13.8","ppb","12","Buffalo Near-Road","24","100.0000","42602","Nitrogen dioxide (NO2)","256","15380","Buffalo-Cheektowaga-Niagara Falls, NY","36","New York","029","Erie","42.9211072796373","-78.7658253281598"
"01/18/2026","AQS","360290023","1","13.8","ppb","12","Buffalo Near-Road","24","100.0000","42602","Nitrogen dioxide (NO2)","256","15380","Buffalo-Cheektowaga-Niagara Falls, NY","36","New York","029","Erie","42.9211072796373","-78.7658253281598"
"01/19/2026","AQS","360290023","1","9.3","ppb","8","Buffalo Near-Road","24","100.0000","42602","Nitrogen dioxide (NO2)","256","15380","Buffalo-Cheektowaga-Niagara Falls, NY","36","New York","029","Erie","42.9211072796373","-78.7658253281598"
"01/20/2026","AQS","360290023","1","8.4","ppb","8","Buffalo Near-Road","24","100.0000","42602","Nitrogen dioxide (NO2)","256","15380","Buffalo-Cheektowaga-Niagara Falls, NY","36","New York","029","Erie","42.9211072796373","-78.7658253281598"
"01/21/2026","AQS","360290023","1","24.9","ppb","23","Buffalo Near-Road","24","100.0000","42602","Nitrogen dioxide (NO2)","256","15380","Buffalo-Cheektowaga-Niagara Falls, NY","36","New York","029","Erie","42.9211072796373","-78.7658253281598"
"01/22/2026","AQS","360290023","1","11.8","ppb","10","Buffalo Near-Road","24","100.0000","42602","Nitrogen dioxide (NO2)","256","15380","Buffalo-Cheektowaga-Niagara Falls, NY","36","New York","029","Erie","42.9211072796373","-78.7658253281598"
"01/23/2026","AQS","360290023","1","7.7","ppb","7","Buffalo Near-Road","20","83.0000","42602","Nitrogen dioxide (NO2)","256","15380","Buffalo-Cheektowaga-Niagara Falls, NY","36","New York","029","Erie","42.9211072796373","-78.7658253281598"
"01/24/2026","AQS","360290023","1","39.5","ppb","37","Buffalo Near-Road","24","100.0000","42602","Nitrogen dioxide (NO2)","256","15380","Buffalo-Cheektowaga-Niagara Falls, NY","36","New York","029","Erie","42.9211072796373","-78.7658253281598"
"01/25/2026","AQS","360290023","1","11.5","ppb","10","Buffalo Near-Road","24","100.0000","42602","Nitrogen dioxide (NO2)","256","15380","Buffalo-Cheektowaga-Niagara Falls, NY","36","New York","029","Erie","42.9211072796373","-78.7658253281598"
"01/26/2026","AQS","360290023","1","28.7","ppb","26","Buffalo Near-Road","24","100.0000","42602","Nitrogen dioxide (NO2)","256","15380","Buffalo-Cheektowaga-Niagara Falls, NY","36","New York","029","Erie","42.9211072796373","-78.7658253281598"
"01/27/2026","AQS","360290023","1","13.1","ppb","12","Buffalo Near-Road","24","100.0000","42602","Nitrogen dioxide (NO2)","256","15380","Buffalo-Cheektowaga-Niagara Falls, NY","36","New York","029","Erie","42.9211072796373","-78.7658253281598"
"01/28/2026","AQS","360290023","1","12.5","ppb","11","Buffalo Near-Road","24","100.0000","42602","Nitrogen dioxide (NO2)","256","15380","Buffalo-Cheektowaga-Niagara Falls, NY","36","New York","029","Erie","42.9211072796373","-78.7658253281598"
"01/29/2026","AQS","360290023","1","30.6","ppb","28","Buffalo Near-Road","24","100.0000","42602","Nitrogen dioxide (NO2)","256","15380","Buffalo-Cheektowaga-Niagara Falls, NY","36","New York","029","Erie","42.9211072796373","-78.7658253281598"
"01/30/2026","AQS","360290023","1","35.4","ppb","33","Buffalo Near-Road","20","83.0000","42602","Nitrogen dioxide (NO2)","256","15380","Buffalo-Cheektowaga-Niagara Falls, NY","36","New York","029","Erie","42.9211072796373","-78.7658253281598"
"01/31/2026","AQS","360290023","1","17.1","ppb","16","Buffalo Near-Road","24","100.0000","42602","Nitrogen dioxide (NO2)","256","15380","Buffalo-Cheektowaga-Niagara Falls, NY","36","New York","029","Erie","42.9211072796373","-78.7658253281598"
"02/01/2026","AQS","360290023","1","30.7","ppb","28","Buffalo Near-Road","24","100.0000","42602","Nitrogen dioxide (NO2)","256","15380","Buffalo-Cheektowaga-Niagara Falls, NY","36","New York","029","Erie","42.9211072796373","-78.7658253281598"
"02/02/2026","AQS","360290023","1","50.7","ppb","47","Buffalo Near-Road","24","100.0000","42602","Nitrogen dioxide (NO2)","256","15380","Buffalo-Cheektowaga-Niagara Falls, NY","36","New York","029","Erie","42.9211072796373","-78.7658253281598"
"02/03/2026","AQS","360290023","1","22.7","ppb","21","Buffalo Near-Road","24","100.0000","42602","Nitrogen dioxide (NO2)","256","15380","Buffalo-Cheektowaga-Niagara Falls, NY","36","New York","029","Erie","42.9211072796373","-78.7658253281598"
"02/04/2026","AQS","360290023","1","40.6","ppb","38","Buffalo Near-Road","24","100.0000","42602","Nitrogen dioxide (NO2)","256","15380","Buffalo-Cheektowaga-Niagara Falls, NY","36","New York","029","Erie","42.9211072796373","-78.7658253281598"
"02/05/2026","AQS","360290023","1","35.2","ppb","33","Buffalo Near-Road","23","96.0000","42602","Nitrogen dioxide (NO2)","256","15380","Buffalo-Cheektowaga-Niagara Falls, NY","36","New York","029","Erie","42.9211072796373","-78.7658253281598"
"02/06/2026","AQS","360290023","1","26.4","ppb","25","Buffalo Near-Road","24","100.0000","42602","Nitrogen dioxide (NO2)","256","15380","Buffalo-Cheektowaga-Niagara Falls, NY","36","New York","029","Erie","42.9211072796373","-78.7658253281598"
"02/07/2026","AQS","360290023","1","10.3","ppb","9","Buffalo Near-Road","24","100.0000","42602","Nitrogen dioxide (NO2)","256","15380","Buffalo-Cheektowaga-Niagara Falls, NY","36","New York","029","Erie","42.9211072796373","-78.7658253281598"
"02/08/2026","AQS","360290023","1","41.7","ppb","39","Buffalo Near-Road","24","100.0000","42602","Nitrogen dioxide (NO2)","256","15380","Buffalo-Cheektowaga-Niagara Falls, NY","36","New York","029","Erie","42.9211072796373","-78.7658253281598"
"02/09/2026","AQS","360290023","1","42.1","ppb","40","Buffalo Near-Road","24","100.0000","42602","Nitrogen dioxide (NO2)","256","15380","Buffalo-Cheektowaga-Niagara Falls, NY","36","New York","029","Erie","42.9211072796373","-78.7658253281598"
"02/10/2026","AQS","360290023","1","39.1","ppb","37","Buffalo Near-Road","24","100.0000","42602","Nitrogen dioxide (NO2)","256","15380","Buffalo-Cheektowaga-Niagara Falls, NY","36","New York","029","Erie","42.9211072796373","-78.7658253281598"
"02/11/2026","AQS","360290023","1","9.3","ppb","8","Buffalo Near-Road","19","79.0000","42602","Nitrogen dioxide (NO2)","256","15380","Buffalo-Cheektowaga-Niagara Falls, NY","36","New York","029","Erie","42.9211072796373","-78.7658253281598"
"02/12/2026","AQS","360290023","1","16.5","ppb","15","Buffalo Near-Road","24","100.0000","42602","Nitrogen dioxide (NO2)","256","15380","Buffalo-Cheektowaga-Niagara Falls, NY","36","New York","029","Erie","42.9211072796373","-78.7658253281598"
"02/13/2026","AQS","360290023","1","13.6","ppb","12","Buffalo Near-Road","24","100.0000","42602","Nitrogen dioxide (NO2)","256","15380","Buffalo-Cheektowaga-Niagara Falls, NY","36","New York","029","Erie","42.9211072796373","-78.7658253281598"
"02/14/2026","AQS","360290023","1","43.2","ppb","41","Buffalo Near-Road","24","100.0000","42602","Nitrogen dioxide (NO2)","256","15380","Buffalo-Cheektowaga-Niagara Falls, NY","36","New York","029","Erie","42.9211072796373","-78.7658253281598"
"02/15/2026","AQS","360290023","1","32.8","ppb","30","Buffalo Near-Road","24","100.0000","42602","Nitrogen dioxide (NO2)","256","15380","Buffalo-Cheektowaga-Niagara Falls, NY","36","New York","029","Erie","42.9211072796373","-78.7658253281598"
"02/16/2026","AQS","360290023","1","38","ppb","36","Buffalo Near-Road","24","100.0000","42602","Nitrogen dioxide (NO2)","256","15380","Buffalo-Cheektowaga-Niagara Falls, NY","36","New York","029","Erie","42.9211072796373","-78.7658253281598"
"02/17/2026","AQS","360290023","1","33.5","ppb","31","Buffalo Near-Road","23","96.0000","42602","Nitrogen dioxide (NO2)","256","15380","Buffalo-Cheektowaga-Niagara Falls, NY","36","New York","029","Erie","42.9211072796373","-78.7658253281598"
"02/18/2026","AQS","360290023","1","11","ppb","10","Buffalo Near-Road","22","92.0000","42602","Nitrogen dioxide (NO2)","256","15380","Buffalo-Cheektowaga-Niagara Falls, NY","36","New York","029","Erie","42.9211072796373","-78.7658253281598"
"02/19/2026","AQS","360290023","1","11.4","ppb","10","Buffalo Near-Road","19","79.0000","42602","Nitrogen dioxide (NO2)","256","15380","Buffalo-Cheektowaga-Niagara Falls, NY","36","New York","029","Erie","42.9211072796373","-78.7658253281598"
"02/20/2026","AQS","360290023","1","9.5","ppb","8","Buffalo Near-Road","24","100.0000","42602","Nitrogen dioxide (NO2)","256","15380","Buffalo-Cheektowaga-Niagara Falls, NY","36","New York","029","Erie","42.9211072796373","-78.7658253281598"
"02/21/2026","AQS","360290023","1","8.5","ppb","8","Buffalo Near-Road","24","100.0000","42602","Nitrogen dioxide (NO2)","256","15380","Buffalo-Cheektowaga-Niagara Falls, NY","36","New York","029","Erie","42.9211072796373","-78.7658253281598"
"02/22/2026","AQS","360290023","1","13.5","ppb","12","Buffalo Near-Road","24","100.0000","42602","Nitrogen dioxide (NO2)","256","15380","Buffalo-Cheektowaga-Niagara Falls, NY","36","New York","029","Erie","42.9211072796373","-78.7658253281598"
"02/23/2026","AQS","360290023","1","11.9","ppb","10","Buffalo Near-Road","24","100.0000","42602","Nitrogen dioxide (NO2)","256","15380","Buffalo-Cheektowaga-Niagara Falls, NY","36","New York","029","Erie","42.9211072796373","-78.7658253281598"
"02/24/2026","AQS","360290023","1","16.3","ppb","15","Buffalo Near-Road","24","100.0000","42602","Nitrogen dioxide (NO2)","256","15380","Buffalo-Cheektowaga-Niagara Falls, NY","36","New York","029","Erie","42.9211072796373","-78.7658253281598"
"02/25/2026","AQS","360290023","1","9.8","ppb","8","Buffalo Near-Road","20","83.0000","42602","Nitrogen dioxide (NO2)","256","15380","Buffalo-Cheektowaga-Niagara Falls, NY","36","New York","029","Erie","42.9211072796373","-78.7658253281598"
"02/26/2026","AQS","360290023","1","40.3","ppb","38","Buffalo Near-Road","24","100.0000","42602","Nitrogen dioxide (NO2)","256","15380","Buffalo-Cheektowaga-Niagara Falls, NY","36","New York","029","Erie","42.9211072796373","-78.7658253281598"
"02/27/2026","AQS","360290023","1","44.3","ppb","42","Buffalo Near-Road","24","100.0000","42602","Nitrogen dioxide (NO2)","256","15380","Buffalo-Cheektowaga-Niagara Falls, NY","36","New York","029","Erie","42.9211072796373","-78.7658253281598"
"02/28/2026","AQS","360290023","1","7.9","ppb","7","Buffalo Near-Road","24","100.0000","42602","Nitrogen dioxide (NO2)","256","15380","Buffalo-Cheektowaga-Niagara Falls, NY","36","New York","029","Erie","42.9211072796373","-78.7658253281598"
"03/01/2026","AQS","360290023","1","13.5","ppb","12","Buffalo Near-Road","24","100.0000","42602","Nitrogen dioxide (NO2)","256","15380","Buffalo-Cheektowaga-Niagara Falls, NY","36","New York","029","Erie","42.9211072796373","-78.7658253281598"
"03/02/2026","AQS","360290023","1","32.4","ppb","30","Buffalo Near-Road","24","100.0000","42602","Nitrogen dioxide (NO2)","256","15380","Buffalo-Cheektowaga-Niagara Falls, NY","36","New York","029","Erie","42.9211072796373","-78.7658253281598"
"03/03/2026","AQS","360290023","1","34.9","ppb","32","Buffalo Near-Road","24","100.0000","42602","Nitrogen dioxide (NO2)","256","15380","Buffalo-Cheektowaga-Niagara Falls, NY","36","New York","029","Erie","42.9211072796373","-78.7658253281598"
"03/04/2026","AQS","360290023","1","29.2","ppb","27","Buffalo Near-Road","24","100.0000","42602","Nitrogen dioxide (NO2)","256","15380","Buffalo-Cheektowaga-Niagara Falls, NY","36","New York","029","Erie","42.9211072796373","-78.7658253281598"
"03/05/2026","AQS","360290023","1","27.5","ppb","25","Buffalo Near-Road","19","79.0000","42602","Nitrogen dioxide (NO2)","256","15380","Buffalo-Cheektowaga-Niagara Falls, NY","36","New York","029","Erie","42.9211072796373","-78.7658253281598"
"03/06/2026","AQS","360290023","1","13.4","ppb","12","Buffalo Near-Road","24","100.0000","42602","Nitrogen dioxide (NO2)","256","15380","Buffalo-Cheektowaga-Niagara Falls, NY","36","New York","029","Erie","42.9211072796373","-78.7658253281598"
"03/07/2026","AQS","360290023","1","11","ppb","10","Buffalo Near-Road","24","100.0000","42602","Nitrogen dioxide (NO2)","256","15380","Buffalo-Cheektowaga-Niagara Falls, NY","36","New York","029","Erie","42.9211072796373","-78.7658253281598"
"03/08/2026","AQS","360290023","1","12.6","ppb","11","Buffalo Near-Road","24","100.0000","42602","Nitrogen dioxide (NO2)","256","15380","Buffalo-Cheektowaga-Niagara Falls, NY","36","New York","029","Erie","42.9211072796373","-78.7658253281598"
"03/09/2026","AQS","360290023","1","31.5","ppb","29","Buffalo Near-Road","24","100.0000","42602","Nitrogen dioxide (NO2)","256","15380","Buffalo-Cheektowaga-Niagara Falls, NY","36","New York","029","Erie","42.9211072796373","-78.7658253281598"
"03/10/2026","AQS","360290023","1","25.6","ppb","24","Buffalo Near-Road","24","100.0000","42602","Nitrogen dioxide (NO2)","256","15380","Buffalo-Cheektowaga-Niagara Falls, NY","36","New York","029","Erie","42.9211072796373","-78.7658253281598"
"03/11/2026","AQS","360290023","1","23.7","ppb","22","Buffalo Near-Road","24","100.0000","42602","Nitrogen dioxide (NO2)","256","15380","Buffalo-Cheektowaga-Niagara Falls, NY","36","New York","029","Erie","42.9211072796373","-78.7658253281598"
"03/14/2026","AQS","360290023","1","18.6","ppb","17","Buffalo Near-Road","24","100.0000","42602","Nitrogen dioxide (NO2)","256","15380","Buffalo-Cheektowaga-Niagara Falls, NY","36","New York","029","Erie","42.9211072796373","-78.7658253281598"
"03/15/2026","AQS","360290023","1","8.1","ppb","8","Buffalo Near-Road","24","100.0000","42602","Nitrogen dioxide (NO2)","256","15380","Buffalo-Cheektowaga-Niagara Falls, NY","36","New York","029","Erie","42.9211072796373","-78.7658253281598"
"03/16/2026","AQS","360290023","1","11.7","ppb","10","Buffalo Near-Road","24","100.0000","42602","Nitrogen dioxide (NO2)","256","15380","Buffalo-Cheektowaga-Niagara Falls, NY","36","New York","029","Erie","42.9211072796373","-78.7658253281598"
"03/17/2026","AQS","360290023","1","15.1","ppb","14","Buffalo Near-Road","24","100.0000","42602","Nitrogen dioxide (NO2)","256","15380","Buffalo-Cheektowaga-Niagara Falls, NY","36","New York","029","Erie","42.9211072796373","-78.7658253281598"
"03/18/2026","AQS","360290023","1","32.7","ppb","30","Buffalo Near-Road","24","100.0000","42602","Nitrogen dioxide (NO2)","256","15380","Buffalo-Cheektowaga-Niagara Falls, NY","36","New York","029","Erie","42.9211072796373","-78.7658253281598"
"03/19/2026","AQS","360290023","1","23.8","ppb","22","Buffalo Near-Road","19","79.0000","42602","Nitrogen dioxide (NO2)","256","15380","Buffalo-Cheektowaga-Niagara Falls, NY","36","New York","029","Erie","42.9211072796373","-78.7658253281598"
"03/20/2026","AQS","360290023","1","29.4","ppb","27","Buffalo Near-Road","24","100.0000","42602","Nitrogen dioxide (NO2)","256","15380","Buffalo-Cheektowaga-Niagara Falls, NY","36","New York","029","Erie","42.9211072796373","-78.7658253281598"
"03/21/2026","AQS","360290023","1","9.9","ppb","8","Buffalo Near-Road","24","100.0000","42602","Nitrogen dioxide (NO2)","256","15380","Buffalo-Cheektowaga-Niagara Falls, NY","36","New York","029","Erie","42.9211072796373","-78.7658253281598"
"03/22/2026","AQS","360290023","1","24.6","ppb","23","Buffalo Near-Road","24","100.0000","42602","Nitrogen dioxide (NO2)","256","15380","Buffalo-Cheektowaga-Niagara Falls, NY","36","New York","029","Erie","42.9211072796373","-78.7658253281598"
"03/23/2026","AQS","360290023","1","10.5","ppb","9","Buffalo Near-Road","24","100.0000","42602","Nitrogen dioxide (NO2)","256","15380","Buffalo-Cheektowaga-Niagara Falls, NY","36","New York","029","Erie","42.9211072796373","-78.7658253281598"
"03/24/2026","AQS","360290023","1","31.9","ppb","29","Buffalo Near-Road","24","100.0000","42602","Nitrogen dioxide (NO2)","256","15380","Buffalo-Cheektowaga-Niagara Falls, NY","36","New York","029","Erie","42.9211072796373","-78.7658253281598"
"03/25/2026","AQS","360290023","1","36.6","ppb","34","Buffalo Near-Road","24","100.0000","42602","Nitrogen dioxide (NO2)","256","15380","Buffalo-Cheektowaga-Niagara Falls, NY","36","New York","029","Erie","42.9211072796373","-78.7658253281598"
"03/26/2026","AQS","360290023","1","27","ppb","25","Buffalo Near-Road","20","83.0000","42602","Nitrogen dioxide (NO2)","256","15380","Buffalo-Cheektowaga-Niagara Falls, NY","36","New York","029","Erie","42.9211072796373","-78.7658253281598"
"03/27/2026","AQS","360290023","1","15.1","ppb","14","Buffalo Near-Road","24","100.0000","42602","Nitrogen dioxide (NO2)","256","15380","Buffalo-Cheektowaga-Niagara Falls, NY","36","New York","029","Erie","42.9211072796373","-78.7658253281598"
"03/28/2026","AQS","360290023","1","22.7","ppb","21","Buffalo Near-Road","24","100.0000","42602","Nitrogen dioxide (NO2)","256","15380","Buffalo-Cheektowaga-Niagara Falls, NY","36","New York","029","Erie","42.9211072796373","-78.7658253281598"
"03/29/2026","AQS","360290023","1","32.3","ppb","30","Buffalo Near-Road","24","100.0000","42602","Nitrogen dioxide (NO2)","256","15380","Buffalo-Cheektowaga-Niagara Falls, NY","36","New York","029","Erie","42.9211072796373","-78.7658253281598"
"03/30/2026","AQS","360290023","1","39.4","ppb","37","Buffalo Near-Road","24","100.0000","42602","Nitrogen dioxide (NO2)","256","15380","Buffalo-Cheektowaga-Niagara Falls, NY","36","New York","029","Erie","42.9211072796373","-78.7658253281598"
"03/31/2026","AQS","360290023","1","18.2","ppb","17","Buffalo Near-Road","24","100.0000","42602","Nitrogen dioxide (NO2)","256","15380","Buffalo-Cheektowaga-Niagara Falls, NY","36","New York","029","Erie","42.9211072796373","-78.7658253281598"
"04/01/2026","AQS","360290023","1","10.1","ppb","9","Buffalo Near-Road","24","100.0000","42602","Nitrogen dioxide (NO2)","256","15380","Buffalo-Cheektowaga-Niagara Falls, NY","36","New York","029","Erie","42.9211072796373","-78.7658253281598"
"04/02/2026","AQS","360290023","1","13.3","ppb","12","Buffalo Near-Road","20","83.0000","42602","Nitrogen dioxide (NO2)","256","15380","Buffalo-Cheektowaga-Niagara Falls, NY","36","New York","029","Erie","42.9211072796373","-78.7658253281598"
"04/03/2026","AQS","360290023","1","9.2","ppb","8","Buffalo Near-Road","24","100.0000","42602","Nitrogen dioxide (NO2)","256","15380","Buffalo-Cheektowaga-Niagara Falls, NY","36","New York","029","Erie","42.9211072796373","-78.7658253281598"
"04/04/2026","AQS","360290023","1","9.7","ppb","8","Buffalo Near-Road","24","100.0000","42602","Nitrogen dioxide (NO2)","256","15380","Buffalo-Cheektowaga-Niagara Falls, NY","36","New York","029","Erie","42.9211072796373","-78.7658253281598"
"04/05/2026","AQS","360290023","1","4.3","ppb","4","Buffalo Near-Road","24","100.0000","42602","Nitrogen dioxide (NO2)","256","15380","Buffalo-Cheektowaga-Niagara Falls, NY","36","New York","029","Erie","42.9211072796373","-78.7658253281598"
"04/06/2026","AQS","360290023","1","18","ppb","17","Buffalo Near-Road","24","100.0000","42602","Nitrogen dioxide (NO2)","256","15380","Buffalo-Cheektowaga-Niagara Falls, NY","36","New York","029","Erie","42.9211072796373","-78.7658253281598"
"04/07/2026","AQS","360290023","1","21.8","ppb","20","Buffalo Near-Road","24","100.0000","42602","Nitrogen dioxide (NO2)","256","15380","Buffalo-Cheektowaga-Niagara Falls, NY","36","New York","029","Erie","42.9211072796373","-78.7658253281598"
"04/08/2026","AQS","360290023","1","26.7","ppb","25","Buffalo Near-Road","24","100.0000","42602","Nitrogen dioxide (NO2)","256","15380","Buffalo-Cheektowaga-Niagara Falls, NY","36","New York","029","Erie","42.9211072796373","-78.7658253281598"
"04/09/2026","AQS","360290023","1","21.2","ppb","20","Buffalo Near-Road","19","79.0000","42602","Nitrogen dioxide (NO2)","256","15380","Buffalo-Cheektowaga-Niagara Falls, NY","36","New York","029","Erie","42.9211072796373","-78.7658253281598"
"04/10/2026","AQS","360290023","1","32.5","ppb","30","Buffalo Near-Road","24","100.0000","42602","Nitrogen dioxide (NO2)","256","15380","Buffalo-Cheektowaga-Niagara Falls, NY","36","New York","029","Erie","42.9211072796373","-78.7658253281598"
"04/11/2026","AQS","360290023","1","28.2","ppb","26","Buffalo Near-Road","24","100.0000","42602","Nitrogen dioxide (NO2)","256","15380","Buffalo-Cheektowaga-Niagara Falls, NY","36","New York","029","Erie","42.9211072796373","-78.7658253281598"
"04/12/2026","AQS","360290023","1","19","ppb","18","Buffalo Near-Road","24","100.0000","42602","Nitrogen dioxide (NO2)","256","15380","Buffalo-Cheektowaga-Niagara Falls, NY","36","New York","029","Erie","42.9211072796373","-78.7658253281598"
"04/13/2026","AQS","360290023","1","21.1","ppb","20","Buffalo Near-Road","24","100.0000","42602","Nitrogen dioxide (NO2)","256","15380","Buffalo-Cheektowaga-Niagara Falls, NY","36","New York","029","Erie","42.9211072796373","-78.7658253281598"
"04/14/2026","AQS","360290023","1","23.4","ppb","22","Buffalo Near-Road","24","100.0000","42602","Nitrogen dioxide (NO2)","256","15380","Buffalo-Cheektowaga-Niagara Falls, NY","36","New York","029","Erie","42.9211072796373","-78.7658253281598"
"04/15/2026","AQS","360290023","1","15.7","ppb","14","Buffalo Near-Road","24","100.0000","42602","Nitrogen dioxide (NO2)","256","15380","Buffalo-Cheektowaga-Niagara Falls, NY","36","New York","029","Erie","42.9211072796373","-78.7658253281598"
"04/16/2026","AQS","360290023","1","24.7","ppb","23","Buffalo Near-Road","24","100.0000","42602","Nitrogen dioxide (NO2)","256","15380","Buffalo-Cheektowaga-Niagara Falls, NY","36","New York","029","Erie","42.9211072796373","-78.7658253281598"
"04/17/2026","AQS","360290023","1","14.5","ppb","13","Buffalo Near-Road","24","100.0000","42602","Nitrogen dioxide (NO2)","256","15380","Buffalo-Cheektowaga-Niagara Falls, NY","36","New York","029","Erie","42.9211072796373","-78.7658253281598"
"04/18/2026","AQS","360290023","1","26.4","ppb","25","Buffalo Near-Road","24","100.0000","42602","Nitrogen dioxide (NO2)","256","15380","Buffalo-Cheektowaga-Niagara Falls, NY","36","New York","029","Erie","42.9211072796373","-78.7658253281598"
"04/19/2026","AQS","360290023","1","9.4","ppb","8","Buffalo Near-Road","24","100.0000","42602","Nitrogen dioxide (NO2)","256","15380","Buffalo-Cheektowaga-Niagara Falls, NY","36","New York","029","Erie","42.9211072796373","-78.7658253281598"
"04/20/2026","AQS","360290023","1","10.6","ppb","9","Buffalo Near-Road","24","100.0000","42602","Nitrogen dioxide (NO2)","256","15380","Buffalo-Cheektowaga-Niagara Falls, NY","36","New York","029","Erie","42.9211072796373","-78.7658253281598"
"04/21/2026","AQS","360290023","1","22.8","ppb","21","Buffalo Near-Road","24","100.0000","42602","Nitrogen dioxide (NO2)","256","15380","Buffalo-Cheektowaga-Niagara Falls, NY","36","New York","029","Erie","42.9211072796373","-78.7658253281598"
"04/22/2026","AQS","360290023","1","34.4","ppb","32","Buffalo Near-Road","24","100.0000","42602","Nitrogen dioxide (NO2)","256","15380","Buffalo-Cheektowaga-Niagara Falls, NY","36","New York","029","Erie","42.9211072796373","-78.7658253281598"
"04/23/2026","AQS","360290023","1","32.2","ppb","30","Buffalo Near-Road","19","79.0000","42602","Nitrogen dioxide (NO2)","256","15380","Buffalo-Cheektowaga-Niagara Falls, NY","36","New York","029","Erie","42.9211072796373","-78.7658253281598"
"04/24/2026","AQS","360290023","1","11.8","ppb","10","Buffalo Near-Road","24","100.0000","42602","Nitrogen dioxide (NO2)","256","15380","Buffalo-Cheektowaga-Niagara Falls, NY","36","New York","029","Erie","42.9211072796373","-78.7658253281598"
"04/25/2026","AQS","360290023","1","6.3","ppb","6","Buffalo Near-Road","24","100.0000","42602","Nitrogen dioxide (NO2)","256","15380","Buffalo-Cheektowaga-Niagara Falls, NY","36","New York","029","Erie","42.9211072796373","-78.7658253281598"
"04/26/2026","AQS","360290023","1","17","ppb","16","Buffalo Near-Road","24","100.0000","42602","Nitrogen dioxide (NO2)","256","15380","Buffalo-Cheektowaga-Niagara Falls, NY","36","New York","029","Erie","42.9211072796373","-78.7658253281598"
"04/27/2026","AQS","360290023","1","21.1","ppb","20","Buffalo Near-Road","24","100.0000","42602","Nitrogen dioxide (NO2)","256","15380","Buffalo-Cheektowaga-Niagara Falls, NY","36","New York","029","Erie","42.9211072796373","-78.7658253281598"
"04/28/2026","AQS","360290023","1","12","ppb","11","Buffalo Near-Road","24","100.0000","42602","Nitrogen dioxide (NO2)","256","15380","Buffalo-Cheektowaga-Niagara Falls, NY","36","New York","029","Erie","42.9211072796373","-78.7658253281598"
"04/29/2026","AQS","360290023","1","20.5","ppb","19","Buffalo Near-Road","24","100.0000","42602","Nitrogen dioxide (NO2)","256","15380","Buffalo-Cheektowaga-Niagara Falls, NY","36","New York","029","Erie","42.9211072796373","-78.7658253281598"
"04/30/2026","AQS","360290023","1","19.6","ppb","18","Buffalo Near-Road","19","79.0000","42602","Nitrogen dioxide (NO2)","256","15380","Buffalo-Cheektowaga-Niagara Falls, NY","36","New York","029","Erie","42.9211072796373","-78.7658253281598"
"05/01/2026","AQS","360290023","1","26.3","ppb","25","Buffalo Near-Road","24","100.0000","42602","Nitrogen dioxide (NO2)","256","15380","Buffalo-Cheektowaga-Niagara Falls, NY","36","New York","029","Erie","42.9211072796373","-78.7658253281598"
"05/02/2026","AQS","360290023","1","15","ppb","14","Buffalo Near-Road","24","100.0000","42602","Nitrogen dioxide (NO2)","256","15380","Buffalo-Cheektowaga-Niagara Falls, NY","36","New York","029","Erie","42.9211072796373","-78.7658253281598"
"05/03/2026","AQS","360290023","1","22.2","ppb","21","Buffalo Near-Road","24","100.0000","42602","Nitrogen dioxide (NO2)","256","15380","Buffalo-Cheektowaga-Niagara Falls, NY","36","New York","029","Erie","42.9211072796373","-78.7658253281598"
"05/04/2026","AQS","360290023","1","30.3","ppb","28","Buffalo Near-Road","24","100.0000","42602","Nitrogen dioxide (NO2)","256","15380","Buffalo-Cheektowaga-Niagara Falls, NY","36","New York","029","Erie","42.9211072796373","-78.7658253281598"
"05/05/2026","AQS","360290023","1","15.1","ppb","14","Buffalo Near-Road","24","100.0000","42602","Nitrogen dioxide (NO2)","256","15380","Buffalo-Cheektowaga-Niagara Falls, NY","36","New York","029","Erie","42.9211072796373","-78.7658253281598"
"05/06/2026","AQS","360290023","1","15.3","ppb","14","Buffalo Near-Road","24","100.0000","42602","Nitrogen dioxide (NO2)","256","15380","Buffalo-Cheektowaga-Niagara Falls, NY","36","New York","029","Erie","42.9211072796373","-78.7658253281598"
"05/07/2026","AQS","360290023","1","24.3","ppb","23","Buffalo Near-Road","19","79.0000","42602","Nitrogen dioxide (NO2)","256","15380","Buffalo-Cheektowaga-Niagara Falls, NY","36","New York","029","Erie","42.9211072796373","-78.7658253281598"
"05/08/2026","AQS","360290023","1","21.4","ppb","20","Buffalo Near-Road","24","100.0000","42602","Nitrogen dioxide (NO2)","256","15380","Buffalo-Cheektowaga-Niagara Falls, NY","36","New York","029","Erie","42.9211072796373","-78.7658253281598"
"05/09/2026","AQS","360290023","1","16.3","ppb","15","Buffalo Near-Road","24","100.0000","42602","Nitrogen dioxide (NO2)","256","15380","Buffalo-Cheektowaga-Niagara Falls, NY","36","New York","029","Erie","42.9211072796373","-78.7658253281598"
"05/10/2026","AQS","360290023","1","14.6","ppb","13","Buffalo Near-Road","24","100.0000","42602","Nitrogen dioxide (NO2)","256","15380","Buffalo-Cheektowaga-Niagara Falls, NY","36","New York","029","Erie","42.9211072796373","-78.7658253281598"
"05/11/2026","AQS","360290023","1","30.7","ppb","28","Buffalo Near-Road","24","100.0000","42602","Nitrogen dioxide (NO2)","256","15380","Buffalo-Cheektowaga-Niagara Falls, NY","36","New York","029","Erie","42.9211072796373","-78.7658253281598"
"05/12/2026","AQS","360290023","1","23.7","ppb","22","Buffalo Near-Road","24","100.0000","42602","Nitrogen dioxide (NO2)","256","15380","Buffalo-Cheektowaga-Niagara Falls, NY","36","New York","029","Erie","42.9211072796373","-78.7658253281598"
"05/14/2026","AQS","360290023","1","12.9","ppb","11","Buffalo Near-Road","24","100.0000","42602","Nitrogen dioxide (NO2)","256","15380","Buffalo-Cheektowaga-Niagara Falls, NY","36","New York","029","Erie","42.9211072796373","-78.7658253281598"
"05/15/2026","AQS","360290023","1","25.7","ppb","24","Buffalo Near-Road","24","100.0000","42602","Nitrogen dioxide (NO2)","256","15380","Buffalo-Cheektowaga-Niagara Falls, NY","36","New York","029","Erie","42.9211072796373","-78.7658253281598"
"05/16/2026","AQS","360290023","1","14.8","ppb","13","Buffalo Near-Road","24","100.0000","42602","Nitrogen dioxide (NO2)","256","15380","Buffalo-Cheektowaga-Niagara Falls, NY","36","New York","029","Erie","42.9211072796373","-78.7658253281598"
"05/17/2026","AQS","360290023","1","18.1","ppb","17","Buffalo Near-Road","24","100.0000","42602","Nitrogen dioxide (NO2)","256","15380","Buffalo-Cheektowaga-Niagara Falls, NY","36","New York","029","Erie","42.9211072796373","-78.7658253281598"
"05/18/2026","AQS","360290023","1","17.9","ppb","16","Buffalo Near-Road","24","100.0000","42602","Nitrogen dioxide (NO2)","256","15380","Buffalo-Cheektowaga-Niagara Falls, NY","36","New York","029","Erie","42.9211072796373","-78.7658253281598"
"05/19/2026","AQS","360290023","1","17.5","ppb","16","Buffalo Near-Road","24","100.0000","42602","Nitrogen dioxide (NO2)","256","15380","Buffalo-Cheektowaga-Niagara Falls, NY","36","New York","029","Erie","42.9211072796373","-78.7658253281598"
"05/20/2026","AQS","360290023","1","14.2","ppb","13","Buffalo Near-Road","23","96.0000","42602","Nitrogen dioxide (NO2)","256","15380","Buffalo-Cheektowaga-Niagara Falls, NY","36","New York","029","Erie","42.9211072796373","-78.7658253281598"
"05/21/2026","AQS","360290023","1","9.2","ppb","8","Buffalo Near-Road","18","75.0000","42602","Nitrogen dioxide (NO2)","256","15380","Buffalo-Cheektowaga-Niagara Falls, NY","36","New York","029","Erie","42.9211072796373","-78.7658253281598"
"05/22/2026","AQS","360290023","1","3.9","ppb","3","Buffalo Near-Road","24","100.0000","42602","Nitrogen dioxide (NO2)","256","15380","Buffalo-Cheektowaga-Niagara Falls, NY","36","New York","029","Erie","42.9211072796373","-78.7658253281598"
"05/23/2026","AQS","360290023","1","3.8","ppb","3","Buffalo Near-Road","24","100.0000","42602","Nitrogen dioxide (NO2)","256","15380","Buffalo-Cheektowaga-Niagara Falls, NY","36","New York","029","Erie","42.9211072796373","-78.7658253281598"
"05/24/2026","AQS","360290023","1","11.4","ppb","10","Buffalo Near-Road","24","100.0000","42602","Nitrogen dioxide (NO2)","256","15380","Buffalo-Cheektowaga-Niagara Falls, NY","36","New York","029","Erie","42.9211072796373","-78.7658253281598"
"05/25/2026","AQS","360290023","1","11.9","ppb","10","Buffalo Near-Road","24","100.0000","42602","Nitrogen dioxide (NO2)","256","15380","Buffalo-Cheektowaga-Niagara Falls, NY","36","New York","029","Erie","42.9211072796373","-78.7658253281598"
"05/26/2026","AQS","360290023","1","16.9","ppb","15","Buffalo Near-Road","24","100.0000","42602","Nitrogen dioxide (NO2)","256","15380","Buffalo-Cheektowaga-Niagara Falls, NY","36","New York","029","Erie","42.9211072796373","-78.7658253281598"
"05/27/2026","AQS","360290023","1","18.7","ppb","17","Buffalo Near-Road","24","100.0000","42602","Nitrogen dioxide (NO2)","256","15380","Buffalo-Cheektowaga-Niagara Falls, NY","36","New York","029","Erie","42.9211072796373","-78.7658253281598"
"05/28/2026","AQS","360290023","1","27.6","ppb","25","Buffalo Near-Road","18","75.0000","42602","Nitrogen dioxide (NO2)","256","15380","Buffalo-Cheektowaga-Niagara Falls, NY","36","New York","029","Erie","42.9211072796373","-78.7658253281598"
"05/29/2026","AQS","360290023","1","23.9","ppb","22","Buffalo Near-Road","24","100.0000","42602","Nitrogen dioxide (NO2)","256","15380","Buffalo-Cheektowaga-Niagara Falls, NY","36","New York","029","Erie","42.9211072796373","-78.7658253281598"
"05/30/2026","AQS","360290023","1","19.4","ppb","18","Buffalo Near-Road","24","100.0000","42602","Nitrogen dioxide (NO2)","256","15380","Buffalo-Cheektowaga-Niagara Falls, NY","36","New York","029","Erie","42.9211072796373","-78.7658253281598"
"05/31/2026","AQS","360290023","1","17.1","ppb","16","Buffalo Near-Road","24","100.0000","42602","Nitrogen dioxide (NO2)","256","15380","Buffalo-Cheektowaga-Niagara Falls, NY","36","New York","029","Erie","42.9211072796373","-78.7658253281598"
"06/01/2026","AQS","360290023","1","23.2","ppb","22","Buffalo Near-Road","24","100.0000","42602","Nitrogen dioxide (NO2)","256","15380","Buffalo-Cheektowaga-Niagara Falls, NY","36","New York","029","Erie","42.9211072796373","-78.7658253281598"
"06/02/2026","AQS","360290023","1","35.7","ppb","33","Buffalo Near-Road","24","100.0000","42602","Nitrogen dioxide (NO2)","256","15380","Buffalo-Cheektowaga-Niagara Falls, NY","36","New York","029","Erie","42.9211072796373","-78.7658253281598"
"06/03/2026","AQS","360290023","1","27.8","ppb","25","Buffalo Near-Road","23","96.0000","42602","Nitrogen dioxide (NO2)","256","15380","Buffalo-Cheektowaga-Niagara Falls, NY","36","New York","029","Erie","42.9211072796373","-78.7658253281598"
"06/04/2026","AQS","360290023","1","35.5","ppb","33","Buffalo Near-Road","19","79.0000","42602","Nitrogen dioxide (NO2)","256","15380","Buffalo-Cheektowaga-Niagara Falls, NY","36","New York","029","Erie","42.9211072796373","-78.7658253281598"
"06/05/2026","AQS","360290023","1","20.1","ppb","19","Buffalo Near-Road","24","100.0000","42602","Nitrogen dioxide (NO2)","256","15380","Buffalo-Cheektowaga-Niagara Falls, NY","36","New York","029","Erie","42.9211072796373","-78.7658253281598"
"06/06/2026","AQS","360290023","1","9","ppb","8","Buffalo Near-Road","24","100.0000","42602","Nitrogen dioxide (NO2)","256","15380","Buffalo-Cheektowaga-Niagara Falls, NY","36","New York","029","Erie","42.9211072796373","-78.7658253281598"
"06/07/2026","AQS","360290023","1","15.4","ppb","14","Buffalo Near-Road","24","100.0000","42602","Nitrogen dioxide (NO2)","256","15380","Buffalo-Cheektowaga-Niagara Falls, NY","36","New York","029","Erie","42.9211072796373","-78.7658253281598"
"06/08/2026","AQS","360290023","1","8.7","ppb","8","Buffalo Near-Road","24","100.0000","42602","Nitrogen dioxide (NO2)","256","15380","Buffalo-Cheektowaga-Niagara Falls, NY","36","New York","029","Erie","42.9211072796373","-78.7658253281598"
"06/09/2026","AQS","360290023","1","16.8","ppb","15","Buffalo Near-Road","24","100.0000","42602","Nitrogen dioxide (NO2)","256","15380","Buffalo-Cheektowaga-Niagara Falls, NY","36","New York","029","Erie","42.9211072796373","-78.7658253281598"
"06/10/2026","AQS","360290023","1","15.6","ppb","14","Buffalo Near-Road","24","100.0000","42602","Nitrogen dioxide (NO2)","256","15380","Buffalo-Cheektowaga-Niagara Falls, NY","36","New York","029","Erie","42.9211072796373","-78.7658253281598"
"06/12/2026","AQS","360290023","1","13.9","ppb","12","Buffalo Near-Road","24","100.0000","42602","Nitrogen dioxide (NO2)","256","15380","Buffalo-Cheektowaga-Niagara Falls, NY","36","New York","029","Erie","42.9211072796373","-78.7658253281598"
"06/13/2026","AQS","360290023","1","12.5","ppb","11","Buffalo Near-Road","24","100.0000","42602","Nitrogen dioxide (NO2)","256","15380","Buffalo-Cheektowaga-Niagara Falls, NY","36","New York","029","Erie","42.9211072796373","-78.7658253281598"
"06/14/2026","AQS","360290023","1","7.7","ppb","7","Buffalo Near-Road","24","100.0000","42602","Nitrogen dioxide (NO2)","256","15380","Buffalo-Cheektowaga-Niagara Falls, NY","36","New York","029","Erie","42.9211072796373","-78.7658253281598"
"06/15/2026","AQS","360290023","1","5.9","ppb","5","Buffalo Near-Road","24","100.0000","42602","Nitrogen dioxide (NO2)","256","15380","Buffalo-Cheektowaga-Niagara Falls, NY","36","New York","029","Erie","42.9211072796373","-78.7658253281598"
"06/16/2026","AQS","360290023","1","21.1","ppb","20","Buffalo Near-Road","24","100.0000","42602","Nitrogen dioxide (NO2)","256","15380","Buffalo-Cheektowaga-Niagara Falls, NY","36","New York","029","Erie","42.9211072796373","-78.7658253281598"
"06/17/2026","AQS","360290023","1","12.3","ppb","11","Buffalo Near-Road","19","79.0000","42602","Nitrogen dioxide (NO2)","256","15380","Buffalo-Cheektowaga-Niagara Falls, NY","36","New York","029","Erie","42.9211072796373","-78.7658253281598"
"06/18/2026","AQS","360290023","1","8.7","ppb","8","Buffalo Near-Road","24","100.0000","42602","Nitrogen dioxide (NO2)","256","15380","Buffalo-Cheektowaga-Niagara Falls, NY","36","New York","029","Erie","42.9211072796373","-78.7658253281598"
"06/19/2026","AQS","360290023","1","6.4","ppb","6","Buffalo Near-Road","24","100.0000","42602","Nitrogen dioxide (NO2)","256","15380","Buffalo-Cheektowaga-Niagara Falls, NY","36","New York","029","Erie","42.9211072796373","-78.7658253281598"
"06/20/2026","AQS","360290023","1","8.3","ppb","8","Buffalo Near-Road","24","100.0000","42602","Nitrogen dioxide (NO2)","256","15380","Buffalo-Cheektowaga-Niagara Falls, NY","36","New York","029","Erie","42.9211072796373","-78.7658253281598"
"06/21/2026","AQS","360290023","1","12.4","ppb","11","Buffalo Near-Road","24","100.0000","42602","Nitrogen dioxide (NO2)","256","15380","Buffalo-Cheektowaga-Niagara Falls, NY","36","New York","029","Erie","42.9211072796373","-78.7658253281598"
"06/22/2026","AQS","360290023","1","14","ppb","13","Buffalo Near-Road","24","100.0000","42602","Nitrogen dioxide (NO2)","256","15380","Buffalo-Cheektowaga-Niagara Falls, NY","36","New York","029","Erie","42.9211072796373","-78.7658253281598"
"06/23/2026","AQS","360290023","1","17.8","ppb","16","Buffalo Near-Road","24","100.0000","42602","Nitrogen dioxide (NO2)","256","15380","Buffalo-Cheektowaga-Niagara Falls, NY","36","New York","029","Erie","42.9211072796373","-78.7658253281598"
"06/24/2026","AQS","360290023","1","16","ppb","15","Buffalo Near-Road","24","100.0000","42602","Nitrogen dioxide (NO2)","256","15380","Buffalo-Cheektowaga-Niagara Falls, NY","36","New York","029","Erie","42.9211072796373","-78.7658253281598"
"06/25/2026","AQS","360290023","1","11.4","ppb","10","Buffalo Near-Road","21","88.0000","42602","Nitrogen dioxide (NO2)","256","15380","Buffalo-Cheektowaga-Niagara Falls, NY","36","New York","029","Erie","42.9211072796373","-78.7658253281598"
"06/26/2026","AQS","360290023","1","22.7","ppb","21","Buffalo Near-Road","24","100.0000","42602","Nitrogen dioxide (NO2)","256","15380","Buffalo-Cheektowaga-Niagara Falls, NY","36","New York","029","Erie","42.9211072796373","-78.7658253281598"
"06/27/2026","AQS","360290023","1","15.7","ppb","14","Buffalo Near-Road","24","100.0000","42602","Nitrogen dioxide (NO2)","256","15380","Buffalo-Cheektowaga-Niagara Falls, NY","36","New York","029","Erie","42.9211072796373","-78.7658253281598"
"06/28/2026","AQS","360290023","1","5.7","ppb","5","Buffalo Near-Road","24","100.0000","42602","Nitrogen dioxide (NO2)","256","15380","Buffalo-Cheektowaga-Niagara Falls, NY","36","New York","029","Erie","42.9211072796373","-78.7658253281598"
"06/29/2026","AQS","360290023","1","10.5","ppb","9","Buffalo Near-Road","24","100.0000","42602","Nitrogen dioxide (NO2)","256","15380","Buffalo-Cheektowaga-Niagara Falls, NY","36","New York","029","Erie","42.9211072796373","-78.7658253281598"
"06/30/2026","AQS","360290023","1","16.3","ppb","15","Buffalo Near-Road","24","100.0000","42602","Nitrogen dioxide (NO2)","256","15380","Buffalo-Cheektowaga-Niagara Falls, NY","36","New York","029","Erie","42.9211072796373","-78.7658253281598"
"01/01/2026","AQS","360550015","1","13","ppb","12","Rochester Near-Road","24","100.0000","42602","Nitrogen dioxide (NO2)","256","40380","Rochester, NY","36","New York","055","Monroe","43.1450126807403","-77.5572802599319"
"01/02/2026","AQS","360550015","1","12.1","ppb","11","Rochester Near-Road","24","100.0000","42602","Nitrogen dioxide (NO2)","256","40380","Rochester, NY","36","New York","055","Monroe","43.1450126807403","-77.5572802599319"
"01/03/2026","AQS","360550015","1","7.4","ppb","7","Rochester Near-Road","24","100.0000","42602","Nitrogen dioxide (NO2)","256","40380","Rochester, NY","36","New York","055","Monroe","43.1450126807403","-77.5572802599319"
"01/04/2026","AQS","360550015","1","16.1","ppb","15","Rochester Near-Road","24","100.0000","42602","Nitrogen dioxide (NO2)","256","40380","Rochester, NY","36","New York","055","Monroe","43.1450126807403","-77.5572802599319"
"01/05/2026","AQS","360550015","1","26.8","ppb","25","Rochester Near-Road","24","100.0000","42602","Nitrogen dioxide (NO2)","256","40380","Rochester, NY","36","New York","055","Monroe","43.1450126807403","-77.5572802599319"
"01/06/2026","AQS","360550015","1","21.2","ppb","20","Rochester Near-Road","24","100.0000","42602","Nitrogen dioxide (NO2)","256","40380","Rochester, NY","36","New York","055","Monroe","43.1450126807403","-77.5572802599319"
"01/07/2026","AQS","360550015","1","14.7","ppb","13","Rochester Near-Road","19","79.0000","42602","Nitrogen dioxide (NO2)","256","40380","Rochester, NY","36","New York","055","Monroe","43.1450126807403","-77.5572802599319"
"01/08/2026","AQS","360550015","1","19","ppb","18","Rochester Near-Road","24","100.0000","42602","Nitrogen dioxide (NO2)","256","40380","Rochester, NY","36","New York","055","Monroe","43.1450126807403","-77.5572802599319"
"01/09/2026","AQS","360550015","1","20.4","ppb","19","Rochester Near-Road","24","100.0000","42602","Nitrogen dioxide (NO2)","256","40380","Rochester, NY","36","New York","055","Monroe","43.1450126807403","-77.5572802599319"
"01/10/2026","AQS","360550015","1","12.3","ppb","11","Rochester Near-Road","24","100.0000","42602","Nitrogen dioxide (NO2)","256","40380","Rochester, NY","36","New York","055","Monroe","43.1450126807403","-77.5572802599319"
"01/11/2026","AQS","360550015","1","4.8","ppb","4","Rochester Near-Road","24","100.0000","42602","Nitrogen dioxide (NO2)","256","40380","Rochester, NY","36","New York","055","Monroe","43.1450126807403","-77.5572802599319"
"01/12/2026","AQS","360550015","1","9.2","ppb","8","Rochester Near-Road","23","96.0000","42602","Nitrogen dioxide (NO2)","256","40380","Rochester, NY","36","New York","055","Monroe","43.1450126807403","-77.5572802599319"
"01/13/2026","AQS","360550015","1","11.3","ppb","10","Rochester Near-Road","24","100.0000","42602","Nitrogen dioxide (NO2)","256","40380","Rochester, NY","36","New York","055","Monroe","43.1450126807403","-77.5572802599319"
"01/14/2026","AQS","360550015","1","17.2","ppb","16","Rochester Near-Road","24","100.0000","42602","Nitrogen dioxide (NO2)","256","40380","Rochester, NY","36","New York","055","Monroe","43.1450126807403","-77.5572802599319"
"01/15/2026","AQS","360550015","1","11","ppb","10","Rochester Near-Road","19","79.0000","42602","Nitrogen dioxide (NO2)","256","40380","Rochester, NY","36","New York","055","Monroe","43.1450126807403","-77.5572802599319"
"01/16/2026","AQS","360550015","1","12.6","ppb","11","Rochester Near-Road","24","100.0000","42602","Nitrogen dioxide (NO2)","256","40380","Rochester, NY","36","New York","055","Monroe","43.1450126807403","-77.5572802599319"
"01/17/2026","AQS","360550015","1","10.8","ppb","9","Rochester Near-Road","24","100.0000","42602","Nitrogen dioxide (NO2)","256","40380","Rochester, NY","36","New York","055","Monroe","43.1450126807403","-77.5572802599319"
"01/18/2026","AQS","360550015","1","9.1","ppb","8","Rochester Near-Road","24","100.0000","42602","Nitrogen dioxide (NO2)","256","40380","Rochester, NY","36","New York","055","Monroe","43.1450126807403","-77.5572802599319"
"01/19/2026","AQS","360550015","1","9.5","ppb","8","Rochester Near-Road","24","100.0000","42602","Nitrogen dioxide (NO2)","256","40380","Rochester, NY","36","New York","055","Monroe","43.1450126807403","-77.5572802599319"
"01/20/2026","AQS","360550015","1","10.1","ppb","9","Rochester Near-Road","24","100.0000","42602","Nitrogen dioxide (NO2)","256","40380","Rochester, NY","36","New York","055","Monroe","43.1450126807403","-77.5572802599319"
"01/21/2026","AQS","360550015","1","12.6","ppb","11","Rochester Near-Road","24","100.0000","42602","Nitrogen dioxide (NO2)","256","40380","Rochester, NY","36","New York","055","Monroe","43.1450126807403","-77.5572802599319"
"01/22/2026","AQS","360550015","1","16.7","ppb","15","Rochester Near-Road","19","79.0000","42602","Nitrogen dioxide (NO2)","256","40380","Rochester, NY","36","New York","055","Monroe","43.1450126807403","-77.5572802599319"
"01/23/2026","AQS","360550015","1","10.8","ppb","9","Rochester Near-Road","24","100.0000","42602","Nitrogen dioxide (NO2)","256","40380","Rochester, NY","36","New York","055","Monroe","43.1450126807403","-77.5572802599319"
"01/24/2026","AQS","360550015","1","18.5","ppb","17","Rochester Near-Road","24","100.0000","42602","Nitrogen dioxide (NO2)","256","40380","Rochester, NY","36","New York","055","Monroe","43.1450126807403","-77.5572802599319"
"01/25/2026","AQS","360550015","1","21.6","ppb","20","Rochester Near-Road","24","100.0000","42602","Nitrogen dioxide (NO2)","256","40380","Rochester, NY","36","New York","055","Monroe","43.1450126807403","-77.5572802599319"
"01/26/2026","AQS","360550015","1","22.8","ppb","21","Rochester Near-Road","24","100.0000","42602","Nitrogen dioxide (NO2)","256","40380","Rochester, NY","36","New York","055","Monroe","43.1450126807403","-77.5572802599319"
"01/27/2026","AQS","360550015","1","10.9","ppb","9","Rochester Near-Road","24","100.0000","42602","Nitrogen dioxide (NO2)","256","40380","Rochester, NY","36","New York","055","Monroe","43.1450126807403","-77.5572802599319"
"01/28/2026","AQS","360550015","1","15","ppb","14","Rochester Near-Road","19","79.0000","42602","Nitrogen dioxide (NO2)","256","40380","Rochester, NY","36","New York","055","Monroe","43.1450126807403","-77.5572802599319"
"01/29/2026","AQS","360550015","1","12.9","ppb","11","Rochester Near-Road","24","100.0000","42602","Nitrogen dioxide (NO2)","256","40380","Rochester, NY","36","New York","055","Monroe","43.1450126807403","-77.5572802599319"
"01/30/2026","AQS","360550015","1","21.9","ppb","20","Rochester Near-Road","24","100.0000","42602","Nitrogen dioxide (NO2)","256","40380","Rochester, NY","36","New York","055","Monroe","43.1450126807403","-77.5572802599319"
"01/31/2026","AQS","360550015","1","20","ppb","19","Rochester Near-Road","24","100.0000","42602","Nitrogen dioxide (NO2)","256","40380","Rochester, NY","36","New York","055","Monroe","43.1450126807403","-77.5572802599319"
"02/01/2026","AQS","360550015","1","28.6","ppb","26","Rochester Near-Road","24","100.0000","42602","Nitrogen dioxide (NO2)","256","40380","Rochester, NY","36","New York","055","Monroe","43.1450126807403","-77.5572802599319"
"02/02/2026","AQS","360550015","1","50","ppb","47","Rochester Near-Road","19","79.0000","42602","Nitrogen dioxide (NO2)","256","40380","Rochester, NY","36","New York","055","Monroe","43.1450126807403","-77.5572802599319"
"02/03/2026","AQS","360550015","1","48.7","ppb","45","Rochester Near-Road","24","100.0000","42602","Nitrogen dioxide (NO2)","256","40380","Rochester, NY","36","New York","055","Monroe","43.1450126807403","-77.5572802599319"
"02/04/2026","AQS","360550015","1","18.7","ppb","17","Rochester Near-Road","20","83.0000","42602","Nitrogen dioxide (NO2)","256","40380","Rochester, NY","36","New York","055","Monroe","43.1450126807403","-77.5572802599319"
"02/05/2026","AQS","360550015","1","43.1","ppb","41","Rochester Near-Road","24","100.0000","42602","Nitrogen dioxide (NO2)","256","40380","Rochester, NY","36","New York","055","Monroe","43.1450126807403","-77.5572802599319"
"02/06/2026","AQS","360550015","1","43","ppb","41","Rochester Near-Road","24","100.0000","42602","Nitrogen dioxide (NO2)","256","40380","Rochester, NY","36","New York","055","Monroe","43.1450126807403","-77.5572802599319"
"02/07/2026","AQS","360550015","1","8.4","ppb","8","Rochester Near-Road","24","100.0000","42602","Nitrogen dioxide (NO2)","256","40380","Rochester, NY","36","New York","055","Monroe","43.1450126807403","-77.5572802599319"
"02/08/2026","AQS","360550015","1","14.4","ppb","13","Rochester Near-Road","24","100.0000","42602","Nitrogen dioxide (NO2)","256","40380","Rochester, NY","36","New York","055","Monroe","43.1450126807403","-77.5572802599319"
"02/09/2026","AQS","360550015","1","20.3","ppb","19","Rochester Near-Road","24","100.0000","42602","Nitrogen dioxide (NO2)","256","40380","Rochester, NY","36","New York","055","Monroe","43.1450126807403","-77.5572802599319"
"02/10/2026","AQS","360550015","1","39","ppb","37","Rochester Near-Road","24","100.0000","42602","Nitrogen dioxide (NO2)","256","40380","Rochester, NY","36","New York","055","Monroe","43.1450126807403","-77.5572802599319"
"02/11/2026","AQS","360550015","1","7.8","ppb","7","Rochester Near-Road","24","100.0000","42602","Nitrogen dioxide (NO2)","256","40380","Rochester, NY","36","New York","055","Monroe","43.1450126807403","-77.5572802599319"
"02/12/2026","AQS","360550015","1","19.9","ppb","18","Rochester Near-Road","20","83.0000","42602","Nitrogen dioxide (NO2)","256","40380","Rochester, NY","36","New York","055","Monroe","43.1450126807403","-77.5572802599319"
"02/13/2026","AQS","360550015","1","26.3","ppb","25","Rochester Near-Road","24","100.0000","42602","Nitrogen dioxide (NO2)","256","40380","Rochester, NY","36","New York","055","Monroe","43.1450126807403","-77.5572802599319"
"02/14/2026","AQS","360550015","1","26.8","ppb","25","Rochester Near-Road","24","100.0000","42602","Nitrogen dioxide (NO2)","256","40380","Rochester, NY","36","New York","055","Monroe","43.1450126807403","-77.5572802599319"
"02/15/2026","AQS","360550015","1","30.9","ppb","28","Rochester Near-Road","24","100.0000","42602","Nitrogen dioxide (NO2)","256","40380","Rochester, NY","36","New York","055","Monroe","43.1450126807403","-77.5572802599319"
"02/16/2026","AQS","360550015","1","38.2","ppb","36","Rochester Near-Road","24","100.0000","42602","Nitrogen dioxide (NO2)","256","40380","Rochester, NY","36","New York","055","Monroe","43.1450126807403","-77.5572802599319"
"02/17/2026","AQS","360550015","1","32.2","ppb","30","Rochester Near-Road","24","100.0000","42602","Nitrogen dioxide (NO2)","256","40380","Rochester, NY","36","New York","055","Monroe","43.1450126807403","-77.5572802599319"
"02/18/2026","AQS","360550015","1","21.1","ppb","20","Rochester Near-Road","19","79.0000","42602","Nitrogen dioxide (NO2)","256","40380","Rochester, NY","36","New York","055","Monroe","43.1450126807403","-77.5572802599319"
"02/19/2026","AQS","360550015","1","11.8","ppb","10","Rochester Near-Road","24","100.0000","42602","Nitrogen dioxide (NO2)","256","40380","Rochester, NY","36","New York","055","Monroe","43.1450126807403","-77.5572802599319"
"02/20/2026","AQS","360550015","1","9.7","ppb","8","Rochester Near-Road","24","100.0000","42602","Nitrogen dioxide (NO2)","256","40380","Rochester, NY","36","New York","055","Monroe","43.1450126807403","-77.5572802599319"
"02/21/2026","AQS","360550015","1","13.1","ppb","12","Rochester Near-Road","24","100.0000","42602","Nitrogen dioxide (NO2)","256","40380","Rochester, NY","36","New York","055","Monroe","43.1450126807403","-77.5572802599319"
"02/22/2026","AQS","360550015","1","20.5","ppb","19","Rochester Near-Road","24","100.0000","42602","Nitrogen dioxide (NO2)","256","40380","Rochester, NY","36","New York","055","Monroe","43.1450126807403","-77.5572802599319"
"02/23/2026","AQS","360550015","1","5.7","ppb","5","Rochester Near-Road","24","100.0000","42602","Nitrogen dioxide (NO2)","256","40380","Rochester, NY","36","New York","055","Monroe","43.1450126807403","-77.5572802599319"
"02/24/2026","AQS","360550015","1","14.3","ppb","13","Rochester Near-Road","24","100.0000","42602","Nitrogen dioxide (NO2)","256","40380","Rochester, NY","36","New York","055","Monroe","43.1450126807403","-77.5572802599319"
"02/25/2026","AQS","360550015","1","13.8","ppb","12","Rochester Near-Road","24","100.0000","42602","Nitrogen dioxide (NO2)","256","40380","Rochester, NY","36","New York","055","Monroe","43.1450126807403","-77.5572802599319"
"02/26/2026","AQS","360550015","1","27.4","ppb","25","Rochester Near-Road","20","83.0000","42602","Nitrogen dioxide (NO2)","256","40380","Rochester, NY","36","New York","055","Monroe","43.1450126807403","-77.5572802599319"
"02/27/2026","AQS","360550015","1","31.6","ppb","29","Rochester Near-Road","24","100.0000","42602","Nitrogen dioxide (NO2)","256","40380","Rochester, NY","36","New York","055","Monroe","43.1450126807403","-77.5572802599319"
"02/28/2026","AQS","360550015","1","5.7","ppb","5","Rochester Near-Road","24","100.0000","42602","Nitrogen dioxide (NO2)","256","40380","Rochester, NY","36","New York","055","Monroe","43.1450126807403","-77.5572802599319"
"03/01/2026","AQS","360550015","1","9.9","ppb","8","Rochester Near-Road","24","100.0000","42602","Nitrogen dioxide (NO2)","256","40380","Rochester, NY","36","New York","055","Monroe","43.1450126807403","-77.5572802599319"
"03/02/2026","AQS","360550015","1","20.1","ppb","19","Rochester Near-Road","21","88.0000","42602","Nitrogen dioxide (NO2)","256","40380","Rochester, NY","36","New York","055","Monroe","43.1450126807403","-77.5572802599319"
"03/03/2026","AQS","360550015","1","28.8","ppb","26","Rochester Near-Road","24","100.0000","42602","Nitrogen dioxide (NO2)","256","40380","Rochester, NY","36","New York","055","Monroe","43.1450126807403","-77.5572802599319"
"03/04/2026","AQS","360550015","1","31.8","ppb","29","Rochester Near-Road","19","79.0000","42602","Nitrogen dioxide (NO2)","256","40380","Rochester, NY","36","New York","055","Monroe","43.1450126807403","-77.5572802599319"
"03/05/2026","AQS","360550015","1","32.9","ppb","30","Rochester Near-Road","24","100.0000","42602","Nitrogen dioxide (NO2)","256","40380","Rochester, NY","36","New York","055","Monroe","43.1450126807403","-77.5572802599319"
"03/06/2026","AQS","360550015","1","15.8","ppb","14","Rochester Near-Road","24","100.0000","42602","Nitrogen dioxide (NO2)","256","40380","Rochester, NY","36","New York","055","Monroe","43.1450126807403","-77.5572802599319"
"03/07/2026","AQS","360550015","1","10.7","ppb","9","Rochester Near-Road","24","100.0000","42602","Nitrogen dioxide (NO2)","256","40380","Rochester, NY","36","New York","055","Monroe","43.1450126807403","-77.5572802599319"
"03/08/2026","AQS","360550015","1","6.8","ppb","6","Rochester Near-Road","24","100.0000","42602","Nitrogen dioxide (NO2)","256","40380","Rochester, NY","36","New York","055","Monroe","43.1450126807403","-77.5572802599319"
"03/09/2026","AQS","360550015","1","8","ppb","8","Rochester Near-Road","20","83.0000","42602","Nitrogen dioxide (NO2)","256","40380","Rochester, NY","36","New York","055","Monroe","43.1450126807403","-77.5572802599319"
"03/10/2026","AQS","360550015","1","11.7","ppb","10","Rochester Near-Road","24","100.0000","42602","Nitrogen dioxide (NO2)","256","40380","Rochester, NY","36","New York","055","Monroe","43.1450126807403","-77.5572802599319"
"03/11/2026","AQS","360550015","1","17.2","ppb","16","Rochester Near-Road","19","79.0000","42602","Nitrogen dioxide (NO2)","256","40380","Rochester, NY","36","New York","055","Monroe","43.1450126807403","-77.5572802599319"
"03/12/2026","AQS","360550015","1","12.5","ppb","11","Rochester Near-Road","24","100.0000","42602","Nitrogen dioxide (NO2)","256","40380","Rochester, NY","36","New York","055","Monroe","43.1450126807403","-77.5572802599319"
"03/13/2026","AQS","360550015","1","23.4","ppb","22","Rochester Near-Road","24","100.0000","42602","Nitrogen dioxide (NO2)","256","40380","Rochester, NY","36","New York","055","Monroe","43.1450126807403","-77.5572802599319"
"03/14/2026","AQS","360550015","1","23.5","ppb","22","Rochester Near-Road","24","100.0000","42602","Nitrogen dioxide (NO2)","256","40380","Rochester, NY","36","New York","055","Monroe","43.1450126807403","-77.5572802599319"
"03/15/2026","AQS","360550015","1","19","ppb","18","Rochester Near-Road","24","100.0000","42602","Nitrogen dioxide (NO2)","256","40380","Rochester, NY","36","New York","055","Monroe","43.1450126807403","-77.5572802599319"
"03/16/2026","AQS","360550015","1","5.8","ppb","5","Rochester Near-Road","20","83.0000","42602","Nitrogen dioxide (NO2)","256","40380","Rochester, NY","36","New York","055","Monroe","43.1450126807403","-77.5572802599319"
"03/17/2026","AQS","360550015","1","6.5","ppb","6","Rochester Near-Road","24","100.0000","42602","Nitrogen dioxide (NO2)","256","40380","Rochester, NY","36","New York","055","Monroe","43.1450126807403","-77.5572802599319"
"03/18/2026","AQS","360550015","1","27.1","ppb","25","Rochester Near-Road","19","79.0000","42602","Nitrogen dioxide (NO2)","256","40380","Rochester, NY","36","New York","055","Monroe","43.1450126807403","-77.5572802599319"
"03/19/2026","AQS","360550015","1","13.3","ppb","12","Rochester Near-Road","24","100.0000","42602","Nitrogen dioxide (NO2)","256","40380","Rochester, NY","36","New York","055","Monroe","43.1450126807403","-77.5572802599319"
"03/20/2026","AQS","360550015","1","26","ppb","25","Rochester Near-Road","24","100.0000","42602","Nitrogen dioxide (NO2)","256","40380","Rochester, NY","36","New York","055","Monroe","43.1450126807403","-77.5572802599319"
"03/21/2026","AQS","360550015","1","11.2","ppb","10","Rochester Near-Road","24","100.0000","42602","Nitrogen dioxide (NO2)","256","40380","Rochester, NY","36","New York","055","Monroe","43.1450126807403","-77.5572802599319"
"03/22/2026","AQS","360550015","1","14.9","ppb","13","Rochester Near-Road","24","100.0000","42602","Nitrogen dioxide (NO2)","256","40380","Rochester, NY","36","New York","055","Monroe","43.1450126807403","-77.5572802599319"
"03/23/2026","AQS","360550015","1","5.1","ppb","5","Rochester Near-Road","20","83.0000","42602","Nitrogen dioxide (NO2)","256","40380","Rochester, NY","36","New York","055","Monroe","43.1450126807403","-77.5572802599319"
"03/24/2026","AQS","360550015","1","22.2","ppb","21","Rochester Near-Road","24","100.0000","42602","Nitrogen dioxide (NO2)","256","40380","Rochester, NY","36","New York","055","Monroe","43.1450126807403","-77.5572802599319"
"03/25/2026","AQS","360550015","1","27.7","ppb","25","Rochester Near-Road","20","83.0000","42602","Nitrogen dioxide (NO2)","256","40380","Rochester, NY","36","New York","055","Monroe","43.1450126807403","-77.5572802599319"
"03/26/2026","AQS","360550015","1","22.4","ppb","21","Rochester Near-Road","24","100.0000","42602","Nitrogen dioxide (NO2)","256","40380","Rochester, NY","36","New York","055","Monroe","43.1450126807403","-77.5572802599319"
"03/27/2026","AQS","360550015","1","17","ppb","16","Rochester Near-Road","24","100.0000","42602","Nitrogen dioxide (NO2)","256","40380","Rochester, NY","36","New York","055","Monroe","43.1450126807403","-77.5572802599319"
"03/28/2026","AQS","360550015","1","14.4","ppb","13","Rochester Near-Road","24","100.0000","42602","Nitrogen dioxide (NO2)","256","40380","Rochester, NY","36","New York","055","Monroe","43.1450126807403","-77.5572802599319"
"03/29/2026","AQS","360550015","1","27.1","ppb","25","Rochester Near-Road","24","100.0000","42602","Nitrogen dioxide (NO2)","256","40380","Rochester, NY","36","New York","055","Monroe","43.1450126807403","-77.5572802599319"
"03/30/2026","AQS","360550015","1","13.5","ppb","12","Rochester Near-Road","22","92.0000","42602","Nitrogen dioxide (NO2)","256","40380","Rochester, NY","36","New York","055","Monroe","43.1450126807403","-77.5572802599319"
"03/31/2026","AQS","360550015","1","13.4","ppb","12","Rochester Near-Road","24","100.0000","42602","Nitrogen dioxide (NO2)","256","40380","Rochester, NY","36","New York","055","Monroe","43.1450126807403","-77.5572802599319"
"01/01/2026","AQS","360810124","1","19","ppb","18","QUEENS COLLEGE 2","24","100.0000","42602","Nitrogen dioxide (NO2)","256","35620","New York-Newark-Jersey City, NY-NJ-PA","36","New York","081","Queens","40.73614","-73.82153"
"01/02/2026","AQS","360810124","1","24.3","ppb","23","QUEENS COLLEGE 2","24","100.0000","42602","Nitrogen dioxide (NO2)","256","35620","New York-Newark-Jersey City, NY-NJ-PA","36","New York","081","Queens","40.73614","-73.82153"
"01/03/2026","AQS","360810124","1","19.3","ppb","18","QUEENS COLLEGE 2","24","100.0000","42602","Nitrogen dioxide (NO2)","256","35620","New York-Newark-Jersey City, NY-NJ-PA","36","New York","081","Queens","40.73614","-73.82153"
"01/04/2026","AQS","360810124","1","25","ppb","24","QUEENS COLLEGE 2","24","100.0000","42602","Nitrogen dioxide (NO2)","256","35620","New York-Newark-Jersey City, NY-NJ-PA","36","New York","081","Queens","40.73614","-73.82153"
"01/05/2026","AQS","360810124","1","44","ppb","42","QUEENS COLLEGE 2","22","92.0000","42602","Nitrogen dioxide (NO2)","256","35620","New York-Newark-Jersey City, NY-NJ-PA","36","New York","081","Queens","40.73614","-73.82153"
"01/06/2026","AQS","360810124","1","52","ppb","49","QUEENS COLLEGE 2","22","92.0000","42602","Nitrogen dioxide (NO2)","256","35620","New York-Newark-Jersey City, NY-NJ-PA","36","New York","081","Queens","40.73614","-73.82153"
"01/07/2026","AQS","360810124","1","29.2","ppb","27","QUEENS COLLEGE 2","24","100.0000","42602","Nitrogen dioxide (NO2)","256","35620","New York-Newark-Jersey City, NY-NJ-PA","36","New York","081","Queens","40.73614","-73.82153"
"01/08/2026","AQS","360810124","1","39.5","ppb","37","QUEENS COLLEGE 2","24","100.0000","42602","Nitrogen dioxide (NO2)","256","35620","New York-Newark-Jersey City, NY-NJ-PA","36","New York","081","Queens","40.73614","-73.82153"
"01/10/2026","AQS","360810124","1","20.2","ppb","19","QUEENS COLLEGE 2","24","100.0000","42602","Nitrogen dioxide (NO2)","256","35620","New York-Newark-Jersey City, NY-NJ-PA","36","New York","081","Queens","40.73614","-73.82153"
"01/11/2026","AQS","360810124","1","23.6","ppb","22","QUEENS COLLEGE 2","24","100.0000","42602","Nitrogen dioxide (NO2)","256","35620","New York-Newark-Jersey City, NY-NJ-PA","36","New York","081","Queens","40.73614","-73.82153"
"01/13/2026","AQS","360810124","1","33","ppb","31","QUEENS COLLEGE 2","19","79.0000","42602","Nitrogen dioxide (NO2)","256","35620","New York-Newark-Jersey City, NY-NJ-PA","36","New York","081","Queens","40.73614","-73.82153"
"01/14/2026","AQS","360810124","1","38.3","ppb","36","QUEENS COLLEGE 2","24","100.0000","42602","Nitrogen dioxide (NO2)","256","35620","New York-Newark-Jersey City, NY-NJ-PA","36","New York","081","Queens","40.73614","-73.82153"
"01/15/2026","AQS","360810124","1","23.9","ppb","22","QUEENS COLLEGE 2","21","88.0000","42602","Nitrogen dioxide (NO2)","256","35620","New York-Newark-Jersey City, NY-NJ-PA","36","New York","081","Queens","40.73614","-73.82153"
"01/16/2026","AQS","360810124","1","19.5","ppb","18","QUEENS COLLEGE 2","24","100.0000","42602","Nitrogen dioxide (NO2)","256","35620","New York-Newark-Jersey City, NY-NJ-PA","36","New York","081","Queens","40.73614","-73.82153"
"01/17/2026","AQS","360810124","1","34.2","ppb","32","QUEENS COLLEGE 2","24","100.0000","42602","Nitrogen dioxide (NO2)","256","35620","New York-Newark-Jersey City, NY-NJ-PA","36","New York","081","Queens","40.73614","-73.82153"
"01/18/2026","AQS","360810124","1","36.7","ppb","34","QUEENS COLLEGE 2","24","100.0000","42602","Nitrogen dioxide (NO2)","256","35620","New York-Newark-Jersey City, NY-NJ-PA","36","New York","081","Queens","40.73614","-73.82153"
"01/19/2026","AQS","360810124","1","25.1","ppb","24","QUEENS COLLEGE 2","24","100.0000","42602","Nitrogen dioxide (NO2)","256","35620","New York-Newark-Jersey City, NY-NJ-PA","36","New York","081","Queens","40.73614","-73.82153"
"01/21/2026","AQS","360810124","1","39.1","ppb","37","QUEENS COLLEGE 2","21","88.0000","42602","Nitrogen dioxide (NO2)","256","35620","New York-Newark-Jersey City, NY-NJ-PA","36","New York","081","Queens","40.73614","-73.82153"
"01/22/2026","AQS","360810124","1","27.5","ppb","25","QUEENS COLLEGE 2","24","100.0000","42602","Nitrogen dioxide (NO2)","256","35620","New York-Newark-Jersey City, NY-NJ-PA","36","New York","081","Queens","40.73614","-73.82153"
"01/23/2026","AQS","360810124","1","20.7","ppb","19","QUEENS COLLEGE 2","21","88.0000","42602","Nitrogen dioxide (NO2)","256","35620","New York-Newark-Jersey City, NY-NJ-PA","36","New York","081","Queens","40.73614","-73.82153"
"01/24/2026","AQS","360810124","1","15.4","ppb","14","QUEENS COLLEGE 2","24","100.0000","42602","Nitrogen dioxide (NO2)","256","35620","New York-Newark-Jersey City, NY-NJ-PA","36","New York","081","Queens","40.73614","-73.82153"
"01/25/2026","AQS","360810124","1","16.7","ppb","15","QUEENS COLLEGE 2","24","100.0000","42602","Nitrogen dioxide (NO2)","256","35620","New York-Newark-Jersey City, NY-NJ-PA","36","New York","081","Queens","40.73614","-73.82153"
"01/26/2026","AQS","360810124","1","30.1","ppb","28","QUEENS COLLEGE 2","24","100.0000","42602","Nitrogen dioxide (NO2)","256","35620","New York-Newark-Jersey City, NY-NJ-PA","36","New York","081","Queens","40.73614","-73.82153"
"01/27/2026","AQS","360810124","1","23.2","ppb","22","QUEENS COLLEGE 2","24","100.0000","42602","Nitrogen dioxide (NO2)","256","35620","New York-Newark-Jersey City, NY-NJ-PA","36","New York","081","Queens","40.73614","-73.82153"
"01/28/2026","AQS","360810124","1","23.6","ppb","22","QUEENS COLLEGE 2","24","100.0000","42602","Nitrogen dioxide (NO2)","256","35620","New York-Newark-Jersey City, NY-NJ-PA","36","New York","081","Queens","40.73614","-73.82153"
"01/29/2026","AQS","360810124","1","24.2","ppb","23","QUEENS COLLEGE 2","20","83.0000","42602","Nitrogen dioxide (NO2)","256","35620","New York-Newark-Jersey City, NY-NJ-PA","36","New York","081","Queens","40.73614","-73.82153"
"01/30/2026","AQS","360810124","1","13.9","ppb","12","QUEENS COLLEGE 2","24","100.0000","42602","Nitrogen dioxide (NO2)","256","35620","New York-Newark-Jersey City, NY-NJ-PA","36","New York","081","Queens","40.73614","-73.82153"
"01/31/2026","AQS","360810124","1","31.2","ppb","29","QUEENS COLLEGE 2","24","100.0000","42602","Nitrogen dioxide (NO2)","256","35620","New York-Newark-Jersey City, NY-NJ-PA","36","New York","081","Queens","40.73614","-73.82153"
"02/01/2026","AQS","360810124","1","19.4","ppb","18","QUEENS COLLEGE 2","24","100.0000","42602","Nitrogen dioxide (NO2)","256","35620","New York-Newark-Jersey City, NY-NJ-PA","36","New York","081","Queens","40.73614","-73.82153"
"02/02/2026","AQS","360810124","1","22.7","ppb","21","QUEENS COLLEGE 2","24","100.0000","42602","Nitrogen dioxide (NO2)","256","35620","New York-Newark-Jersey City, NY-NJ-PA","36","New York","081","Queens","40.73614","-73.82153"
"02/03/2026","AQS","360810124","1","43.7","ppb","41","QUEENS COLLEGE 2","22","92.0000","42602","Nitrogen dioxide (NO2)","256","35620","New York-Newark-Jersey City, NY-NJ-PA","36","New York","081","Queens","40.73614","-73.82153"
"02/04/2026","AQS","360810124","1","34.2","ppb","32","QUEENS COLLEGE 2","24","100.0000","42602","Nitrogen dioxide (NO2)","256","35620","New York-Newark-Jersey City, NY-NJ-PA","36","New York","081","Queens","40.73614","-73.82153"
"02/05/2026","AQS","360810124","1","33.5","ppb","31","QUEENS COLLEGE 2","24","100.0000","42602","Nitrogen dioxide (NO2)","256","35620","New York-Newark-Jersey City, NY-NJ-PA","36","New York","081","Queens","40.73614","-73.82153"
"02/06/2026","AQS","360810124","1","38","ppb","36","QUEENS COLLEGE 2","24","100.0000","42602","Nitrogen dioxide (NO2)","256","35620","New York-Newark-Jersey City, NY-NJ-PA","36","New York","081","Queens","40.73614","-73.82153"
"02/07/2026","AQS","360810124","1","26.1","ppb","25","QUEENS COLLEGE 2","24","100.0000","42602","Nitrogen dioxide (NO2)","256","35620","New York-Newark-Jersey City, NY-NJ-PA","36","New York","081","Queens","40.73614","-73.82153"
"02/08/2026","AQS","360810124","1","12.9","ppb","11","QUEENS COLLEGE 2","24","100.0000","42602","Nitrogen dioxide (NO2)","256","35620","New York-Newark-Jersey City, NY-NJ-PA","36","New York","081","Queens","40.73614","-73.82153"
"02/09/2026","AQS","360810124","1","34.5","ppb","32","QUEENS COLLEGE 2","23","96.0000","42602","Nitrogen dioxide (NO2)","256","35620","New York-Newark-Jersey City, NY-NJ-PA","36","New York","081","Queens","40.73614","-73.82153"
"02/11/2026","AQS","360810124","1","42.2","ppb","40","QUEENS COLLEGE 2","24","100.0000","42602","Nitrogen dioxide (NO2)","256","35620","New York-Newark-Jersey City, NY-NJ-PA","36","New York","081","Queens","40.73614","-73.82153"
"02/12/2026","AQS","360810124","1","14.3","ppb","13","QUEENS COLLEGE 2","24","100.0000","42602","Nitrogen dioxide (NO2)","256","35620","New York-Newark-Jersey City, NY-NJ-PA","36","New York","081","Queens","40.73614","-73.82153"
"02/13/2026","AQS","360810124","1","32.3","ppb","30","QUEENS COLLEGE 2","24","100.0000","42602","Nitrogen dioxide (NO2)","256","35620","New York-Newark-Jersey City, NY-NJ-PA","36","New York","081","Queens","40.73614","-73.82153"
"02/14/2026","AQS","360810124","1","44.2","ppb","42","QUEENS COLLEGE 2","24","100.0000","42602","Nitrogen dioxide (NO2)","256","35620","New York-Newark-Jersey City, NY-NJ-PA","36","New York","081","Queens","40.73614","-73.82153"
"02/15/2026","AQS","360810124","1","51.1","ppb","48","QUEENS COLLEGE 2","24","100.0000","42602","Nitrogen dioxide (NO2)","256","35620","New York-Newark-Jersey City, NY-NJ-PA","36","New York","081","Queens","40.73614","-73.82153"
"02/16/2026","AQS","360810124","1","45.7","ppb","42","QUEENS COLLEGE 2","24","100.0000","42602","Nitrogen dioxide (NO2)","256","35620","New York-Newark-Jersey City, NY-NJ-PA","36","New York","081","Queens","40.73614","-73.82153"
"02/17/2026","AQS","360810124","1","38.1","ppb","36","QUEENS COLLEGE 2","22","92.0000","42602","Nitrogen dioxide (NO2)","256","35620","New York-Newark-Jersey City, NY-NJ-PA","36","New York","081","Queens","40.73614","-73.82153"
"02/18/2026","AQS","360810124","1","31.6","ppb","29","QUEENS COLLEGE 2","24","100.0000","42602","Nitrogen dioxide (NO2)","256","35620","New York-Newark-Jersey City, NY-NJ-PA","36","New York","081","Queens","40.73614","-73.82153"
"02/19/2026","AQS","360810124","1","28.4","ppb","26","QUEENS COLLEGE 2","21","88.0000","42602","Nitrogen dioxide (NO2)","256","35620","New York-Newark-Jersey City, NY-NJ-PA","36","New York","081","Queens","40.73614","-73.82153"
"02/20/2026","AQS","360810124","1","23.6","ppb","22","QUEENS COLLEGE 2","24","100.0000","42602","Nitrogen dioxide (NO2)","256","35620","New York-Newark-Jersey City, NY-NJ-PA","36","New York","081","Queens","40.73614","-73.82153"
"02/21/2026","AQS","360810124","1","32.7","ppb","30","QUEENS COLLEGE 2","24","100.0000","42602","Nitrogen dioxide (NO2)","256","35620","New York-Newark-Jersey City, NY-NJ-PA","36","New York","081","Queens","40.73614","-73.82153"
"02/22/2026","AQS","360810124","1","19.8","ppb","18","QUEENS COLLEGE 2","24","100.0000","42602","Nitrogen dioxide (NO2)","256","35620","New York-Newark-Jersey City, NY-NJ-PA","36","New York","081","Queens","40.73614","-73.82153"
"02/23/2026","AQS","360810124","1","13.4","ppb","12","QUEENS COLLEGE 2","24","100.0000","42602","Nitrogen dioxide (NO2)","256","35620","New York-Newark-Jersey City, NY-NJ-PA","36","New York","081","Queens","40.73614","-73.82153"
"02/25/2026","AQS","360810124","1","37.4","ppb","35","QUEENS COLLEGE 2","24","100.0000","42602","Nitrogen dioxide (NO2)","256","35620","New York-Newark-Jersey City, NY-NJ-PA","36","New York","081","Queens","40.73614","-73.82153"
"02/26/2026","AQS","360810124","1","47","ppb","44","QUEENS COLLEGE 2","24","100.0000","42602","Nitrogen dioxide (NO2)","256","35620","New York-Newark-Jersey City, NY-NJ-PA","36","New York","081","Queens","40.73614","-73.82153"
"02/27/2026","AQS","360810124","1","36.7","ppb","34","QUEENS COLLEGE 2","24","100.0000","42602","Nitrogen dioxide (NO2)","256","35620","New York-Newark-Jersey City, NY-NJ-PA","36","New York","081","Queens","40.73614","-73.82153"
"02/28/2026","AQS","360810124","1","49.9","ppb","46","QUEENS COLLEGE 2","24","100.0000","42602","Nitrogen dioxide (NO2)","256","35620","New York-Newark-Jersey City, NY-NJ-PA","36","New York","081","Queens","40.73614","-73.82153"
"03/01/2026","AQS","360810124","1","47.4","ppb","44","QUEENS COLLEGE 2","24","100.0000","42602","Nitrogen dioxide (NO2)","256","35620","New York-Newark-Jersey City, NY-NJ-PA","36","New York","081","Queens","40.73614","-73.82153"
"03/02/2026","AQS","360810124","1","32.6","ppb","30","QUEENS COLLEGE 2","24","100.0000","42602","Nitrogen dioxide (NO2)","256","35620","New York-Newark-Jersey City, NY-NJ-PA","36","New York","081","Queens","40.73614","-73.82153"
"03/03/2026","AQS","360810124","1","39.6","ppb","37","QUEENS COLLEGE 2","22","92.0000","42602","Nitrogen dioxide (NO2)","256","35620","New York-Newark-Jersey City, NY-NJ-PA","36","New York","081","Queens","40.73614","-73.82153"
"03/04/2026","AQS","360810124","1","39.8","ppb","37","QUEENS COLLEGE 2","24","100.0000","42602","Nitrogen dioxide (NO2)","256","35620","New York-Newark-Jersey City, NY-NJ-PA","36","New York","081","Queens","40.73614","-73.82153"
"03/05/2026","AQS","360810124","1","33","ppb","31","QUEENS COLLEGE 2","24","100.0000","42602","Nitrogen dioxide (NO2)","256","35620","New York-Newark-Jersey City, NY-NJ-PA","36","New York","081","Queens","40.73614","-73.82153"
"03/06/2026","AQS","360810124","1","15.4","ppb","14","QUEENS COLLEGE 2","24","100.0000","42602","Nitrogen dioxide (NO2)","256","35620","New York-Newark-Jersey City, NY-NJ-PA","36","New York","081","Queens","40.73614","-73.82153"
"03/07/2026","AQS","360810124","1","31.3","ppb","29","QUEENS COLLEGE 2","24","100.0000","42602","Nitrogen dioxide (NO2)","256","35620","New York-Newark-Jersey City, NY-NJ-PA","36","New York","081","Queens","40.73614","-73.82153"
"03/08/2026","AQS","360810124","1","39.8","ppb","37","QUEENS COLLEGE 2","24","100.0000","42602","Nitrogen dioxide (NO2)","256","35620","New York-Newark-Jersey City, NY-NJ-PA","36","New York","081","Queens","40.73614","-73.82153"
"03/09/2026","AQS","360810124","1","42.7","ppb","40","QUEENS COLLEGE 2","24","100.0000","42602","Nitrogen dioxide (NO2)","256","35620","New York-Newark-Jersey City, NY-NJ-PA","36","New York","081","Queens","40.73614","-73.82153"
"03/10/2026","AQS","360810124","1","45.5","ppb","42","QUEENS COLLEGE 2","20","83.0000","42602","Nitrogen dioxide (NO2)","256","35620","New York-Newark-Jersey City, NY-NJ-PA","36","New York","081","Queens","40.73614","-73.82153"
"03/11/2026","AQS","360810124","1","44.4","ppb","42","QUEENS COLLEGE 2","24","100.0000","42602","Nitrogen dioxide (NO2)","256","35620","New York-Newark-Jersey City, NY-NJ-PA","36","New York","081","Queens","40.73614","-73.82153"
"03/12/2026","AQS","360810124","1","40.6","ppb","38","QUEENS COLLEGE 2","24","100.0000","42602","Nitrogen dioxide (NO2)","256","35620","New York-Newark-Jersey City, NY-NJ-PA","36","New York","081","Queens","40.73614","-73.82153"
"03/13/2026","AQS","360810124","1","19.2","ppb","18","QUEENS COLLEGE 2","24","100.0000","42602","Nitrogen dioxide (NO2)","256","35620","New York-Newark-Jersey City, NY-NJ-PA","36","New York","081","Queens","40.73614","-73.82153"
"03/14/2026","AQS","360810124","1","38.7","ppb","36","QUEENS COLLEGE 2","24","100.0000","42602","Nitrogen dioxide (NO2)","256","35620","New York-Newark-Jersey City, NY-NJ-PA","36","New York","081","Queens","40.73614","-73.82153"
"03/15/2026","AQS","360810124","1","10.5","ppb","9","QUEENS COLLEGE 2","24","100.0000","42602","Nitrogen dioxide (NO2)","256","35620","New York-Newark-Jersey City, NY-NJ-PA","36","New York","081","Queens","40.73614","-73.82153"
"03/16/2026","AQS","360810124","1","13.7","ppb","12","QUEENS COLLEGE 2","24","100.0000","42602","Nitrogen dioxide (NO2)","256","35620","New York-Newark-Jersey City, NY-NJ-PA","36","New York","081","Queens","40.73614","-73.82153"
"03/17/2026","AQS","360810124","1","10.6","ppb","9","QUEENS COLLEGE 2","22","92.0000","42602","Nitrogen dioxide (NO2)","256","35620","New York-Newark-Jersey City, NY-NJ-PA","36","New York","081","Queens","40.73614","-73.82153"
"03/18/2026","AQS","360810124","1","19.9","ppb","18","QUEENS COLLEGE 2","24","100.0000","42602","Nitrogen dioxide (NO2)","256","35620","New York-Newark-Jersey City, NY-NJ-PA","36","New York","081","Queens","40.73614","-73.82153"
"03/19/2026","AQS","360810124","1","29.7","ppb","27","QUEENS COLLEGE 2","22","92.0000","42602","Nitrogen dioxide (NO2)","256","35620","New York-Newark-Jersey City, NY-NJ-PA","36","New York","081","Queens","40.73614","-73.82153"
"03/20/2026","AQS","360810124","1","41.4","ppb","39","QUEENS COLLEGE 2","24","100.0000","42602","Nitrogen dioxide (NO2)","256","35620","New York-Newark-Jersey City, NY-NJ-PA","36","New York","081","Queens","40.73614","-73.82153"
"03/21/2026","AQS","360810124","1","36.2","ppb","34","QUEENS COLLEGE 2","24","100.0000","42602","Nitrogen dioxide (NO2)","256","35620","New York-Newark-Jersey City, NY-NJ-PA","36","New York","081","Queens","40.73614","-73.82153"
"03/22/2026","AQS","360810124","1","13.5","ppb","12","QUEENS COLLEGE 2","24","100.0000","42602","Nitrogen dioxide (NO2)","256","35620","New York-Newark-Jersey City, NY-NJ-PA","36","New York","081","Queens","40.73614","-73.82153"
"03/23/2026","AQS","360810124","1","15.5","ppb","14","QUEENS COLLEGE 2","20","83.0000","42602","Nitrogen dioxide (NO2)","256","35620","New York-Newark-Jersey City, NY-NJ-PA","36","New York","081","Queens","40.73614","-73.82153"
"03/24/2026","AQS","360810124","1","28.7","ppb","26","QUEENS COLLEGE 2","24","100.0000","42602","Nitrogen dioxide (NO2)","256","35620","New York-Newark-Jersey City, NY-NJ-PA","36","New York","081","Queens","40.73614","-73.82153"
"03/25/2026","AQS","360810124","1","41.9","ppb","39","QUEENS COLLEGE 2","24","100.0000","42602","Nitrogen dioxide (NO2)","256","35620","New York-Newark-Jersey City, NY-NJ-PA","36","New York","081","Queens","40.73614","-73.82153"
"03/26/2026","AQS","360810124","1","32.4","ppb","30","QUEENS COLLEGE 2","24","100.0000","42602","Nitrogen dioxide (NO2)","256","35620","New York-Newark-Jersey City, NY-NJ-PA","36","New York","081","Queens","40.73614","-73.82153"
"03/27/2026","AQS","360810124","1","21.2","ppb","20","QUEENS COLLEGE 2","24","100.0000","42602","Nitrogen dioxide (NO2)","256","35620","New York-Newark-Jersey City, NY-NJ-PA","36","New York","081","Queens","40.73614","-73.82153"
"03/28/2026","AQS","360810124","1","12.6","ppb","11","QUEENS COLLEGE 2","24","100.0000","42602","Nitrogen dioxide (NO2)","256","35620","New York-Newark-Jersey City, NY-NJ-PA","36","New York","081","Queens","40.73614","-73.82153"
"03/29/2026","AQS","360810124","1","43.2","ppb","41","QUEENS COLLEGE 2","24","100.0000","42602","Nitrogen dioxide (NO2)","256","35620","New York-Newark-Jersey City, NY-NJ-PA","36","New York","081","Queens","40.73614","-73.82153"
"03/30/2026","AQS","360810124","1","29.2","ppb","27","QUEENS COLLEGE 2","24","100.0000","42602","Nitrogen dioxide (NO2)","256","35620","New York-Newark-Jersey City, NY-NJ-PA","36","New York","081","Queens","40.73614","-73.82153"
"03/31/2026","AQS","360810124","1","33.4","ppb","31","QUEENS COLLEGE 2","24","100.0000","42602","Nitrogen dioxide (NO2)","256","35620","New York-Newark-Jersey City, NY-NJ-PA","36","New York","081","Queens","40.73614","-73.82153"
"04/01/2026","AQS","360810124","1","30.2","ppb","28","QUEENS COLLEGE 2","24","100.0000","42602","Nitrogen dioxide (NO2)","256","35620","New York-Newark-Jersey City, NY-NJ-PA","36","New York","081","Queens","40.73614","-73.82153"
"04/02/2026","AQS","360810124","1","9.6","ppb","8","QUEENS COLLEGE 2","24","100.0000","42602","Nitrogen dioxide (NO2)","256","35620","New York-Newark-Jersey City, NY-NJ-PA","36","New York","081","Queens","40.73614","-73.82153"
"04/03/2026","AQS","360810124","1","34.4","ppb","32","QUEENS COLLEGE 2","22","92.0000","42602","Nitrogen dioxide (NO2)","256","35620","New York-Newark-Jersey City, NY-NJ-PA","36","New York","081","Queens","40.73614","-73.82153"
"04/04/2026","AQS","360810124","1","32.9","ppb","30","QUEENS COLLEGE 2","24","100.0000","42602","Nitrogen dioxide (NO2)","256","35620","New York-Newark-Jersey City, NY-NJ-PA","36","New York","081","Queens","40.73614","-73.82153"
"04/05/2026","AQS","360810124","1","20.6","ppb","19","QUEENS COLLEGE 2","24","100.0000","42602","Nitrogen dioxide (NO2)","256","35620","New York-Newark-Jersey City, NY-NJ-PA","36","New York","081","Queens","40.73614","-73.82153"
"04/06/2026","AQS","360810124","1","19.6","ppb","18","QUEENS COLLEGE 2","24","100.0000","42602","Nitrogen dioxide (NO2)","256","35620","New York-Newark-Jersey City, NY-NJ-PA","36","New York","081","Queens","40.73614","-73.82153"
"04/07/2026","AQS","360810124","1","38.5","ppb","36","QUEENS COLLEGE 2","22","92.0000","42602","Nitrogen dioxide (NO2)","256","35620","New York-Newark-Jersey City, NY-NJ-PA","36","New York","081","Queens","40.73614","-73.82153"
"04/08/2026","AQS","360810124","1","16.2","ppb","15","QUEENS COLLEGE 2","19","79.0000","42602","Nitrogen dioxide (NO2)","256","35620","New York-Newark-Jersey City, NY-NJ-PA","36","New York","081","Queens","40.73614","-73.82153"
"04/09/2026","AQS","360810124","1","43.1","ppb","41","QUEENS COLLEGE 2","24","100.0000","42602","Nitrogen dioxide (NO2)","256","35620","New York-Newark-Jersey City, NY-NJ-PA","36","New York","081","Queens","40.73614","-73.82153"
"04/10/2026","AQS","360810124","1","30.5","ppb","28","QUEENS COLLEGE 2","24","100.0000","42602","Nitrogen dioxide (NO2)","256","35620","New York-Newark-Jersey City, NY-NJ-PA","36","New York","081","Queens","40.73614","-73.82153"
"04/11/2026","AQS","360810124","1","25.3","ppb","24","QUEENS COLLEGE 2","24","100.0000","42602","Nitrogen dioxide (NO2)","256","35620","New York-Newark-Jersey City, NY-NJ-PA","36","New York","081","Queens","40.73614","-73.82153"
"04/12/2026","AQS","360810124","1","18","ppb","17","QUEENS COLLEGE 2","24","100.0000","42602","Nitrogen dioxide (NO2)","256","35620","New York-Newark-Jersey City, NY-NJ-PA","36","New York","081","Queens","40.73614","-73.82153"
"04/13/2026","AQS","360810124","1","25","ppb","24","QUEENS COLLEGE 2","24","100.0000","42602","Nitrogen dioxide (NO2)","256","35620","New York-Newark-Jersey City, NY-NJ-PA","36","New York","081","Queens","40.73614","-73.82153"
"04/14/2026","AQS","360810124","1","41.2","ppb","39","QUEENS COLLEGE 2","21","88.0000","42602","Nitrogen dioxide (NO2)","256","35620","New York-Newark-Jersey City, NY-NJ-PA","36","New York","081","Queens","40.73614","-73.82153"
"04/15/2026","AQS","360810124","1","32.6","ppb","30","QUEENS COLLEGE 2","24","100.0000","42602","Nitrogen dioxide (NO2)","256","35620","New York-Newark-Jersey City, NY-NJ-PA","36","New York","081","Queens","40.73614","-73.82153"
"04/16/2026","AQS","360810124","1","31.3","ppb","29","QUEENS COLLEGE 2","24","100.0000","42602","Nitrogen dioxide (NO2)","256","35620","New York-Newark-Jersey City, NY-NJ-PA","36","New York","081","Queens","40.73614","-73.82153"
"04/17/2026","AQS","360810124","1","23.5","ppb","22","QUEENS COLLEGE 2","24","100.0000","42602","Nitrogen dioxide (NO2)","256","35620","New York-Newark-Jersey City, NY-NJ-PA","36","New York","081","Queens","40.73614","-73.82153"
"04/18/2026","AQS","360810124","1","11.1","ppb","10","QUEENS COLLEGE 2","24","100.0000","42602","Nitrogen dioxide (NO2)","256","35620","New York-Newark-Jersey City, NY-NJ-PA","36","New York","081","Queens","40.73614","-73.82153"
"04/19/2026","AQS","360810124","1","12.5","ppb","11","QUEENS COLLEGE 2","24","100.0000","42602","Nitrogen dioxide (NO2)","256","35620","New York-Newark-Jersey City, NY-NJ-PA","36","New York","081","Queens","40.73614","-73.82153"
"04/20/2026","AQS","360810124","1","37.1","ppb","35","QUEENS COLLEGE 2","24","100.0000","42602","Nitrogen dioxide (NO2)","256","35620","New York-Newark-Jersey City, NY-NJ-PA","36","New York","081","Queens","40.73614","-73.82153"
"04/21/2026","AQS","360810124","1","11.7","ppb","10","QUEENS COLLEGE 2","20","83.0000","42602","Nitrogen dioxide (NO2)","256","35620","New York-Newark-Jersey City, NY-NJ-PA","36","New York","081","Queens","40.73614","-73.82153"
"04/22/2026","AQS","360810124","1","13.3","ppb","12","QUEENS COLLEGE 2","24","100.0000","42602","Nitrogen dioxide (NO2)","256","35620","New York-Newark-Jersey City, NY-NJ-PA","36","New York","081","Queens","40.73614","-73.82153"
"04/23/2026","AQS","360810124","1","34.1","ppb","32","QUEENS COLLEGE 2","24","100.0000","42602","Nitrogen dioxide (NO2)","256","35620","New York-Newark-Jersey City, NY-NJ-PA","36","New York","081","Queens","40.73614","-73.82153"
"04/24/2026","AQS","360810124","1","32.2","ppb","30","QUEENS COLLEGE 2","24","100.0000","42602","Nitrogen dioxide (NO2)","256","35620","New York-Newark-Jersey City, NY-NJ-PA","36","New York","081","Queens","40.73614","-73.82153"
"04/25/2026","AQS","360810124","1","8.6","ppb","8","QUEENS COLLEGE 2","24","100.0000","42602","Nitrogen dioxide (NO2)","256","35620","New York-Newark-Jersey City, NY-NJ-PA","36","New York","081","Queens","40.73614","-73.82153"
"04/26/2026","AQS","360810124","1","41.6","ppb","39","QUEENS COLLEGE 2","24","100.0000","42602","Nitrogen dioxide (NO2)","256","35620","New York-Newark-Jersey City, NY-NJ-PA","36","New York","081","Queens","40.73614","-73.82153"
"04/27/2026","AQS","360810124","1","44.9","ppb","42","QUEENS COLLEGE 2","24","100.0000","42602","Nitrogen dioxide (NO2)","256","35620","New York-Newark-Jersey City, NY-NJ-PA","36","New York","081","Queens","40.73614","-73.82153"
"04/28/2026","AQS","360810124","1","39.3","ppb","37","QUEENS COLLEGE 2","22","92.0000","42602","Nitrogen dioxide (NO2)","256","35620","New York-Newark-Jersey City, NY-NJ-PA","36","New York","081","Queens","40.73614","-73.82153"
"04/29/2026","AQS","360810124","1","19.6","ppb","18","QUEENS COLLEGE 2","24","100.0000","42602","Nitrogen dioxide (NO2)","256","35620","New York-Newark-Jersey City, NY-NJ-PA","36","New York","081","Queens","40.73614","-73.82153"
"04/30/2026","AQS","360810124","1","22.4","ppb","21","QUEENS COLLEGE 2","24","100.0000","42602","Nitrogen dioxide (NO2)","256","35620","New York-Newark-Jersey City, NY-NJ-PA","36","New York","081","Queens","40.73614","-73.82153"
"01/01/2026","AQS","360810125","1","23.1","ppb","22","Queens College Near Road","24","100.0000","42602","Nitrogen dioxide (NO2)","256","35620","New York-Newark-Jersey City, NY-NJ-PA","36","New York","081","Queens","40.739264","-73.817694"
"01/02/2026","AQS","360810125","1","26.9","ppb","25","Queens College Near Road","24","100.0000","42602","Nitrogen dioxide (NO2)","256","35620","New York-Newark-Jersey City, NY-NJ-PA","36","New York","081","Queens","40.739264","-73.817694"
"01/03/2026","AQS","360810125","1","26.4","ppb","25","Queens College Near Road","24","100.0000","42602","Nitrogen dioxide (NO2)","256","35620","New York-Newark-Jersey City, NY-NJ-PA","36","New York","081","Queens","40.739264","-73.817694"
"01/04/2026","AQS","360810125","1","27.2","ppb","25","Queens College Near Road","24","100.0000","42602","Nitrogen dioxide (NO2)","256","35620","New York-Newark-Jersey City, NY-NJ-PA","36","New York","081","Queens","40.739264","-73.817694"
"01/05/2026","AQS","360810125","1","48.1","ppb","45","Queens College Near Road","24","100.0000","42602","Nitrogen dioxide (NO2)","256","35620","New York-Newark-Jersey City, NY-NJ-PA","36","New York","081","Queens","40.739264","-73.817694"
"01/06/2026","AQS","360810125","1","55.5","ppb","52","Queens College Near Road","24","100.0000","42602","Nitrogen dioxide (NO2)","256","35620","New York-Newark-Jersey City, NY-NJ-PA","36","New York","081","Queens","40.739264","-73.817694"
"01/08/2026","AQS","360810125","1","39.9","ppb","37","Queens College Near Road","24","100.0000","42602","Nitrogen dioxide (NO2)","256","35620","New York-Newark-Jersey City, NY-NJ-PA","36","New York","081","Queens","40.739264","-73.817694"
"01/09/2026","AQS","360810125","1","40.8","ppb","38","Queens College Near Road","20","83.0000","42602","Nitrogen dioxide (NO2)","256","35620","New York-Newark-Jersey City, NY-NJ-PA","36","New York","081","Queens","40.739264","-73.817694"
"01/10/2026","AQS","360810125","1","23","ppb","22","Queens College Near Road","24","100.0000","42602","Nitrogen dioxide (NO2)","256","35620","New York-Newark-Jersey City, NY-NJ-PA","36","New York","081","Queens","40.739264","-73.817694"
"01/11/2026","AQS","360810125","1","24.9","ppb","23","Queens College Near Road","24","100.0000","42602","Nitrogen dioxide (NO2)","256","35620","New York-Newark-Jersey City, NY-NJ-PA","36","New York","081","Queens","40.739264","-73.817694"
"01/12/2026","AQS","360810125","1","26.1","ppb","25","Queens College Near Road","23","96.0000","42602","Nitrogen dioxide (NO2)","256","35620","New York-Newark-Jersey City, NY-NJ-PA","36","New York","081","Queens","40.739264","-73.817694"
"01/13/2026","AQS","360810125","1","34.7","ppb","32","Queens College Near Road","24","100.0000","42602","Nitrogen dioxide (NO2)","256","35620","New York-Newark-Jersey City, NY-NJ-PA","36","New York","081","Queens","40.739264","-73.817694"
"01/14/2026","AQS","360810125","1","39.8","ppb","37","Queens College Near Road","22","92.0000","42602","Nitrogen dioxide (NO2)","256","35620","New York-Newark-Jersey City, NY-NJ-PA","36","New York","081","Queens","40.739264","-73.817694"
"01/15/2026","AQS","360810125","1","27.6","ppb","25","Queens College Near Road","24","100.0000","42602","Nitrogen dioxide (NO2)","256","35620","New York-Newark-Jersey City, NY-NJ-PA","36","New York","081","Queens","40.739264","-73.817694"
"01/16/2026","AQS","360810125","1","21.7","ppb","20","Queens College Near Road","24","100.0000","42602","Nitrogen dioxide (NO2)","256","35620","New York-Newark-Jersey City, NY-NJ-PA","36","New York","081","Queens","40.739264","-73.817694"
"01/17/2026","AQS","360810125","1","36.9","ppb","34","Queens College Near Road","24","100.0000","42602","Nitrogen dioxide (NO2)","256","35620","New York-Newark-Jersey City, NY-NJ-PA","36","New York","081","Queens","40.739264","-73.817694"
"01/18/2026","AQS","360810125","1","40.8","ppb","38","Queens College Near Road","24","100.0000","42602","Nitrogen dioxide (NO2)","256","35620","New York-Newark-Jersey City, NY-NJ-PA","36","New York","081","Queens","40.739264","-73.817694"
"01/19/2026","AQS","360810125","1","28.2","ppb","26","Queens College Near Road","24","100.0000","42602","Nitrogen dioxide (NO2)","256","35620","New York-Newark-Jersey City, NY-NJ-PA","36","New York","081","Queens","40.739264","-73.817694"
"01/20/2026","AQS","360810125","1","26.8","ppb","25","Queens College Near Road","24","100.0000","42602","Nitrogen dioxide (NO2)","256","35620","New York-Newark-Jersey City, NY-NJ-PA","36","New York","081","Queens","40.739264","-73.817694"
"01/21/2026","AQS","360810125","1","42.3","ppb","40","Queens College Near Road","20","83.0000","42602","Nitrogen dioxide (NO2)","256","35620","New York-Newark-Jersey City, NY-NJ-PA","36","New York","081","Queens","40.739264","-73.817694"
"01/22/2026","AQS","360810125","1","29.6","ppb","27","Queens College Near Road","24","100.0000","42602","Nitrogen dioxide (NO2)","256","35620","New York-Newark-Jersey City, NY-NJ-PA","36","New York","081","Queens","40.739264","-73.817694"
"01/23/2026","AQS","360810125","1","27.8","ppb","25","Queens College Near Road","24","100.0000","42602","Nitrogen dioxide (NO2)","256","35620","New York-Newark-Jersey City, NY-NJ-PA","36","New York","081","Queens","40.739264","-73.817694"
"01/24/2026","AQS","360810125","1","21.8","ppb","20","Queens College Near Road","24","100.0000","42602","Nitrogen dioxide (NO2)","256","35620","New York-Newark-Jersey City, NY-NJ-PA","36","New York","081","Queens","40.739264","-73.817694"
"01/25/2026","AQS","360810125","1","20.6","ppb","19","Queens College Near Road","24","100.0000","42602","Nitrogen dioxide (NO2)","256","35620","New York-Newark-Jersey City, NY-NJ-PA","36","New York","081","Queens","40.739264","-73.817694"
"01/26/2026","AQS","360810125","1","33.3","ppb","31","Queens College Near Road","24","100.0000","42602","Nitrogen dioxide (NO2)","256","35620","New York-Newark-Jersey City, NY-NJ-PA","36","New York","081","Queens","40.739264","-73.817694"
"01/27/2026","AQS","360810125","1","28.6","ppb","26","Queens College Near Road","24","100.0000","42602","Nitrogen dioxide (NO2)","256","35620","New York-Newark-Jersey City, NY-NJ-PA","36","New York","081","Queens","40.739264","-73.817694"
"01/28/2026","AQS","360810125","1","28.1","ppb","26","Queens College Near Road","22","92.0000","42602","Nitrogen dioxide (NO2)","256","35620","New York-Newark-Jersey City, NY-NJ-PA","36","New York","081","Queens","40.739264","-73.817694"
"01/29/2026","AQS","360810125","1","33.2","ppb","31","Queens College Near Road","24","100.0000","42602","Nitrogen dioxide (NO2)","256","35620","New York-Newark-Jersey City, NY-NJ-PA","36","New York","081","Queens","40.739264","-73.817694"
"01/30/2026","AQS","360810125","1","23.2","ppb","22","Queens College Near Road","24","100.0000","42602","Nitrogen dioxide (NO2)","256","35620","New York-Newark-Jersey City, NY-NJ-PA","36","New York","081","Queens","40.739264","-73.817694"
"01/31/2026","AQS","360810125","1","39.3","ppb","37","Queens College Near Road","24","100.0000","42602","Nitrogen dioxide (NO2)","256","35620","New York-Newark-Jersey City, NY-NJ-PA","36","New York","081","Queens","40.739264","-73.817694"
"02/01/2026","AQS","360810125","1","23.9","ppb","22","Queens College Near Road","24","100.0000","42602","Nitrogen dioxide (NO2)","256","35620","New York-Newark-Jersey City, NY-NJ-PA","36","New York","081","Queens","40.739264","-73.817694"
"02/02/2026","AQS","360810125","1","30.8","ppb","28","Queens College Near Road","24","100.0000","42602","Nitrogen dioxide (NO2)","256","35620","New York-Newark-Jersey City, NY-NJ-PA","36","New York","081","Queens","40.739264","-73.817694"
"02/03/2026","AQS","360810125","1","52.4","ppb","49","Queens College Near Road","24","100.0000","42602","Nitrogen dioxide (NO2)","256","35620","New York-Newark-Jersey City, NY-NJ-PA","36","New York","081","Queens","40.739264","-73.817694"
"02/04/2026","AQS","360810125","1","37.4","ppb","35","Queens College Near Road","20","83.0000","42602","Nitrogen dioxide (NO2)","256","35620","New York-Newark-Jersey City, NY-NJ-PA","36","New York","081","Queens","40.739264","-73.817694"
"02/05/2026","AQS","360810125","1","44.4","ppb","42","Queens College Near Road","24","100.0000","42602","Nitrogen dioxide (NO2)","256","35620","New York-Newark-Jersey City, NY-NJ-PA","36","New York","081","Queens","40.739264","-73.817694"
"02/06/2026","AQS","360810125","1","66","ppb","64","Queens College Near Road","24","100.0000","42602","Nitrogen dioxide (NO2)","256","35620","New York-Newark-Jersey City, NY-NJ-PA","36","New York","081","Queens","40.739264","-73.817694"
"02/07/2026","AQS","360810125","1","30.2","ppb","28","Queens College Near Road","24","100.0000","42602","Nitrogen dioxide (NO2)","256","35620","New York-Newark-Jersey City, NY-NJ-PA","36","New York","081","Queens","40.739264","-73.817694"
"02/08/2026","AQS","360810125","1","16.5","ppb","15","Queens College Near Road","24","100.0000","42602","Nitrogen dioxide (NO2)","256","35620","New York-Newark-Jersey City, NY-NJ-PA","36","New York","081","Queens","40.739264","-73.817694"
"02/10/2026","AQS","360810125","1","46.8","ppb","43","Queens College Near Road","21","88.0000","42602","Nitrogen dioxide (NO2)","256","35620","New York-Newark-Jersey City, NY-NJ-PA","36","New York","081","Queens","40.739264","-73.817694"
"02/11/2026","AQS","360810125","1","45","ppb","42","Queens College Near Road","20","83.0000","42602","Nitrogen dioxide (NO2)","256","35620","New York-Newark-Jersey City, NY-NJ-PA","36","New York","081","Queens","40.739264","-73.817694"
"02/12/2026","AQS","360810125","1","19.8","ppb","18","Queens College Near Road","24","100.0000","42602","Nitrogen dioxide (NO2)","256","35620","New York-Newark-Jersey City, NY-NJ-PA","36","New York","081","Queens","40.739264","-73.817694"
"02/13/2026","AQS","360810125","1","36.4","ppb","34","Queens College Near Road","24","100.0000","42602","Nitrogen dioxide (NO2)","256","35620","New York-Newark-Jersey City, NY-NJ-PA","36","New York","081","Queens","40.739264","-73.817694"
"02/14/2026","AQS","360810125","1","49","ppb","46","Queens College Near Road","24","100.0000","42602","Nitrogen dioxide (NO2)","256","35620","New York-Newark-Jersey City, NY-NJ-PA","36","New York","081","Queens","40.739264","-73.817694"
"02/15/2026","AQS","360810125","1","54.9","ppb","51","Queens College Near Road","24","100.0000","42602","Nitrogen dioxide (NO2)","256","35620","New York-Newark-Jersey City, NY-NJ-PA","36","New York","081","Queens","40.739264","-73.817694"
"02/16/2026","AQS","360810125","1","47.1","ppb","44","Queens College Near Road","24","100.0000","42602","Nitrogen dioxide (NO2)","256","35620","New York-Newark-Jersey City, NY-NJ-PA","36","New York","081","Queens","40.739264","-73.817694"
"02/17/2026","AQS","360810125","1","39.3","ppb","37","Queens College Near Road","24","100.0000","42602","Nitrogen dioxide (NO2)","256","35620","New York-Newark-Jersey City, NY-NJ-PA","36","New York","081","Queens","40.739264","-73.817694"
"02/19/2026","AQS","360810125","1","31","ppb","29","Queens College Near Road","24","100.0000","42602","Nitrogen dioxide (NO2)","256","35620","New York-Newark-Jersey City, NY-NJ-PA","36","New York","081","Queens","40.739264","-73.817694"
"02/20/2026","AQS","360810125","1","30.8","ppb","28","Queens College Near Road","24","100.0000","42602","Nitrogen dioxide (NO2)","256","35620","New York-Newark-Jersey City, NY-NJ-PA","36","New York","081","Queens","40.739264","-73.817694"
"02/21/2026","AQS","360810125","1","33.3","ppb","31","Queens College Near Road","24","100.0000","42602","Nitrogen dioxide (NO2)","256","35620","New York-Newark-Jersey City, NY-NJ-PA","36","New York","081","Queens","40.739264","-73.817694"
"02/22/2026","AQS","360810125","1","23.9","ppb","22","Queens College Near Road","24","100.0000","42602","Nitrogen dioxide (NO2)","256","35620","New York-Newark-Jersey City, NY-NJ-PA","36","New York","081","Queens","40.739264","-73.817694"
"02/23/2026","AQS","360810125","1","14.4","ppb","13","Queens College Near Road","24","100.0000","42602","Nitrogen dioxide (NO2)","256","35620","New York-Newark-Jersey City, NY-NJ-PA","36","New York","081","Queens","40.739264","-73.817694"
"02/24/2026","AQS","360810125","1","46.7","ppb","43","Queens College Near Road","24","100.0000","42602","Nitrogen dioxide (NO2)","256","35620","New York-Newark-Jersey City, NY-NJ-PA","36","New York","081","Queens","40.739264","-73.817694"
"02/25/2026","AQS","360810125","1","38.7","ppb","36","Queens College Near Road","22","92.0000","42602","Nitrogen dioxide (NO2)","256","35620","New York-Newark-Jersey City, NY-NJ-PA","36","New York","081","Queens","40.739264","-73.817694"
"02/26/2026","AQS","360810125","1","48.7","ppb","45","Queens College Near Road","24","100.0000","42602","Nitrogen dioxide (NO2)","256","35620","New York-Newark-Jersey City, NY-NJ-PA","36","New York","081","Queens","40.739264","-73.817694"
"02/27/2026","AQS","360810125","1","43.3","ppb","41","Queens College Near Road","24","100.0000","42602","Nitrogen dioxide (NO2)","256","35620","New York-Newark-Jersey City, NY-NJ-PA","36","New York","081","Queens","40.739264","-73.817694"
"02/28/2026","AQS","360810125","1","52.5","ppb","49","Queens College Near Road","24","100.0000","42602","Nitrogen dioxide (NO2)","256","35620","New York-Newark-Jersey City, NY-NJ-PA","36","New York","081","Queens","40.739264","-73.817694"
"03/01/2026","AQS","360810125","1","48.2","ppb","45","Queens College Near Road","24","100.0000","42602","Nitrogen dioxide (NO2)","256","35620","New York-Newark-Jersey City, NY-NJ-PA","36","New York","081","Queens","40.739264","-73.817694"
"03/02/2026","AQS","360810125","1","35.8","ppb","33","Queens College Near Road","24","100.0000","42602","Nitrogen dioxide (NO2)","256","35620","New York-Newark-Jersey City, NY-NJ-PA","36","New York","081","Queens","40.739264","-73.817694"
"03/03/2026","AQS","360810125","1","49.1","ppb","46","Queens College Near Road","24","100.0000","42602","Nitrogen dioxide (NO2)","256","35620","New York-Newark-Jersey City, NY-NJ-PA","36","New York","081","Queens","40.739264","-73.817694"
"03/04/2026","AQS","360810125","1","43.4","ppb","41","Queens College Near Road","20","83.0000","42602","Nitrogen dioxide (NO2)","256","35620","New York-Newark-Jersey City, NY-NJ-PA","36","New York","081","Queens","40.739264","-73.817694"
"03/05/2026","AQS","360810125","1","37.3","ppb","35","Queens College Near Road","24","100.0000","42602","Nitrogen dioxide (NO2)","256","35620","New York-Newark-Jersey City, NY-NJ-PA","36","New York","081","Queens","40.739264","-73.817694"
"03/06/2026","AQS","360810125","1","25.5","ppb","24","Queens College Near Road","24","100.0000","42602","Nitrogen dioxide (NO2)","256","35620","New York-Newark-Jersey City, NY-NJ-PA","36","New York","081","Queens","40.739264","-73.817694"
"03/07/2026","AQS","360810125","1","32","ppb","30","Queens College Near Road","24","100.0000","42602","Nitrogen dioxide (NO2)","256","35620","New York-Newark-Jersey City, NY-NJ-PA","36","New York","081","Queens","40.739264","-73.817694"
"03/08/2026","AQS","360810125","1","38.1","ppb","36","Queens College Near Road","24","100.0000","42602","Nitrogen dioxide (NO2)","256","35620","New York-Newark-Jersey City, NY-NJ-PA","36","New York","081","Queens","40.739264","-73.817694"
"03/09/2026","AQS","360810125","1","50","ppb","47","Queens College Near Road","24","100.0000","42602","Nitrogen dioxide (NO2)","256","35620","New York-Newark-Jersey City, NY-NJ-PA","36","New York","081","Queens","40.739264","-73.817694"
"03/10/2026","AQS","360810125","1","46.4","ppb","43","Queens College Near Road","24","100.0000","42602","Nitrogen dioxide (NO2)","256","35620","New York-Newark-Jersey City, NY-NJ-PA","36","New York","081","Queens","40.739264","-73.817694"
"03/11/2026","AQS","360810125","1","40.2","ppb","38","Queens College Near Road","20","83.0000","42602","Nitrogen dioxide (NO2)","256","35620","New York-Newark-Jersey City, NY-NJ-PA","36","New York","081","Queens","40.739264","-73.817694"
"03/12/2026","AQS","360810125","1","40","ppb","38","Queens College Near Road","24","100.0000","42602","Nitrogen dioxide (NO2)","256","35620","New York-Newark-Jersey City, NY-NJ-PA","36","New York","081","Queens","40.739264","-73.817694"
"03/13/2026","AQS","360810125","1","24.9","ppb","23","Queens College Near Road","24","100.0000","42602","Nitrogen dioxide (NO2)","256","35620","New York-Newark-Jersey City, NY-NJ-PA","36","New York","081","Queens","40.739264","-73.817694"
"03/14/2026","AQS","360810125","1","40","ppb","38","Queens College Near Road","24","100.0000","42602","Nitrogen dioxide (NO2)","256","35620","New York-Newark-Jersey City, NY-NJ-PA","36","New York","081","Queens","40.739264","-73.817694"
"03/15/2026","AQS","360810125","1","15.3","ppb","14","Queens College Near Road","24","100.0000","42602","Nitrogen dioxide (NO2)","256","35620","New York-Newark-Jersey City, NY-NJ-PA","36","New York","081","Queens","40.739264","-73.817694"
"03/16/2026","AQS","360810125","1","13.9","ppb","12","Queens College Near Road","24","100.0000","42602","Nitrogen dioxide (NO2)","256","35620","New York-Newark-Jersey City, NY-NJ-PA","36","New York","081","Queens","40.739264","-73.817694"
"03/17/2026","AQS","360810125","1","12.5","ppb","11","Queens College Near Road","24","100.0000","42602","Nitrogen dioxide (NO2)","256","35620","New York-Newark-Jersey City, NY-NJ-PA","36","New York","081","Queens","40.739264","-73.817694"
"03/18/2026","AQS","360810125","1","23.2","ppb","22","Queens College Near Road","19","79.0000","42602","Nitrogen dioxide (NO2)","256","35620","New York-Newark-Jersey City, NY-NJ-PA","36","New York","081","Queens","40.739264","-73.817694"
"03/19/2026","AQS","360810125","1","31.8","ppb","29","Queens College Near Road","24","100.0000","42602","Nitrogen dioxide (NO2)","256","35620","New York-Newark-Jersey City, NY-NJ-PA","36","New York","081","Queens","40.739264","-73.817694"
"03/20/2026","AQS","360810125","1","42.4","ppb","40","Queens College Near Road","24","100.0000","42602","Nitrogen dioxide (NO2)","256","35620","New York-Newark-Jersey City, NY-NJ-PA","36","New York","081","Queens","40.739264","-73.817694"
"03/21/2026","AQS","360810125","1","38.5","ppb","36","Queens College Near Road","24","100.0000","42602","Nitrogen dioxide (NO2)","256","35620","New York-Newark-Jersey City, NY-NJ-PA","36","New York","081","Queens","40.739264","-73.817694"
"03/22/2026","AQS","360810125","1","20","ppb","19","Queens College Near Road","24","100.0000","42602","Nitrogen dioxide (NO2)","256","35620","New York-Newark-Jersey City, NY-NJ-PA","36","New York","081","Queens","40.739264","-73.817694"
"03/23/2026","AQS","360810125","1","46.7","ppb","43","Queens College Near Road","24","100.0000","42602","Nitrogen dioxide (NO2)","256","35620","New York-Newark-Jersey City, NY-NJ-PA","36","New York","081","Queens","40.739264","-73.817694"
"03/24/2026","AQS","360810125","1","35.1","ppb","33","Queens College Near Road","24","100.0000","42602","Nitrogen dioxide (NO2)","256","35620","New York-Newark-Jersey City, NY-NJ-PA","36","New York","081","Queens","40.739264","-73.817694"
"03/25/2026","AQS","360810125","1","43.8","ppb","41","Queens College Near Road","22","92.0000","42602","Nitrogen dioxide (NO2)","256","35620","New York-Newark-Jersey City, NY-NJ-PA","36","New York","081","Queens","40.739264","-73.817694"
"03/26/2026","AQS","360810125","1","31.5","ppb","29","Queens College Near Road","24","100.0000","42602","Nitrogen dioxide (NO2)","256","35620","New York-Newark-Jersey City, NY-NJ-PA","36","New York","081","Queens","40.739264","-73.817694"
"03/27/2026","AQS","360810125","1","33.2","ppb","31","Queens College Near Road","24","100.0000","42602","Nitrogen dioxide (NO2)","256","35620","New York-Newark-Jersey City, NY-NJ-PA","36","New York","081","Queens","40.739264","-73.817694"
"03/28/2026","AQS","360810125","1","23.5","ppb","22","Queens College Near Road","24","100.0000","42602","Nitrogen dioxide (NO2)","256","35620","New York-Newark-Jersey City, NY-NJ-PA","36","New York","081","Queens","40.739264","-73.817694"
"03/29/2026","AQS","360810125","1","43.7","ppb","41","Queens College Near Road","24","100.0000","42602","Nitrogen dioxide (NO2)","256","35620","New York-Newark-Jersey City, NY-NJ-PA","36","New York","081","Queens","40.739264","-73.817694"
"03/30/2026","AQS","360810125","1","32.8","ppb","30","Queens College Near Road","24","100.0000","42602","Nitrogen dioxide (NO2)","256","35620","New York-Newark-Jersey City, NY-NJ-PA","36","New York","081","Queens","40.739264","-73.817694"
"03/31/2026","AQS","360810125","1","33.3","ppb","31","Queens College Near Road","24","100.0000","42602","Nitrogen dioxide (NO2)","256","35620","New York-Newark-Jersey City, NY-NJ-PA","36","New York","081","Queens","40.739264","-73.817694"
"04/01/2026","AQS","360810125","1","33.4","ppb","31","Queens College Near Road","19","79.0000","42602","Nitrogen dioxide (NO2)","256","35620","New York-Newark-Jersey City, NY-NJ-PA","36","New York","081","Queens","40.739264","-73.817694"
"04/02/2026","AQS","360810125","1","14.7","ppb","13","Queens College Near Road","24","100.0000","42602","Nitrogen dioxide (NO2)","256","35620","New York-Newark-Jersey City, NY-NJ-PA","36","New York","081","Queens","40.739264","-73.817694"
"04/03/2026","AQS","360810125","1","36","ppb","34","Queens College Near Road","24","100.0000","42602","Nitrogen dioxide (NO2)","256","35620","New York-Newark-Jersey City, NY-NJ-PA","36","New York","081","Queens","40.739264","-73.817694"
"04/04/2026","AQS","360810125","1","33","ppb","31","Queens College Near Road","24","100.0000","42602","Nitrogen dioxide (NO2)","256","35620","New York-Newark-Jersey City, NY-NJ-PA","36","New York","081","Queens","40.739264","-73.817694"
"04/05/2026","AQS","360810125","1","21.9","ppb","20","Queens College Near Road","24","100.0000","42602","Nitrogen dioxide (NO2)","256","35620","New York-Newark-Jersey City, NY-NJ-PA","36","New York","081","Queens","40.739264","-73.817694"
"04/06/2026","AQS","360810125","1","30","ppb","28","Queens College Near Road","24","100.0000","42602","Nitrogen dioxide (NO2)","256","35620","New York-Newark-Jersey City, NY-NJ-PA","36","New York","081","Queens","40.739264","-73.817694"
"04/07/2026","AQS","360810125","1","38.8","ppb","36","Queens College Near Road","24","100.0000","42602","Nitrogen dioxide (NO2)","256","35620","New York-Newark-Jersey City, NY-NJ-PA","36","New York","081","Queens","40.739264","-73.817694"
"04/08/2026","AQS","360810125","1","17.5","ppb","16","Queens College Near Road","22","92.0000","42602","Nitrogen dioxide (NO2)","256","35620","New York-Newark-Jersey City, NY-NJ-PA","36","New York","081","Queens","40.739264","-73.817694"
"04/09/2026","AQS","360810125","1","48.7","ppb","45","Queens College Near Road","24","100.0000","42602","Nitrogen dioxide (NO2)","256","35620","New York-Newark-Jersey City, NY-NJ-PA","36","New York","081","Queens","40.739264","-73.817694"
"04/10/2026","AQS","360810125","1","30.1","ppb","28","Queens College Near Road","24","100.0000","42602","Nitrogen dioxide (NO2)","256","35620","New York-Newark-Jersey City, NY-NJ-PA","36","New York","081","Queens","40.739264","-73.817694"
"04/11/2026","AQS","360810125","1","27.6","ppb","25","Queens College Near Road","24","100.0000","42602","Nitrogen dioxide (NO2)","256","35620","New York-Newark-Jersey City, NY-NJ-PA","36","New York","081","Queens","40.739264","-73.817694"
"04/12/2026","AQS","360810125","1","22.8","ppb","21","Queens College Near Road","24","100.0000","42602","Nitrogen dioxide (NO2)","256","35620","New York-Newark-Jersey City, NY-NJ-PA","36","New York","081","Queens","40.739264","-73.817694"
"04/13/2026","AQS","360810125","1","22.9","ppb","21","Queens College Near Road","24","100.0000","42602","Nitrogen dioxide (NO2)","256","35620","New York-Newark-Jersey City, NY-NJ-PA","36","New York","081","Queens","40.739264","-73.817694"
"04/14/2026","AQS","360810125","1","40.8","ppb","38","Queens College Near Road","24","100.0000","42602","Nitrogen dioxide (NO2)","256","35620","New York-Newark-Jersey City, NY-NJ-PA","36","New York","081","Queens","40.739264","-73.817694"
"04/15/2026","AQS","360810125","1","34.2","ppb","32","Queens College Near Road","20","83.0000","42602","Nitrogen dioxide (NO2)","256","35620","New York-Newark-Jersey City, NY-NJ-PA","36","New York","081","Queens","40.739264","-73.817694"
"04/16/2026","AQS","360810125","1","31.6","ppb","29","Queens College Near Road","24","100.0000","42602","Nitrogen dioxide (NO2)","256","35620","New York-Newark-Jersey City, NY-NJ-PA","36","New York","081","Queens","40.739264","-73.817694"
"04/17/2026","AQS","360810125","1","29.7","ppb","27","Queens College Near Road","24","100.0000","42602","Nitrogen dioxide (NO2)","256","35620","New York-Newark-Jersey City, NY-NJ-PA","36","New York","081","Queens","40.739264","-73.817694"
"04/18/2026","AQS","360810125","1","17.7","ppb","16","Queens College Near Road","24","100.0000","42602","Nitrogen dioxide (NO2)","256","35620","New York-Newark-Jersey City, NY-NJ-PA","36","New York","081","Queens","40.739264","-73.817694"
"04/19/2026","AQS","360810125","1","18.9","ppb","17","Queens College Near Road","24","100.0000","42602","Nitrogen dioxide (NO2)","256","35620","New York-Newark-Jersey City, NY-NJ-PA","36","New York","081","Queens","40.739264","-73.817694"
"04/20/2026","AQS","360810125","1","38.5","ppb","36","Queens College Near Road","24","100.0000","42602","Nitrogen dioxide (NO2)","256","35620","New York-Newark-Jersey City, NY-NJ-PA","36","New York","081","Queens","40.739264","-73.817694"
"04/21/2026","AQS","360810125","1","32.1","ppb","30","Queens College Near Road","24","100.0000","42602","Nitrogen dioxide (NO2)","256","35620","New York-Newark-Jersey City, NY-NJ-PA","36","New York","081","Queens","40.739264","-73.817694"
"04/22/2026","AQS","360810125","1","23.4","ppb","22","Queens College Near Road","22","92.0000","42602","Nitrogen dioxide (NO2)","256","35620","New York-Newark-Jersey City, NY-NJ-PA","36","New York","081","Queens","40.739264","-73.817694"
"04/23/2026","AQS","360810125","1","34.8","ppb","32","Queens College Near Road","24","100.0000","42602","Nitrogen dioxide (NO2)","256","35620","New York-Newark-Jersey City, NY-NJ-PA","36","New York","081","Queens","40.739264","-73.817694"
"04/24/2026","AQS","360810125","1","40.1","ppb","38","Queens College Near Road","24","100.0000","42602","Nitrogen dioxide (NO2)","256","35620","New York-Newark-Jersey City, NY-NJ-PA","36","New York","081","Queens","40.739264","-73.817694"
"04/25/2026","AQS","360810125","1","16.8","ppb","15","Queens College Near Road","24","100.0000","42602","Nitrogen dioxide (NO2)","256","35620","New York-Newark-Jersey City, NY-NJ-PA","36","New York","081","Queens","40.739264","-73.817694"
"04/26/2026","AQS","360810125","1","43.5","ppb","41","Queens College Near Road","24","100.0000","42602","Nitrogen dioxide (NO2)","256","35620","New York-Newark-Jersey City, NY-NJ-PA","36","New York","081","Queens","40.739264","-73.817694"
"04/27/2026","AQS","360810125","1","44.4","ppb","42","Queens College Near Road","24","100.0000","42602","Nitrogen dioxide (NO2)","256","35620","New York-Newark-Jersey City, NY-NJ-PA","36","New York","081","Queens","40.739264","-73.817694"
"04/28/2026","AQS","360810125","1","41.2","ppb","39","Queens College Near Road","24","100.0000","42602","Nitrogen dioxide (NO2)","256","35620","New York-Newark-Jersey City, NY-NJ-PA","36","New York","081","Queens","40.739264","-73.817694"
"04/29/2026","AQS","360810125","1","21.1","ppb","20","Queens College Near Road","20","83.0000","42602","Nitrogen dioxide (NO2)","256","35620","New York-Newark-Jersey City, NY-NJ-PA","36","New York","081","Queens","40.739264","-73.817694"
"04/30/2026","AQS","360810125","1","24.7","ppb","23","Queens College Near Road","24","100.0000","42602","Nitrogen dioxide (NO2)","256","35620","New York-Newark-Jersey City, NY-NJ-PA","36","New York","081","Queens","40.739264","-73.817694"
"05/01/2026","AQS","360810125","1","19.4","ppb","18","Queens College Near Road","24","100.0000","42602","Nitrogen dioxide (NO2)","256","35620","New York-Newark-Jersey City, NY-NJ-PA","36","New York","081","Queens","40.739264","-73.817694"
"05/02/2026","AQS","360810125","1","24.6","ppb","23","Queens College Near Road","24","100.0000","42602","Nitrogen dioxide (NO2)","256","35620","New York-Newark-Jersey City, NY-NJ-PA","36","New York","081","Queens","40.739264","-73.817694"
"05/03/2026","AQS","360810125","1","25.2","ppb","24","Queens College Near Road","24","100.0000","42602","Nitrogen dioxide (NO2)","256","35620","New York-Newark-Jersey City, NY-NJ-PA","36","New York","081","Queens","40.739264","-73.817694"
"05/04/2026","AQS","360810125","1","27","ppb","25","Queens College Near Road","24","100.0000","42602","Nitrogen dioxide (NO2)","256","35620","New York-Newark-Jersey City, NY-NJ-PA","36","New York","081","Queens","40.739264","-73.817694"
"05/05/2026","AQS","360810125","1","28.2","ppb","26","Queens College Near Road","24","100.0000","42602","Nitrogen dioxide (NO2)","256","35620","New York-Newark-Jersey City, NY-NJ-PA","36","New York","081","Queens","40.739264","-73.817694"
"05/06/2026","AQS","360810125","1","24.9","ppb","23","Queens College Near Road","21","88.0000","42602","Nitrogen dioxide (NO2)","256","35620","New York-Newark-Jersey City, NY-NJ-PA","36","New York","081","Queens","40.739264","-73.817694"
"05/07/2026","AQS","360810125","1","48","ppb","45","Queens College Near Road","20","83.0000","42602","Nitrogen dioxide (NO2)","256","35620","New York-Newark-Jersey City, NY-NJ-PA","36","New York","081","Queens","40.739264","-73.817694"
"05/09/2026","AQS","360810125","1","32.3","ppb","30","Queens College Near Road","24","100.0000","42602","Nitrogen dioxide (NO2)","256","35620","New York-Newark-Jersey City, NY-NJ-PA","36","New York","081","Queens","40.739264","-73.817694"
"05/10/2026","AQS","360810125","1","25.1","ppb","24","Queens College Near Road","24","100.0000","42602","Nitrogen dioxide (NO2)","256","35620","New York-Newark-Jersey City, NY-NJ-PA","36","New York","081","Queens","40.739264","-73.817694"
"05/13/2026","AQS","360810125","1","10.4","ppb","9","Queens College Near Road","20","83.0000","42602","Nitrogen dioxide (NO2)","256","35620","New York-Newark-Jersey City, NY-NJ-PA","36","New York","081","Queens","40.739264","-73.817694"
"05/14/2026","AQS","360810125","1","35.8","ppb","33","Queens College Near Road","24","100.0000","42602","Nitrogen dioxide (NO2)","256","35620","New York-Newark-Jersey City, NY-NJ-PA","36","New York","081","Queens","40.739264","-73.817694"
"05/15/2026","AQS","360810125","1","28.1","ppb","26","Queens College Near Road","24","100.0000","42602","Nitrogen dioxide (NO2)","256","35620","New York-Newark-Jersey City, NY-NJ-PA","36","New York","081","Queens","40.739264","-73.817694"
"05/16/2026","AQS","360810125","1","28.2","ppb","26","Queens College Near Road","24","100.0000","42602","Nitrogen dioxide (NO2)","256","35620","New York-Newark-Jersey City, NY-NJ-PA","36","New York","081","Queens","40.739264","-73.817694"
"05/17/2026","AQS","360810125","1","34.9","ppb","32","Queens College Near Road","24","100.0000","42602","Nitrogen dioxide (NO2)","256","35620","New York-Newark-Jersey City, NY-NJ-PA","36","New York","081","Queens","40.739264","-73.817694"
"05/18/2026","AQS","360810125","1","38.2","ppb","36","Queens College Near Road","24","100.0000","42602","Nitrogen dioxide (NO2)","256","35620","New York-Newark-Jersey City, NY-NJ-PA","36","New York","081","Queens","40.739264","-73.817694"
"05/19/2026","AQS","360810125","1","38.5","ppb","36","Queens College Near Road","24","100.0000","42602","Nitrogen dioxide (NO2)","256","35620","New York-Newark-Jersey City, NY-NJ-PA","36","New York","081","Queens","40.739264","-73.817694"
"05/20/2026","AQS","360810125","1","25.8","ppb","24","Queens College Near Road","22","92.0000","42602","Nitrogen dioxide (NO2)","256","35620","New York-Newark-Jersey City, NY-NJ-PA","36","New York","081","Queens","40.739264","-73.817694"
"05/23/2026","AQS","360810125","1","15.9","ppb","14","Queens College Near Road","24","100.0000","42602","Nitrogen dioxide (NO2)","256","35620","New York-Newark-Jersey City, NY-NJ-PA","36","New York","081","Queens","40.739264","-73.817694"
"05/24/2026","AQS","360810125","1","11.6","ppb","10","Queens College Near Road","24","100.0000","42602","Nitrogen dioxide (NO2)","256","35620","New York-Newark-Jersey City, NY-NJ-PA","36","New York","081","Queens","40.739264","-73.817694"
"05/25/2026","AQS","360810125","1","28.7","ppb","26","Queens College Near Road","24","100.0000","42602","Nitrogen dioxide (NO2)","256","35620","New York-Newark-Jersey City, NY-NJ-PA","36","New York","081","Queens","40.739264","-73.817694"
"05/26/2026","AQS","360810125","1","25.9","ppb","24","Queens College Near Road","24","100.0000","42602","Nitrogen dioxide (NO2)","256","35620","New York-Newark-Jersey City, NY-NJ-PA","36","New York","081","Queens","40.739264","-73.817694"
"05/27/2026","AQS","360810125","1","23.9","ppb","22","Queens College Near Road","20","83.0000","42602","Nitrogen dioxide (NO2)","256","35620","New York-Newark-Jersey City, NY-NJ-PA","36","New York","081","Queens","40.739264","-73.817694"
"05/28/2026","AQS","360810125","1","26.8","ppb","25","Queens College Near Road","18","75.0000","42602","Nitrogen dioxide (NO2)","256","35620","New York-Newark-Jersey City, NY-NJ-PA","36","New York","081","Queens","40.739264","-73.817694"
"05/29/2026","AQS","360810125","1","22.3","ppb","21","Queens College Near Road","22","92.0000","42602","Nitrogen dioxide (NO2)","256","35620","New York-Newark-Jersey City, NY-NJ-PA","36","New York","081","Queens","40.739264","-73.817694"
"05/30/2026","AQS","360810125","1","20.1","ppb","19","Queens College Near Road","24","100.0000","42602","Nitrogen dioxide (NO2)","256","35620","New York-Newark-Jersey City, NY-NJ-PA","36","New York","081","Queens","40.739264","-73.817694"
"05/31/2026","AQS","360810125","1","26.8","ppb","25","Queens College Near Road","24","100.0000","42602","Nitrogen dioxide (NO2)","256","35620","New York-Newark-Jersey City, NY-NJ-PA","36","New York","081","Queens","40.739264","-73.817694"
"06/01/2026","AQS","360810125","1","22.5","ppb","21","Queens College Near Road","24","100.0000","42602","Nitrogen dioxide (NO2)","256","35620","New York-Newark-Jersey City, NY-NJ-PA","36","New York","081","Queens","40.739264","-73.817694"
"06/02/2026","AQS","360810125","1","29.5","ppb","27","Queens College Near Road","24","100.0000","42602","Nitrogen dioxide (NO2)","256","35620","New York-Newark-Jersey City, NY-NJ-PA","36","New York","081","Queens","40.739264","-73.817694"
"06/03/2026","AQS","360810125","1","31","ppb","29","Queens College Near Road","22","92.0000","42602","Nitrogen dioxide (NO2)","256","35620","New York-Newark-Jersey City, NY-NJ-PA","36","New York","081","Queens","40.739264","-73.817694"
"06/05/2026","AQS","360810125","1","65.5","ppb","63","Queens College Near Road","24","100.0000","42602","Nitrogen dioxide (NO2)","256","35620","New York-Newark-Jersey City, NY-NJ-PA","36","New York","081","Queens","40.739264","-73.817694"
"06/06/2026","AQS","360810125","1","20","ppb","19","Queens College Near Road","24","100.0000","42602","Nitrogen dioxide (NO2)","256","35620","New York-Newark-Jersey City, NY-NJ-PA","36","New York","081","Queens","40.739264","-73.817694"
"06/07/2026","AQS","360810125","1","9.7","ppb","8","Queens College Near Road","24","100.0000","42602","Nitrogen dioxide (NO2)","256","35620","New York-Newark-Jersey City, NY-NJ-PA","36","New York","081","Queens","40.739264","-73.817694"
"06/08/2026","AQS","360810125","1","14.5","ppb","13","Queens College Near Road","24","100.0000","42602","Nitrogen dioxide (NO2)","256","35620","New York-Newark-Jersey City, NY-NJ-PA","36","New York","081","Queens","40.739264","-73.817694"
"06/09/2026","AQS","360810125","1","18.3","ppb","17","Queens College Near Road","24","100.0000","42602","Nitrogen dioxide (NO2)","256","35620","New York-Newark-Jersey City, NY-NJ-PA","36","New York","081","Queens","40.739264","-73.817694"
"06/10/2026","AQS","360810125","1","18.7","ppb","17","Queens College Near Road","20","83.0000","42602","Nitrogen dioxide (NO2)","256","35620","New York-Newark-Jersey City, NY-NJ-PA","36","New York","081","Queens","40.739264","-73.817694"
"06/11/2026","AQS","360810125","1","23.1","ppb","22","Queens College Near Road","24","100.0000","42602","Nitrogen dioxide (NO2)","256","35620","New York-Newark-Jersey City, NY-NJ-PA","36","New York","081","Queens","40.739264","-73.817694"
"06/12/2026","AQS","360810125","1","29.1","ppb","27","Queens College Near Road","24","100.0000","42602","Nitrogen dioxide (NO2)","256","35620","New York-Newark-Jersey City, NY-NJ-PA","36","New York","081","Queens","40.739264","-73.817694"
"06/13/2026","AQS","360810125","1","45.6","ppb","42","Queens College Near Road","24","100.0000","42602","Nitrogen dioxide (NO2)","256","35620","New York-Newark-Jersey City, NY-NJ-PA","36","New York","081","Queens","40.739264","-73.817694"
"06/14/2026","AQS","360810125","1","43.6","ppb","41","Queens College Near Road","24","100.0000","42602","Nitrogen dioxide (NO2)","256","35620","New York-Newark-Jersey City, NY-NJ-PA","36","New York","081","Queens","40.739264","-73.817694"
"06/15/2026","AQS","360810125","1","17.3","ppb","16","Queens College Near Road","24","100.0000","42602","Nitrogen dioxide (NO2)","256","35620","New York-Newark-Jersey City, NY-NJ-PA","36","New York","081","Queens","40.739264","-73.817694"
"06/16/2026","AQS","360810125","1","21.1","ppb","20","Queens College Near Road","24","100.0000","42602","Nitrogen dioxide (NO2)","256","35620","New York-Newark-Jersey City, NY-NJ-PA","36","New York","081","Queens","40.739264","-73.817694"
"06/17/2026","AQS","360810125","1","34.9","ppb","32","Queens College Near Road","24","100.0000","42602","Nitrogen dioxide (NO2)","256","35620","New York-Newark-Jersey City, NY-NJ-PA","36","New York","081","Queens","40.739264","-73.817694"
"06/18/2026","AQS","360810125","1","14.5","ppb","13","Queens College Near Road","24","100.0000","42602","Nitrogen dioxide (NO2)","256","35620","New York-Newark-Jersey City, NY-NJ-PA","36","New York","081","Queens","40.739264","-73.817694"
"06/19/2026","AQS","360810125","1","16.7","ppb","15","Queens College Near Road","24","100.0000","42602","Nitrogen dioxide (NO2)","256","35620","New York-Newark-Jersey City, NY-NJ-PA","36","New York","081","Queens","40.739264","-73.817694"
"06/20/2026","AQS","360810125","1","11.9","ppb","10","Queens College Near Road","24","100.0000","42602","Nitrogen dioxide (NO2)","256","35620","New York-Newark-Jersey City, NY-NJ-PA","36","New York","081","Queens","40.739264","-73.817694"
"06/21/2026","AQS","360810125","1","44.9","ppb","42","Queens College Near Road","24","100.0000","42602","Nitrogen dioxide (NO2)","256","35620","New York-Newark-Jersey City, NY-NJ-PA","36","New York","081","Queens","40.739264","-73.817694"
"06/22/2026","AQS","360810125","1","45.2","ppb","42","Queens College Near Road","24","100.0000","42602","Nitrogen dioxide (NO2)","256","35620","New York-Newark-Jersey City, NY-NJ-PA","36","New York","081","Queens","40.739264","-73.817694"
"06/25/2026","AQS","360810125","1","29.7","ppb","27","Queens College Near Road","24","100.0000","42602","Nitrogen dioxide (NO2)","256","35620","New York-Newark-Jersey City, NY-NJ-PA","36","New York","081","Queens","40.739264","-73.817694"
"06/26/2026","AQS","360810125","1","26.9","ppb","25","Queens College Near Road","24","100.0000","42602","Nitrogen dioxide (NO2)","256","35620","New York-Newark-Jersey City, NY-NJ-PA","36","New York","081","Queens","40.739264","-73.817694"
"06/27/2026","AQS","360810125","1","32.8","ppb","30","Queens College Near Road","24","100.0000","42602","Nitrogen dioxide (NO2)","256","35620","New York-Newark-Jersey City, NY-NJ-PA","36","New York","081","Queens","40.739264","-73.817694"
"06/28/2026","AQS","360810125","1","42.2","ppb","40","Queens College Near Road","24","100.0000","42602","Nitrogen dioxide (NO2)","256","35620","New York-Newark-Jersey City, NY-NJ-PA","36","New York","081","Queens","40.739264","-73.817694"
"06/29/2026","AQS","360810125","1","34.1","ppb","32","Queens College Near Road","24","100.0000","42602","Nitrogen dioxide (NO2)","256","35620","New York-Newark-Jersey City, NY-NJ-PA","36","New York","081","Queens","40.739264","-73.817694"
"06/30/2026","AQS","360810125","1","25.7","ppb","24","Queens College Near Road","22","92.0000","42602","Nitrogen dioxide (NO2)","256","35620","New York-Newark-Jersey City, NY-NJ-PA","36","New York","081","Queens","40.739264","-73.817694"
"01/01/2026","AQS","361030044","1","3.9","ppb","3","Flax Pond","24","100.0000","42602","Nitrogen dioxide (NO2)","212","35620","New York-Newark-Jersey City, NY-NJ-PA","36","New York","103","Suffolk","40.9610170009341","-73.139046"
"01/02/2026","AQS","361030044","1","7.8","ppb","7","Flax Pond","24","100.0000","42602","Nitrogen dioxide (NO2)","212","35620","New York-Newark-Jersey City, NY-NJ-PA","36","New York","103","Suffolk","40.9610170009341","-73.139046"
"01/03/2026","AQS","361030044","1","3","ppb","3","Flax Pond","24","100.0000","42602","Nitrogen dioxide (NO2)","212","35620","New York-Newark-Jersey City, NY-NJ-PA","36","New York","103","Suffolk","40.9610170009341","-73.139046"
"01/04/2026","AQS","361030044","1","2.7","ppb","2","Flax Pond","24","100.0000","42602","Nitrogen dioxide (NO2)","212","35620","New York-Newark-Jersey City, NY-NJ-PA","36","New York","103","Suffolk","40.9610170009341","-73.139046"
"01/05/2026","AQS","361030044","1","13.6","ppb","12","Flax Pond","24","100.0000","42602","Nitrogen dioxide (NO2)","212","35620","New York-Newark-Jersey City, NY-NJ-PA","36","New York","103","Suffolk","40.9610170009341","-73.139046"
"01/06/2026","AQS","361030044","1","13.5","ppb","12","Flax Pond","24","100.0000","42602","Nitrogen dioxide (NO2)","212","35620","New York-Newark-Jersey City, NY-NJ-PA","36","New York","103","Suffolk","40.9610170009341","-73.139046"
"01/07/2026","AQS","361030044","1","16","ppb","15","Flax Pond","22","92.0000","42602","Nitrogen dioxide (NO2)","212","35620","New York-Newark-Jersey City, NY-NJ-PA","36","New York","103","Suffolk","40.9610170009341","-73.139046"
"01/08/2026","AQS","361030044","1","12.5","ppb","11","Flax Pond","24","100.0000","42602","Nitrogen dioxide (NO2)","212","35620","New York-Newark-Jersey City, NY-NJ-PA","36","New York","103","Suffolk","40.9610170009341","-73.139046"
"01/09/2026","AQS","361030044","1","13.7","ppb","12","Flax Pond","24","100.0000","42602","Nitrogen dioxide (NO2)","212","35620","New York-Newark-Jersey City, NY-NJ-PA","36","New York","103","Suffolk","40.9610170009341","-73.139046"
"01/10/2026","AQS","361030044","1","8","ppb","8","Flax Pond","24","100.0000","42602","Nitrogen dioxide (NO2)","212","35620","New York-Newark-Jersey City, NY-NJ-PA","36","New York","103","Suffolk","40.9610170009341","-73.139046"
"01/11/2026","AQS","361030044","1","8.3","ppb","8","Flax Pond","24","100.0000","42602","Nitrogen dioxide (NO2)","212","35620","New York-Newark-Jersey City, NY-NJ-PA","36","New York","103","Suffolk","40.9610170009341","-73.139046"
"01/12/2026","AQS","361030044","1","13.6","ppb","12","Flax Pond","24","100.0000","42602","Nitrogen dioxide (NO2)","212","35620","New York-Newark-Jersey City, NY-NJ-PA","36","New York","103","Suffolk","40.9610170009341","-73.139046"
"01/13/2026","AQS","361030044","1","22.3","ppb","21","Flax Pond","24","100.0000","42602","Nitrogen dioxide (NO2)","212","35620","New York-Newark-Jersey City, NY-NJ-PA","36","New York","103","Suffolk","40.9610170009341","-73.139046"
"01/14/2026","AQS","361030044","1","12.2","ppb","11","Flax Pond","22","92.0000","42602","Nitrogen dioxide (NO2)","212","35620","New York-Newark-Jersey City, NY-NJ-PA","36","New York","103","Suffolk","40.9610170009341","-73.139046"
"01/15/2026","AQS","361030044","1","19","ppb","18","Flax Pond","24","100.0000","42602","Nitrogen dioxide (NO2)","212","35620","New York-Newark-Jersey City, NY-NJ-PA","36","New York","103","Suffolk","40.9610170009341","-73.139046"
"01/16/2026","AQS","361030044","1","14.1","ppb","13","Flax Pond","24","100.0000","42602","Nitrogen dioxide (NO2)","212","35620","New York-Newark-Jersey City, NY-NJ-PA","36","New York","103","Suffolk","40.9610170009341","-73.139046"
"01/17/2026","AQS","361030044","1","25.6","ppb","24","Flax Pond","24","100.0000","42602","Nitrogen dioxide (NO2)","212","35620","New York-Newark-Jersey City, NY-NJ-PA","36","New York","103","Suffolk","40.9610170009341","-73.139046"
"01/18/2026","AQS","361030044","1","27.3","ppb","25","Flax Pond","24","100.0000","42602","Nitrogen dioxide (NO2)","212","35620","New York-Newark-Jersey City, NY-NJ-PA","36","New York","103","Suffolk","40.9610170009341","-73.139046"
"01/19/2026","AQS","361030044","1","11.8","ppb","10","Flax Pond","24","100.0000","42602","Nitrogen dioxide (NO2)","212","35620","New York-Newark-Jersey City, NY-NJ-PA","36","New York","103","Suffolk","40.9610170009341","-73.139046"
"01/20/2026","AQS","361030044","1","4.3","ppb","4","Flax Pond","24","100.0000","42602","Nitrogen dioxide (NO2)","212","35620","New York-Newark-Jersey City, NY-NJ-PA","36","New York","103","Suffolk","40.9610170009341","-73.139046"
"01/21/2026","AQS","361030044","1","15.3","ppb","14","Flax Pond","22","92.0000","42602","Nitrogen dioxide (NO2)","212","35620","New York-Newark-Jersey City, NY-NJ-PA","36","New York","103","Suffolk","40.9610170009341","-73.139046"
"01/22/2026","AQS","361030044","1","12.3","ppb","11","Flax Pond","24","100.0000","42602","Nitrogen dioxide (NO2)","212","35620","New York-Newark-Jersey City, NY-NJ-PA","36","New York","103","Suffolk","40.9610170009341","-73.139046"
"01/23/2026","AQS","361030044","1","5.4","ppb","5","Flax Pond","24","100.0000","42602","Nitrogen dioxide (NO2)","212","35620","New York-Newark-Jersey City, NY-NJ-PA","36","New York","103","Suffolk","40.9610170009341","-73.139046"
"01/24/2026","AQS","361030044","1","2.3","ppb","2","Flax Pond","24","100.0000","42602","Nitrogen dioxide (NO2)","212","35620","New York-Newark-Jersey City, NY-NJ-PA","36","New York","103","Suffolk","40.9610170009341","-73.139046"
"01/25/2026","AQS","361030044","1","6.1","ppb","6","Flax Pond","24","100.0000","42602","Nitrogen dioxide (NO2)","212","35620","New York-Newark-Jersey City, NY-NJ-PA","36","New York","103","Suffolk","40.9610170009341","-73.139046"
"01/26/2026","AQS","361030044","1","4.2","ppb","4","Flax Pond","24","100.0000","42602","Nitrogen dioxide (NO2)","212","35620","New York-Newark-Jersey City, NY-NJ-PA","36","New York","103","Suffolk","40.9610170009341","-73.139046"
"01/27/2026","AQS","361030044","1","11.9","ppb","10","Flax Pond","24","100.0000","42602","Nitrogen dioxide (NO2)","212","35620","New York-Newark-Jersey City, NY-NJ-PA","36","New York","103","Suffolk","40.9610170009341","-73.139046"
"01/28/2026","AQS","361030044","1","26.6","ppb","25","Flax Pond","22","92.0000","42602","Nitrogen dioxide (NO2)","212","35620","New York-Newark-Jersey City, NY-NJ-PA","36","New York","103","Suffolk","40.9610170009341","-73.139046"
"01/29/2026","AQS","361030044","1","3.9","ppb","3","Flax Pond","24","100.0000","42602","Nitrogen dioxide (NO2)","212","35620","New York-Newark-Jersey City, NY-NJ-PA","36","New York","103","Suffolk","40.9610170009341","-73.139046"
"01/30/2026","AQS","361030044","1","2","ppb","2","Flax Pond","24","100.0000","42602","Nitrogen dioxide (NO2)","212","35620","New York-Newark-Jersey City, NY-NJ-PA","36","New York","103","Suffolk","40.9610170009341","-73.139046"
"01/31/2026","AQS","361030044","1","4.4","ppb","4","Flax Pond","24","100.0000","42602","Nitrogen dioxide (NO2)","212","35620","New York-Newark-Jersey City, NY-NJ-PA","36","New York","103","Suffolk","40.9610170009341","-73.139046"
"02/01/2026","AQS","361030044","1","1.6","ppb","1","Flax Pond","24","100.0000","42602","Nitrogen dioxide (NO2)","212","35620","New York-Newark-Jersey City, NY-NJ-PA","36","New York","103","Suffolk","40.9610170009341","-73.139046"
"02/02/2026","AQS","361030044","1","3","ppb","3","Flax Pond","24","100.0000","42602","Nitrogen dioxide (NO2)","212","35620","New York-Newark-Jersey City, NY-NJ-PA","36","New York","103","Suffolk","40.9610170009341","-73.139046"
"02/03/2026","AQS","361030044","1","17","ppb","16","Flax Pond","24","100.0000","42602","Nitrogen dioxide (NO2)","212","35620","New York-Newark-Jersey City, NY-NJ-PA","36","New York","103","Suffolk","40.9610170009341","-73.139046"
"02/04/2026","AQS","361030044","1","27.3","ppb","25","Flax Pond","18","75.0000","42602","Nitrogen dioxide (NO2)","212","35620","New York-Newark-Jersey City, NY-NJ-PA","36","New York","103","Suffolk","40.9610170009341","-73.139046"
"02/05/2026","AQS","361030044","1","6.6","ppb","6","Flax Pond","22","92.0000","42602","Nitrogen dioxide (NO2)","212","35620","New York-Newark-Jersey City, NY-NJ-PA","36","New York","103","Suffolk","40.9610170009341","-73.139046"
"02/07/2026","AQS","361030044","1","10.8","ppb","9","Flax Pond","20","83.0000","42602","Nitrogen dioxide (NO2)","212","35620","New York-Newark-Jersey City, NY-NJ-PA","36","New York","103","Suffolk","40.9610170009341","-73.139046"
"02/08/2026","AQS","361030044","1","0.9","ppb","0","Flax Pond","24","100.0000","42602","Nitrogen dioxide (NO2)","212","35620","New York-Newark-Jersey City, NY-NJ-PA","36","New York","103","Suffolk","40.9610170009341","-73.139046"
"02/09/2026","AQS","361030044","1","4","ppb","4","Flax Pond","24","100.0000","42602","Nitrogen dioxide (NO2)","212","35620","New York-Newark-Jersey City, NY-NJ-PA","36","New York","103","Suffolk","40.9610170009341","-73.139046"
"02/10/2026","AQS","361030044","1","23.5","ppb","22","Flax Pond","24","100.0000","42602","Nitrogen dioxide (NO2)","212","35620","New York-Newark-Jersey City, NY-NJ-PA","36","New York","103","Suffolk","40.9610170009341","-73.139046"
"02/11/2026","AQS","361030044","1","21.8","ppb","20","Flax Pond","21","88.0000","42602","Nitrogen dioxide (NO2)","212","35620","New York-Newark-Jersey City, NY-NJ-PA","36","New York","103","Suffolk","40.9610170009341","-73.139046"
"02/12/2026","AQS","361030044","1","2.1","ppb","2","Flax Pond","22","92.0000","42602","Nitrogen dioxide (NO2)","212","35620","New York-Newark-Jersey City, NY-NJ-PA","36","New York","103","Suffolk","40.9610170009341","-73.139046"
"02/13/2026","AQS","361030044","1","31.8","ppb","29","Flax Pond","24","100.0000","42602","Nitrogen dioxide (NO2)","212","35620","New York-Newark-Jersey City, NY-NJ-PA","36","New York","103","Suffolk","40.9610170009341","-73.139046"
"02/14/2026","AQS","361030044","1","27.2","ppb","25","Flax Pond","24","100.0000","42602","Nitrogen dioxide (NO2)","212","35620","New York-Newark-Jersey City, NY-NJ-PA","36","New York","103","Suffolk","40.9610170009341","-73.139046"
"02/15/2026","AQS","361030044","1","28.5","ppb","26","Flax Pond","24","100.0000","42602","Nitrogen dioxide (NO2)","212","35620","New York-Newark-Jersey City, NY-NJ-PA","36","New York","103","Suffolk","40.9610170009341","-73.139046"
"02/16/2026","AQS","361030044","1","25.5","ppb","24","Flax Pond","24","100.0000","42602","Nitrogen dioxide (NO2)","212","35620","New York-Newark-Jersey City, NY-NJ-PA","36","New York","103","Suffolk","40.9610170009341","-73.139046"
"02/17/2026","AQS","361030044","1","30.8","ppb","28","Flax Pond","24","100.0000","42602","Nitrogen dioxide (NO2)","212","35620","New York-Newark-Jersey City, NY-NJ-PA","36","New York","103","Suffolk","40.9610170009341","-73.139046"
"02/18/2026","AQS","361030044","1","26.2","ppb","25","Flax Pond","24","100.0000","42602","Nitrogen dioxide (NO2)","212","35620","New York-Newark-Jersey City, NY-NJ-PA","36","New York","103","Suffolk","40.9610170009341","-73.139046"
"02/19/2026","AQS","361030044","1","23.6","ppb","22","Flax Pond","22","92.0000","42602","Nitrogen dioxide (NO2)","212","35620","New York-Newark-Jersey City, NY-NJ-PA","36","New York","103","Suffolk","40.9610170009341","-73.139046"
"02/20/2026","AQS","361030044","1","7.5","ppb","7","Flax Pond","24","100.0000","42602","Nitrogen dioxide (NO2)","212","35620","New York-Newark-Jersey City, NY-NJ-PA","36","New York","103","Suffolk","40.9610170009341","-73.139046"
"02/21/2026","AQS","361030044","1","9.6","ppb","8","Flax Pond","24","100.0000","42602","Nitrogen dioxide (NO2)","212","35620","New York-Newark-Jersey City, NY-NJ-PA","36","New York","103","Suffolk","40.9610170009341","-73.139046"
"02/22/2026","AQS","361030044","1","3","ppb","3","Flax Pond","24","100.0000","42602","Nitrogen dioxide (NO2)","212","35620","New York-Newark-Jersey City, NY-NJ-PA","36","New York","103","Suffolk","40.9610170009341","-73.139046"
"02/23/2026","AQS","361030044","1","2.1","ppb","2","Flax Pond","24","100.0000","42602","Nitrogen dioxide (NO2)","212","35620","New York-Newark-Jersey City, NY-NJ-PA","36","New York","103","Suffolk","40.9610170009341","-73.139046"
"02/24/2026","AQS","361030044","1","12.6","ppb","11","Flax Pond","24","100.0000","42602","Nitrogen dioxide (NO2)","212","35620","New York-Newark-Jersey City, NY-NJ-PA","36","New York","103","Suffolk","40.9610170009341","-73.139046"
"02/25/2026","AQS","361030044","1","22.5","ppb","21","Flax Pond","24","100.0000","42602","Nitrogen dioxide (NO2)","212","35620","New York-Newark-Jersey City, NY-NJ-PA","36","New York","103","Suffolk","40.9610170009341","-73.139046"
"02/26/2026","AQS","361030044","1","32.3","ppb","30","Flax Pond","24","100.0000","42602","Nitrogen dioxide (NO2)","212","35620","New York-Newark-Jersey City, NY-NJ-PA","36","New York","103","Suffolk","40.9610170009341","-73.139046"
"02/27/2026","AQS","361030044","1","13.8","ppb","12","Flax Pond","21","88.0000","42602","Nitrogen dioxide (NO2)","212","35620","New York-Newark-Jersey City, NY-NJ-PA","36","New York","103","Suffolk","40.9610170009341","-73.139046"
"02/28/2026","AQS","361030044","1","20.1","ppb","19","Flax Pond","24","100.0000","42602","Nitrogen dioxide (NO2)","212","35620","New York-Newark-Jersey City, NY-NJ-PA","36","New York","103","Suffolk","40.9610170009341","-73.139046"
"03/01/2026","AQS","361030044","1","10.8","ppb","9","Flax Pond","24","100.0000","42602","Nitrogen dioxide (NO2)","212","35620","New York-Newark-Jersey City, NY-NJ-PA","36","New York","103","Suffolk","40.9610170009341","-73.139046"
"03/02/2026","AQS","361030044","1","18.8","ppb","17","Flax Pond","24","100.0000","42602","Nitrogen dioxide (NO2)","212","35620","New York-Newark-Jersey City, NY-NJ-PA","36","New York","103","Suffolk","40.9610170009341","-73.139046"
"03/03/2026","AQS","361030044","1","21.2","ppb","20","Flax Pond","24","100.0000","42602","Nitrogen dioxide (NO2)","212","35620","New York-Newark-Jersey City, NY-NJ-PA","36","New York","103","Suffolk","40.9610170009341","-73.139046"
"03/04/2026","AQS","361030044","1","32.9","ppb","30","Flax Pond","21","88.0000","42602","Nitrogen dioxide (NO2)","212","35620","New York-Newark-Jersey City, NY-NJ-PA","36","New York","103","Suffolk","40.9610170009341","-73.139046"
"03/05/2026","AQS","361030044","1","24.2","ppb","23","Flax Pond","22","92.0000","42602","Nitrogen dioxide (NO2)","212","35620","New York-Newark-Jersey City, NY-NJ-PA","36","New York","103","Suffolk","40.9610170009341","-73.139046"
"03/06/2026","AQS","361030044","1","7.6","ppb","7","Flax Pond","24","100.0000","42602","Nitrogen dioxide (NO2)","212","35620","New York-Newark-Jersey City, NY-NJ-PA","36","New York","103","Suffolk","40.9610170009341","-73.139046"
"03/07/2026","AQS","361030044","1","9.9","ppb","8","Flax Pond","24","100.0000","42602","Nitrogen dioxide (NO2)","212","35620","New York-Newark-Jersey City, NY-NJ-PA","36","New York","103","Suffolk","40.9610170009341","-73.139046"
"03/08/2026","AQS","361030044","1","13.2","ppb","12","Flax Pond","20","83.0000","42602","Nitrogen dioxide (NO2)","212","35620","New York-Newark-Jersey City, NY-NJ-PA","36","New York","103","Suffolk","40.9610170009341","-73.139046"
"03/09/2026","AQS","361030044","1","17.1","ppb","16","Flax Pond","24","100.0000","42602","Nitrogen dioxide (NO2)","212","35620","New York-Newark-Jersey City, NY-NJ-PA","36","New York","103","Suffolk","40.9610170009341","-73.139046"
"03/10/2026","AQS","361030044","1","10.8","ppb","9","Flax Pond","23","96.0000","42602","Nitrogen dioxide (NO2)","212","35620","New York-Newark-Jersey City, NY-NJ-PA","36","New York","103","Suffolk","40.9610170009341","-73.139046"
"03/11/2026","AQS","361030044","1","10.9","ppb","9","Flax Pond","24","100.0000","42602","Nitrogen dioxide (NO2)","212","35620","New York-Newark-Jersey City, NY-NJ-PA","36","New York","103","Suffolk","40.9610170009341","-73.139046"
"03/12/2026","AQS","361030044","1","8","ppb","8","Flax Pond","22","92.0000","42602","Nitrogen dioxide (NO2)","212","35620","New York-Newark-Jersey City, NY-NJ-PA","36","New York","103","Suffolk","40.9610170009341","-73.139046"
"03/13/2026","AQS","361030044","1","6.3","ppb","6","Flax Pond","24","100.0000","42602","Nitrogen dioxide (NO2)","212","35620","New York-Newark-Jersey City, NY-NJ-PA","36","New York","103","Suffolk","40.9610170009341","-73.139046"
"03/14/2026","AQS","361030044","1","19.5","ppb","18","Flax Pond","24","100.0000","42602","Nitrogen dioxide (NO2)","212","35620","New York-Newark-Jersey City, NY-NJ-PA","36","New York","103","Suffolk","40.9610170009341","-73.139046"
"03/15/2026","AQS","361030044","1","5.5","ppb","5","Flax Pond","24","100.0000","42602","Nitrogen dioxide (NO2)","212","35620","New York-Newark-Jersey City, NY-NJ-PA","36","New York","103","Suffolk","40.9610170009341","-73.139046"
"03/16/2026","AQS","361030044","1","3.1","ppb","3","Flax Pond","24","100.0000","42602","Nitrogen dioxide (NO2)","212","35620","New York-Newark-Jersey City, NY-NJ-PA","36","New York","103","Suffolk","40.9610170009341","-73.139046"
"03/17/2026","AQS","361030044","1","1.9","ppb","1","Flax Pond","24","100.0000","42602","Nitrogen dioxide (NO2)","212","35620","New York-Newark-Jersey City, NY-NJ-PA","36","New York","103","Suffolk","40.9610170009341","-73.139046"
"03/18/2026","AQS","361030044","1","15.8","ppb","14","Flax Pond","24","100.0000","42602","Nitrogen dioxide (NO2)","212","35620","New York-Newark-Jersey City, NY-NJ-PA","36","New York","103","Suffolk","40.9610170009341","-73.139046"
"03/19/2026","AQS","361030044","1","21.1","ppb","20","Flax Pond","22","92.0000","42602","Nitrogen dioxide (NO2)","212","35620","New York-Newark-Jersey City, NY-NJ-PA","36","New York","103","Suffolk","40.9610170009341","-73.139046"
"03/20/2026","AQS","361030044","1","12","ppb","11","Flax Pond","24","100.0000","42602","Nitrogen dioxide (NO2)","212","35620","New York-Newark-Jersey City, NY-NJ-PA","36","New York","103","Suffolk","40.9610170009341","-73.139046"
"03/21/2026","AQS","361030044","1","8.4","ppb","8","Flax Pond","24","100.0000","42602","Nitrogen dioxide (NO2)","212","35620","New York-Newark-Jersey City, NY-NJ-PA","36","New York","103","Suffolk","40.9610170009341","-73.139046"
"03/22/2026","AQS","361030044","1","5.2","ppb","5","Flax Pond","24","100.0000","42602","Nitrogen dioxide (NO2)","212","35620","New York-Newark-Jersey City, NY-NJ-PA","36","New York","103","Suffolk","40.9610170009341","-73.139046"
"03/23/2026","AQS","361030044","1","8.4","ppb","8","Flax Pond","24","100.0000","42602","Nitrogen dioxide (NO2)","212","35620","New York-Newark-Jersey City, NY-NJ-PA","36","New York","103","Suffolk","40.9610170009341","-73.139046"
"03/24/2026","AQS","361030044","1","5.1","ppb","5","Flax Pond","24","100.0000","42602","Nitrogen dioxide (NO2)","212","35620","New York-Newark-Jersey City, NY-NJ-PA","36","New York","103","Suffolk","40.9610170009341","-73.139046"
"03/25/2026","AQS","361030044","1","17","ppb","16","Flax Pond","24","100.0000","42602","Nitrogen dioxide (NO2)","212","35620","New York-Newark-Jersey City, NY-NJ-PA","36","New York","103","Suffolk","40.9610170009341","-73.139046"
"03/26/2026","AQS","361030044","1","10.5","ppb","9","Flax Pond","22","92.0000","42602","Nitrogen dioxide (NO2)","212","35620","New York-Newark-Jersey City, NY-NJ-PA","36","New York","103","Suffolk","40.9610170009341","-73.139046"
"03/27/2026","AQS","361030044","1","4.8","ppb","4","Flax Pond","24","100.0000","42602","Nitrogen dioxide (NO2)","212","35620","New York-Newark-Jersey City, NY-NJ-PA","36","New York","103","Suffolk","40.9610170009341","-73.139046"
"03/28/2026","AQS","361030044","1","5.1","ppb","5","Flax Pond","24","100.0000","42602","Nitrogen dioxide (NO2)","212","35620","New York-Newark-Jersey City, NY-NJ-PA","36","New York","103","Suffolk","40.9610170009341","-73.139046"
"03/29/2026","AQS","361030044","1","8.2","ppb","8","Flax Pond","24","100.0000","42602","Nitrogen dioxide (NO2)","212","35620","New York-Newark-Jersey City, NY-NJ-PA","36","New York","103","Suffolk","40.9610170009341","-73.139046"
"03/30/2026","AQS","361030044","1","5.1","ppb","5","Flax Pond","24","100.0000","42602","Nitrogen dioxide (NO2)","212","35620","New York-Newark-Jersey City, NY-NJ-PA","36","New York","103","Suffolk","40.9610170009341","-73.139046"
"03/31/2026","AQS","361030044","1","7.8","ppb","7","Flax Pond","24","100.0000","42602","Nitrogen dioxide (NO2)","212","35620","New York-Newark-Jersey City, NY-NJ-PA","36","New York","103","Suffolk","40.9610170009341","-73.139046"
"04/01/2026","AQS","361030044","1","10.2","ppb","9","Flax Pond","24","100.0000","42602","Nitrogen dioxide (NO2)","212","35620","New York-Newark-Jersey City, NY-NJ-PA","36","New York","103","Suffolk","40.9610170009341","-73.139046"
"04/02/2026","AQS","361030044","1","1.9","ppb","1","Flax Pond","22","92.0000","42602","Nitrogen dioxide (NO2)","212","35620","New York-Newark-Jersey City, NY-NJ-PA","36","New York","103","Suffolk","40.9610170009341","-73.139046"
"04/03/2026","AQS","361030044","1","5.5","ppb","5","Flax Pond","24","100.0000","42602","Nitrogen dioxide (NO2)","212","35620","New York-Newark-Jersey City, NY-NJ-PA","36","New York","103","Suffolk","40.9610170009341","-73.139046"
"04/04/2026","AQS","361030044","1","17.9","ppb","16","Flax Pond","24","100.0000","42602","Nitrogen dioxide (NO2)","212","35620","New York-Newark-Jersey City, NY-NJ-PA","36","New York","103","Suffolk","40.9610170009341","-73.139046"
"04/05/2026","AQS","361030044","1","10.5","ppb","9","Flax Pond","24","100.0000","42602","Nitrogen dioxide (NO2)","212","35620","New York-Newark-Jersey City, NY-NJ-PA","36","New York","103","Suffolk","40.9610170009341","-73.139046"
"04/06/2026","AQS","361030044","1","9.4","ppb","8","Flax Pond","24","100.0000","42602","Nitrogen dioxide (NO2)","212","35620","New York-Newark-Jersey City, NY-NJ-PA","36","New York","103","Suffolk","40.9610170009341","-73.139046"
"04/07/2026","AQS","361030044","1","10.8","ppb","9","Flax Pond","24","100.0000","42602","Nitrogen dioxide (NO2)","212","35620","New York-Newark-Jersey City, NY-NJ-PA","36","New York","103","Suffolk","40.9610170009341","-73.139046"
"04/08/2026","AQS","361030044","1","6.4","ppb","6","Flax Pond","24","100.0000","42602","Nitrogen dioxide (NO2)","212","35620","New York-Newark-Jersey City, NY-NJ-PA","36","New York","103","Suffolk","40.9610170009341","-73.139046"
"04/09/2026","AQS","361030044","1","10.6","ppb","9","Flax Pond","22","92.0000","42602","Nitrogen dioxide (NO2)","212","35620","New York-Newark-Jersey City, NY-NJ-PA","36","New York","103","Suffolk","40.9610170009341","-73.139046"
"04/10/2026","AQS","361030044","1","7.5","ppb","7","Flax Pond","24","100.0000","42602","Nitrogen dioxide (NO2)","212","35620","New York-Newark-Jersey City, NY-NJ-PA","36","New York","103","Suffolk","40.9610170009341","-73.139046"
"04/11/2026","AQS","361030044","1","12.7","ppb","11","Flax Pond","24","100.0000","42602","Nitrogen dioxide (NO2)","212","35620","New York-Newark-Jersey City, NY-NJ-PA","36","New York","103","Suffolk","40.9610170009341","-73.139046"
"04/12/2026","AQS","361030044","1","3.8","ppb","3","Flax Pond","24","100.0000","42602","Nitrogen dioxide (NO2)","212","35620","New York-Newark-Jersey City, NY-NJ-PA","36","New York","103","Suffolk","40.9610170009341","-73.139046"
"04/13/2026","AQS","361030044","1","5.6","ppb","5","Flax Pond","24","100.0000","42602","Nitrogen dioxide (NO2)","212","35620","New York-Newark-Jersey City, NY-NJ-PA","36","New York","103","Suffolk","40.9610170009341","-73.139046"
"04/14/2026","AQS","361030044","1","7.9","ppb","7","Flax Pond","24","100.0000","42602","Nitrogen dioxide (NO2)","212","35620","New York-Newark-Jersey City, NY-NJ-PA","36","New York","103","Suffolk","40.9610170009341","-73.139046"
"04/15/2026","AQS","361030044","1","11.5","ppb","10","Flax Pond","24","100.0000","42602","Nitrogen dioxide (NO2)","212","35620","New York-Newark-Jersey City, NY-NJ-PA","36","New York","103","Suffolk","40.9610170009341","-73.139046"
"04/16/2026","AQS","361030044","1","7.6","ppb","7","Flax Pond","22","92.0000","42602","Nitrogen dioxide (NO2)","212","35620","New York-Newark-Jersey City, NY-NJ-PA","36","New York","103","Suffolk","40.9610170009341","-73.139046"
"04/17/2026","AQS","361030044","1","3.8","ppb","3","Flax Pond","24","100.0000","42602","Nitrogen dioxide (NO2)","212","35620","New York-Newark-Jersey City, NY-NJ-PA","36","New York","103","Suffolk","40.9610170009341","-73.139046"
"04/18/2026","AQS","361030044","1","3.4","ppb","3","Flax Pond","24","100.0000","42602","Nitrogen dioxide (NO2)","212","35620","New York-Newark-Jersey City, NY-NJ-PA","36","New York","103","Suffolk","40.9610170009341","-73.139046"
"04/19/2026","AQS","361030044","1","2.1","ppb","2","Flax Pond","24","100.0000","42602","Nitrogen dioxide (NO2)","212","35620","New York-Newark-Jersey City, NY-NJ-PA","36","New York","103","Suffolk","40.9610170009341","-73.139046"
"04/20/2026","AQS","361030044","1","12.3","ppb","11","Flax Pond","24","100.0000","42602","Nitrogen dioxide (NO2)","212","35620","New York-Newark-Jersey City, NY-NJ-PA","36","New York","103","Suffolk","40.9610170009341","-73.139046"
"04/21/2026","AQS","361030044","1","3.2","ppb","3","Flax Pond","24","100.0000","42602","Nitrogen dioxide (NO2)","212","35620","New York-Newark-Jersey City, NY-NJ-PA","36","New York","103","Suffolk","40.9610170009341","-73.139046"
"04/22/2026","AQS","361030044","1","4.4","ppb","4","Flax Pond","24","100.0000","42602","Nitrogen dioxide (NO2)","212","35620","New York-Newark-Jersey City, NY-NJ-PA","36","New York","103","Suffolk","40.9610170009341","-73.139046"
"04/23/2026","AQS","361030044","1","7.7","ppb","7","Flax Pond","22","92.0000","42602","Nitrogen dioxide (NO2)","212","35620","New York-Newark-Jersey City, NY-NJ-PA","36","New York","103","Suffolk","40.9610170009341","-73.139046"
"04/24/2026","AQS","361030044","1","3.5","ppb","3","Flax Pond","24","100.0000","42602","Nitrogen dioxide (NO2)","212","35620","New York-Newark-Jersey City, NY-NJ-PA","36","New York","103","Suffolk","40.9610170009341","-73.139046"
"04/25/2026","AQS","361030044","1","8.6","ppb","8","Flax Pond","24","100.0000","42602","Nitrogen dioxide (NO2)","212","35620","New York-Newark-Jersey City, NY-NJ-PA","36","New York","103","Suffolk","40.9610170009341","-73.139046"
"04/26/2026","AQS","361030044","1","3.5","ppb","3","Flax Pond","24","100.0000","42602","Nitrogen dioxide (NO2)","212","35620","New York-Newark-Jersey City, NY-NJ-PA","36","New York","103","Suffolk","40.9610170009341","-73.139046"
"04/27/2026","AQS","361030044","1","8","ppb","8","Flax Pond","24","100.0000","42602","Nitrogen dioxide (NO2)","212","35620","New York-Newark-Jersey City, NY-NJ-PA","36","New York","103","Suffolk","40.9610170009341","-73.139046"
"04/28/2026","AQS","361030044","1","13.2","ppb","12","Flax Pond","24","100.0000","42602","Nitrogen dioxide (NO2)","212","35620","New York-Newark-Jersey City, NY-NJ-PA","36","New York","103","Suffolk","40.9610170009341","-73.139046"
"04/29/2026","AQS","361030044","1","5.1","ppb","5","Flax Pond","24","100.0000","42602","Nitrogen dioxide (NO2)","212","35620","New York-Newark-Jersey City, NY-NJ-PA","36","New York","103","Suffolk","40.9610170009341","-73.139046"
"04/30/2026","AQS","361030044","1","6.6","ppb","6","Flax Pond","22","92.0000","42602","Nitrogen dioxide (NO2)","212","35620","New York-Newark-Jersey City, NY-NJ-PA","36","New York","103","Suffolk","40.9610170009341","-73.139046"
"05/01/2026","AQS","361030044","1","5.5","ppb","5","Flax Pond","24","100.0000","42602","Nitrogen dioxide (NO2)","212","35620","New York-Newark-Jersey City, NY-NJ-PA","36","New York","103","Suffolk","40.9610170009341","-73.139046"
"05/02/2026","AQS","361030044","1","6.2","ppb","6","Flax Pond","24","100.0000","42602","Nitrogen dioxide (NO2)","212","35620","New York-Newark-Jersey City, NY-NJ-PA","36","New York","103","Suffolk","40.9610170009341","-73.139046"
"05/03/2026","AQS","361030044","1","8.6","ppb","8","Flax Pond","24","100.0000","42602","Nitrogen dioxide (NO2)","212","35620","New York-Newark-Jersey City, NY-NJ-PA","36","New York","103","Suffolk","40.9610170009341","-73.139046"
"05/04/2026","AQS","361030044","1","12.3","ppb","11","Flax Pond","24","100.0000","42602","Nitrogen dioxide (NO2)","212","35620","New York-Newark-Jersey City, NY-NJ-PA","36","New York","103","Suffolk","40.9610170009341","-73.139046"
"05/05/2026","AQS","361030044","1","5.8","ppb","5","Flax Pond","24","100.0000","42602","Nitrogen dioxide (NO2)","212","35620","New York-Newark-Jersey City, NY-NJ-PA","36","New York","103","Suffolk","40.9610170009341","-73.139046"
"05/06/2026","AQS","361030044","1","5.2","ppb","5","Flax Pond","24","100.0000","42602","Nitrogen dioxide (NO2)","212","35620","New York-Newark-Jersey City, NY-NJ-PA","36","New York","103","Suffolk","40.9610170009341","-73.139046"
"05/07/2026","AQS","361030044","1","6.8","ppb","6","Flax Pond","22","92.0000","42602","Nitrogen dioxide (NO2)","212","35620","New York-Newark-Jersey City, NY-NJ-PA","36","New York","103","Suffolk","40.9610170009341","-73.139046"
"05/08/2026","AQS","361030044","1","4.1","ppb","4","Flax Pond","24","100.0000","42602","Nitrogen dioxide (NO2)","212","35620","New York-Newark-Jersey City, NY-NJ-PA","36","New York","103","Suffolk","40.9610170009341","-73.139046"
"05/09/2026","AQS","361030044","1","4.8","ppb","4","Flax Pond","24","100.0000","42602","Nitrogen dioxide (NO2)","212","35620","New York-Newark-Jersey City, NY-NJ-PA","36","New York","103","Suffolk","40.9610170009341","-73.139046"
"05/10/2026","AQS","361030044","1","11.1","ppb","10","Flax Pond","24","100.0000","42602","Nitrogen dioxide (NO2)","212","35620","New York-Newark-Jersey City, NY-NJ-PA","36","New York","103","Suffolk","40.9610170009341","-73.139046"
"05/11/2026","AQS","361030044","1","3","ppb","3","Flax Pond","23","96.0000","42602","Nitrogen dioxide (NO2)","212","35620","New York-Newark-Jersey City, NY-NJ-PA","36","New York","103","Suffolk","40.9610170009341","-73.139046"
"05/12/2026","AQS","361030044","1","4.6","ppb","4","Flax Pond","24","100.0000","42602","Nitrogen dioxide (NO2)","212","35620","New York-Newark-Jersey City, NY-NJ-PA","36","New York","103","Suffolk","40.9610170009341","-73.139046"
"05/14/2026","AQS","361030044","1","6.1","ppb","6","Flax Pond","22","92.0000","42602","Nitrogen dioxide (NO2)","212","35620","New York-Newark-Jersey City, NY-NJ-PA","36","New York","103","Suffolk","40.9610170009341","-73.139046"
"05/15/2026","AQS","361030044","1","4.6","ppb","4","Flax Pond","24","100.0000","42602","Nitrogen dioxide (NO2)","212","35620","New York-Newark-Jersey City, NY-NJ-PA","36","New York","103","Suffolk","40.9610170009341","-73.139046"
"05/16/2026","AQS","361030044","1","7","ppb","7","Flax Pond","24","100.0000","42602","Nitrogen dioxide (NO2)","212","35620","New York-Newark-Jersey City, NY-NJ-PA","36","New York","103","Suffolk","40.9610170009341","-73.139046"
"05/17/2026","AQS","361030044","1","5.1","ppb","5","Flax Pond","24","100.0000","42602","Nitrogen dioxide (NO2)","212","35620","New York-Newark-Jersey City, NY-NJ-PA","36","New York","103","Suffolk","40.9610170009341","-73.139046"
"05/18/2026","AQS","361030044","1","9.2","ppb","8","Flax Pond","24","100.0000","42602","Nitrogen dioxide (NO2)","212","35620","New York-Newark-Jersey City, NY-NJ-PA","36","New York","103","Suffolk","40.9610170009341","-73.139046"
"05/19/2026","AQS","361030044","1","7.7","ppb","7","Flax Pond","24","100.0000","42602","Nitrogen dioxide (NO2)","212","35620","New York-Newark-Jersey City, NY-NJ-PA","36","New York","103","Suffolk","40.9610170009341","-73.139046"
"05/20/2026","AQS","361030044","1","9.7","ppb","8","Flax Pond","24","100.0000","42602","Nitrogen dioxide (NO2)","212","35620","New York-Newark-Jersey City, NY-NJ-PA","36","New York","103","Suffolk","40.9610170009341","-73.139046"
