"Date","Source","Site ID","POC","Daily Max 8-hour CO Concentration","Units","Daily AQI Value","Local Site Name","Daily Obs Count","Percent Complete","AQS Parameter Code","AQS Parameter Description","Method Code","CBSA Code","CBSA Name","State FIPS Code","State","County FIPS Code","County","Site Latitude","Site Longitude"
"01/01/2026","AQS","360050133","1","0.2","ppm","2","PFIZER LAB SITE","19","79.0000","42101","Carbon monoxide","593","35620","New York-Newark-Jersey City, NY-NJ-PA","36","New York","005","Bronx","40.8679","-73.87809"
"01/02/2026","AQS","360050133","1","0.3","ppm","3","PFIZER LAB SITE","24","100.0000","42101","Carbon monoxide","593","35620","New York-Newark-Jersey City, NY-NJ-PA","36","New York","005","Bronx","40.8679","-73.87809"
"01/03/2026","AQS","360050133","1","0.3","ppm","3","PFIZER LAB SITE","24","100.0000","42101","Carbon monoxide","593","35620","New York-Newark-Jersey City, NY-NJ-PA","36","New York","005","Bronx","40.8679","-73.87809"
"01/04/2026","AQS","360050133","1","0.2","ppm","2","PFIZER LAB SITE","24","100.0000","42101","Carbon monoxide","593","35620","New York-Newark-Jersey City, NY-NJ-PA","36","New York","005","Bronx","40.8679","-73.87809"
"01/05/2026","AQS","360050133","1","0.4","ppm","5","PFIZER LAB SITE","24","100.0000","42101","Carbon monoxide","593","35620","New York-Newark-Jersey City, NY-NJ-PA","36","New York","005","Bronx","40.8679","-73.87809"
"01/06/2026","AQS","360050133","1","0.6","ppm","7","PFIZER LAB SITE","24","100.0000","42101","Carbon monoxide","593","35620","New York-Newark-Jersey City, NY-NJ-PA","36","New York","005","Bronx","40.8679","-73.87809"
"01/07/2026","AQS","360050133","1","0.4","ppm","5","PFIZER LAB SITE","24","100.0000","42101","Carbon monoxide","593","35620","New York-Newark-Jersey City, NY-NJ-PA","36","New York","005","Bronx","40.8679","-73.87809"
"01/08/2026","AQS","360050133","1","1","ppm","11","PFIZER LAB SITE","24","100.0000","42101","Carbon monoxide","593","35620","New York-Newark-Jersey City, NY-NJ-PA","36","New York","005","Bronx","40.8679","-73.87809"
"01/09/2026","AQS","360050133","1","1.2","ppm","14","PFIZER LAB SITE","24","100.0000","42101","Carbon monoxide","593","35620","New York-Newark-Jersey City, NY-NJ-PA","36","New York","005","Bronx","40.8679","-73.87809"
"01/10/2026","AQS","360050133","1","0.3","ppm","3","PFIZER LAB SITE","24","100.0000","42101","Carbon monoxide","593","35620","New York-Newark-Jersey City, NY-NJ-PA","36","New York","005","Bronx","40.8679","-73.87809"
"01/11/2026","AQS","360050133","1","0.3","ppm","3","PFIZER LAB SITE","24","100.0000","42101","Carbon monoxide","593","35620","New York-Newark-Jersey City, NY-NJ-PA","36","New York","005","Bronx","40.8679","-73.87809"
"01/12/2026","AQS","360050133","1","0.3","ppm","3","PFIZER LAB SITE","24","100.0000","42101","Carbon monoxide","593","35620","New York-Newark-Jersey City, NY-NJ-PA","36","New York","005","Bronx","40.8679","-73.87809"
"01/13/2026","AQS","360050133","1","0.3","ppm","3","PFIZER LAB SITE","24","100.0000","42101","Carbon monoxide","593","35620","New York-Newark-Jersey City, NY-NJ-PA","36","New York","005","Bronx","40.8679","-73.87809"
"01/14/2026","AQS","360050133","1","0.7","ppm","8","PFIZER LAB SITE","24","100.0000","42101","Carbon monoxide","593","35620","New York-Newark-Jersey City, NY-NJ-PA","36","New York","005","Bronx","40.8679","-73.87809"
"01/15/2026","AQS","360050133","1","0.4","ppm","5","PFIZER LAB SITE","24","100.0000","42101","Carbon monoxide","593","35620","New York-Newark-Jersey City, NY-NJ-PA","36","New York","005","Bronx","40.8679","-73.87809"
"01/16/2026","AQS","360050133","1","0.3","ppm","3","PFIZER LAB SITE","24","100.0000","42101","Carbon monoxide","593","35620","New York-Newark-Jersey City, NY-NJ-PA","36","New York","005","Bronx","40.8679","-73.87809"
"01/17/2026","AQS","360050133","1","0.4","ppm","5","PFIZER LAB SITE","24","100.0000","42101","Carbon monoxide","593","35620","New York-Newark-Jersey City, NY-NJ-PA","36","New York","005","Bronx","40.8679","-73.87809"
"01/18/2026","AQS","360050133","1","0.9","ppm","10","PFIZER LAB SITE","24","100.0000","42101","Carbon monoxide","593","35620","New York-Newark-Jersey City, NY-NJ-PA","36","New York","005","Bronx","40.8679","-73.87809"
"01/19/2026","AQS","360050133","1","0.3","ppm","3","PFIZER LAB SITE","24","100.0000","42101","Carbon monoxide","593","35620","New York-Newark-Jersey City, NY-NJ-PA","36","New York","005","Bronx","40.8679","-73.87809"
"01/20/2026","AQS","360050133","1","0.3","ppm","3","PFIZER LAB SITE","24","100.0000","42101","Carbon monoxide","593","35620","New York-Newark-Jersey City, NY-NJ-PA","36","New York","005","Bronx","40.8679","-73.87809"
"01/21/2026","AQS","360050133","1","0.3","ppm","3","PFIZER LAB SITE","5","21.0000","42101","Carbon monoxide","593","35620","New York-Newark-Jersey City, NY-NJ-PA","36","New York","005","Bronx","40.8679","-73.87809"
"02/09/2026","AQS","360290005","1","0.4","ppm","5","BUFFALO","9","38.0000","42101","Carbon monoxide","554","15380","Buffalo-Cheektowaga-Niagara Falls, NY","36","New York","029","Erie","42.8769066671345","-78.8095260117327"
"02/10/2026","AQS","360290005","1","0.4","ppm","5","BUFFALO","24","100.0000","42101","Carbon monoxide","554","15380","Buffalo-Cheektowaga-Niagara Falls, NY","36","New York","029","Erie","42.8769066671345","-78.8095260117327"
"02/11/2026","AQS","360290005","1","0.2","ppm","2","BUFFALO","24","100.0000","42101","Carbon monoxide","554","15380","Buffalo-Cheektowaga-Niagara Falls, NY","36","New York","029","Erie","42.8769066671345","-78.8095260117327"
"02/12/2026","AQS","360290005","1","0.2","ppm","2","BUFFALO","24","100.0000","42101","Carbon monoxide","554","15380","Buffalo-Cheektowaga-Niagara Falls, NY","36","New York","029","Erie","42.8769066671345","-78.8095260117327"
"02/13/2026","AQS","360290005","1","0.2","ppm","2","BUFFALO","24","100.0000","42101","Carbon monoxide","554","15380","Buffalo-Cheektowaga-Niagara Falls, NY","36","New York","029","Erie","42.8769066671345","-78.8095260117327"
"02/14/2026","AQS","360290005","1","0.5","ppm","6","BUFFALO","24","100.0000","42101","Carbon monoxide","554","15380","Buffalo-Cheektowaga-Niagara Falls, NY","36","New York","029","Erie","42.8769066671345","-78.8095260117327"
"02/15/2026","AQS","360290005","1","0.5","ppm","6","BUFFALO","24","100.0000","42101","Carbon monoxide","554","15380","Buffalo-Cheektowaga-Niagara Falls, NY","36","New York","029","Erie","42.8769066671345","-78.8095260117327"
"02/16/2026","AQS","360290005","1","0.3","ppm","3","BUFFALO","24","100.0000","42101","Carbon monoxide","554","15380","Buffalo-Cheektowaga-Niagara Falls, NY","36","New York","029","Erie","42.8769066671345","-78.8095260117327"
"02/17/2026","AQS","360290005","1","0.3","ppm","3","BUFFALO","24","100.0000","42101","Carbon monoxide","554","15380","Buffalo-Cheektowaga-Niagara Falls, NY","36","New York","029","Erie","42.8769066671345","-78.8095260117327"
"02/18/2026","AQS","360290005","1","0.3","ppm","3","BUFFALO","24","100.0000","42101","Carbon monoxide","554","15380","Buffalo-Cheektowaga-Niagara Falls, NY","36","New York","029","Erie","42.8769066671345","-78.8095260117327"
"02/19/2026","AQS","360290005","1","0.3","ppm","3","BUFFALO","18","75.0000","42101","Carbon monoxide","554","15380","Buffalo-Cheektowaga-Niagara Falls, NY","36","New York","029","Erie","42.8769066671345","-78.8095260117327"
"02/20/2026","AQS","360290005","1","0.3","ppm","3","BUFFALO","24","100.0000","42101","Carbon monoxide","554","15380","Buffalo-Cheektowaga-Niagara Falls, NY","36","New York","029","Erie","42.8769066671345","-78.8095260117327"
"02/21/2026","AQS","360290005","1","0.2","ppm","2","BUFFALO","24","100.0000","42101","Carbon monoxide","554","15380","Buffalo-Cheektowaga-Niagara Falls, NY","36","New York","029","Erie","42.8769066671345","-78.8095260117327"
"02/22/2026","AQS","360290005","1","0.2","ppm","2","BUFFALO","24","100.0000","42101","Carbon monoxide","554","15380","Buffalo-Cheektowaga-Niagara Falls, NY","36","New York","029","Erie","42.8769066671345","-78.8095260117327"
"02/23/2026","AQS","360290005","1","0.2","ppm","2","BUFFALO","24","100.0000","42101","Carbon monoxide","554","15380","Buffalo-Cheektowaga-Niagara Falls, NY","36","New York","029","Erie","42.8769066671345","-78.8095260117327"
"02/24/2026","AQS","360290005","1","0.2","ppm","2","BUFFALO","24","100.0000","42101","Carbon monoxide","554","15380","Buffalo-Cheektowaga-Niagara Falls, NY","36","New York","029","Erie","42.8769066671345","-78.8095260117327"
"02/25/2026","AQS","360290005","1","0.2","ppm","2","BUFFALO","24","100.0000","42101","Carbon monoxide","554","15380","Buffalo-Cheektowaga-Niagara Falls, NY","36","New York","029","Erie","42.8769066671345","-78.8095260117327"
"02/26/2026","AQS","360290005","1","0.2","ppm","2","BUFFALO","24","100.0000","42101","Carbon monoxide","554","15380","Buffalo-Cheektowaga-Niagara Falls, NY","36","New York","029","Erie","42.8769066671345","-78.8095260117327"
"02/27/2026","AQS","360290005","1","0.5","ppm","6","BUFFALO","24","100.0000","42101","Carbon monoxide","554","15380","Buffalo-Cheektowaga-Niagara Falls, NY","36","New York","029","Erie","42.8769066671345","-78.8095260117327"
"02/28/2026","AQS","360290005","1","0.3","ppm","3","BUFFALO","24","100.0000","42101","Carbon monoxide","554","15380","Buffalo-Cheektowaga-Niagara Falls, NY","36","New York","029","Erie","42.8769066671345","-78.8095260117327"
"03/01/2026","AQS","360290005","1","0.2","ppm","2","BUFFALO","24","100.0000","42101","Carbon monoxide","554","15380","Buffalo-Cheektowaga-Niagara Falls, NY","36","New York","029","Erie","42.8769066671345","-78.8095260117327"
"03/02/2026","AQS","360290005","1","0.3","ppm","3","BUFFALO","24","100.0000","42101","Carbon monoxide","554","15380","Buffalo-Cheektowaga-Niagara Falls, NY","36","New York","029","Erie","42.8769066671345","-78.8095260117327"
"03/03/2026","AQS","360290005","1","0.4","ppm","5","BUFFALO","24","100.0000","42101","Carbon monoxide","554","15380","Buffalo-Cheektowaga-Niagara Falls, NY","36","New York","029","Erie","42.8769066671345","-78.8095260117327"
"03/04/2026","AQS","360290005","1","0.3","ppm","3","BUFFALO","24","100.0000","42101","Carbon monoxide","554","15380","Buffalo-Cheektowaga-Niagara Falls, NY","36","New York","029","Erie","42.8769066671345","-78.8095260117327"
"03/05/2026","AQS","360290005","1","0.4","ppm","5","BUFFALO","24","100.0000","42101","Carbon monoxide","554","15380","Buffalo-Cheektowaga-Niagara Falls, NY","36","New York","029","Erie","42.8769066671345","-78.8095260117327"
"03/06/2026","AQS","360290005","1","0.3","ppm","3","BUFFALO","24","100.0000","42101","Carbon monoxide","554","15380","Buffalo-Cheektowaga-Niagara Falls, NY","36","New York","029","Erie","42.8769066671345","-78.8095260117327"
"03/07/2026","AQS","360290005","1","0.3","ppm","3","BUFFALO","24","100.0000","42101","Carbon monoxide","554","15380","Buffalo-Cheektowaga-Niagara Falls, NY","36","New York","029","Erie","42.8769066671345","-78.8095260117327"
"03/08/2026","AQS","360290005","1","0.2","ppm","2","BUFFALO","24","100.0000","42101","Carbon monoxide","554","15380","Buffalo-Cheektowaga-Niagara Falls, NY","36","New York","029","Erie","42.8769066671345","-78.8095260117327"
"03/09/2026","AQS","360290005","1","0.2","ppm","2","BUFFALO","24","100.0000","42101","Carbon monoxide","554","15380","Buffalo-Cheektowaga-Niagara Falls, NY","36","New York","029","Erie","42.8769066671345","-78.8095260117327"
"03/10/2026","AQS","360290005","1","0.2","ppm","2","BUFFALO","24","100.0000","42101","Carbon monoxide","554","15380","Buffalo-Cheektowaga-Niagara Falls, NY","36","New York","029","Erie","42.8769066671345","-78.8095260117327"
"03/11/2026","AQS","360290005","1","0.2","ppm","2","BUFFALO","24","100.0000","42101","Carbon monoxide","554","15380","Buffalo-Cheektowaga-Niagara Falls, NY","36","New York","029","Erie","42.8769066671345","-78.8095260117327"
"03/12/2026","AQS","360290005","1","0.1","ppm","1","BUFFALO","24","100.0000","42101","Carbon monoxide","554","15380","Buffalo-Cheektowaga-Niagara Falls, NY","36","New York","029","Erie","42.8769066671345","-78.8095260117327"
"03/13/2026","AQS","360290005","1","0.3","ppm","3","BUFFALO","24","100.0000","42101","Carbon monoxide","554","15380","Buffalo-Cheektowaga-Niagara Falls, NY","36","New York","029","Erie","42.8769066671345","-78.8095260117327"
"03/14/2026","AQS","360290005","1","0.2","ppm","2","BUFFALO","24","100.0000","42101","Carbon monoxide","554","15380","Buffalo-Cheektowaga-Niagara Falls, NY","36","New York","029","Erie","42.8769066671345","-78.8095260117327"
"03/15/2026","AQS","360290005","1","0.2","ppm","2","BUFFALO","24","100.0000","42101","Carbon monoxide","554","15380","Buffalo-Cheektowaga-Niagara Falls, NY","36","New York","029","Erie","42.8769066671345","-78.8095260117327"
"03/16/2026","AQS","360290005","1","0.2","ppm","2","BUFFALO","24","100.0000","42101","Carbon monoxide","554","15380","Buffalo-Cheektowaga-Niagara Falls, NY","36","New York","029","Erie","42.8769066671345","-78.8095260117327"
"03/17/2026","AQS","360290005","1","0.1","ppm","1","BUFFALO","24","100.0000","42101","Carbon monoxide","554","15380","Buffalo-Cheektowaga-Niagara Falls, NY","36","New York","029","Erie","42.8769066671345","-78.8095260117327"
"03/18/2026","AQS","360290005","1","0.2","ppm","2","BUFFALO","18","75.0000","42101","Carbon monoxide","554","15380","Buffalo-Cheektowaga-Niagara Falls, NY","36","New York","029","Erie","42.8769066671345","-78.8095260117327"
"03/19/2026","AQS","360290005","1","0.3","ppm","3","BUFFALO","24","100.0000","42101","Carbon monoxide","554","15380","Buffalo-Cheektowaga-Niagara Falls, NY","36","New York","029","Erie","42.8769066671345","-78.8095260117327"
"03/20/2026","AQS","360290005","1","0.3","ppm","3","BUFFALO","24","100.0000","42101","Carbon monoxide","554","15380","Buffalo-Cheektowaga-Niagara Falls, NY","36","New York","029","Erie","42.8769066671345","-78.8095260117327"
"03/21/2026","AQS","360290005","1","0.2","ppm","2","BUFFALO","24","100.0000","42101","Carbon monoxide","554","15380","Buffalo-Cheektowaga-Niagara Falls, NY","36","New York","029","Erie","42.8769066671345","-78.8095260117327"
"03/22/2026","AQS","360290005","1","0.3","ppm","3","BUFFALO","24","100.0000","42101","Carbon monoxide","554","15380","Buffalo-Cheektowaga-Niagara Falls, NY","36","New York","029","Erie","42.8769066671345","-78.8095260117327"
"03/23/2026","AQS","360290005","1","0.2","ppm","2","BUFFALO","24","100.0000","42101","Carbon monoxide","554","15380","Buffalo-Cheektowaga-Niagara Falls, NY","36","New York","029","Erie","42.8769066671345","-78.8095260117327"
"03/24/2026","AQS","360290005","1","0.2","ppm","2","BUFFALO","24","100.0000","42101","Carbon monoxide","554","15380","Buffalo-Cheektowaga-Niagara Falls, NY","36","New York","029","Erie","42.8769066671345","-78.8095260117327"
"03/25/2026","AQS","360290005","1","0.3","ppm","3","BUFFALO","24","100.0000","42101","Carbon monoxide","554","15380","Buffalo-Cheektowaga-Niagara Falls, NY","36","New York","029","Erie","42.8769066671345","-78.8095260117327"
"03/26/2026","AQS","360290005","1","0.3","ppm","3","BUFFALO","24","100.0000","42101","Carbon monoxide","554","15380","Buffalo-Cheektowaga-Niagara Falls, NY","36","New York","029","Erie","42.8769066671345","-78.8095260117327"
"03/27/2026","AQS","360290005","1","0.3","ppm","3","BUFFALO","24","100.0000","42101","Carbon monoxide","554","15380","Buffalo-Cheektowaga-Niagara Falls, NY","36","New York","029","Erie","42.8769066671345","-78.8095260117327"
"03/28/2026","AQS","360290005","1","0.2","ppm","2","BUFFALO","24","100.0000","42101","Carbon monoxide","554","15380","Buffalo-Cheektowaga-Niagara Falls, NY","36","New York","029","Erie","42.8769066671345","-78.8095260117327"
"03/29/2026","AQS","360290005","1","0.2","ppm","2","BUFFALO","24","100.0000","42101","Carbon monoxide","554","15380","Buffalo-Cheektowaga-Niagara Falls, NY","36","New York","029","Erie","42.8769066671345","-78.8095260117327"
"03/30/2026","AQS","360290005","1","0.5","ppm","6","BUFFALO","19","79.0000","42101","Carbon monoxide","554","15380","Buffalo-Cheektowaga-Niagara Falls, NY","36","New York","029","Erie","42.8769066671345","-78.8095260117327"
"03/31/2026","AQS","360290005","1","0.2","ppm","2","BUFFALO","23","96.0000","42101","Carbon monoxide","554","15380","Buffalo-Cheektowaga-Niagara Falls, NY","36","New York","029","Erie","42.8769066671345","-78.8095260117327"
"04/01/2026","AQS","360290005","1","0.2","ppm","2","BUFFALO","24","100.0000","42101","Carbon monoxide","554","15380","Buffalo-Cheektowaga-Niagara Falls, NY","36","New York","029","Erie","42.8769066671345","-78.8095260117327"
"04/02/2026","AQS","360290005","1","0.2","ppm","2","BUFFALO","24","100.0000","42101","Carbon monoxide","554","15380","Buffalo-Cheektowaga-Niagara Falls, NY","36","New York","029","Erie","42.8769066671345","-78.8095260117327"
"04/03/2026","AQS","360290005","1","0.2","ppm","2","BUFFALO","24","100.0000","42101","Carbon monoxide","554","15380","Buffalo-Cheektowaga-Niagara Falls, NY","36","New York","029","Erie","42.8769066671345","-78.8095260117327"
"04/04/2026","AQS","360290005","1","0.2","ppm","2","BUFFALO","24","100.0000","42101","Carbon monoxide","554","15380","Buffalo-Cheektowaga-Niagara Falls, NY","36","New York","029","Erie","42.8769066671345","-78.8095260117327"
"04/05/2026","AQS","360290005","1","0.2","ppm","2","BUFFALO","24","100.0000","42101","Carbon monoxide","554","15380","Buffalo-Cheektowaga-Niagara Falls, NY","36","New York","029","Erie","42.8769066671345","-78.8095260117327"
"04/06/2026","AQS","360290005","1","0.1","ppm","1","BUFFALO","24","100.0000","42101","Carbon monoxide","554","15380","Buffalo-Cheektowaga-Niagara Falls, NY","36","New York","029","Erie","42.8769066671345","-78.8095260117327"
"04/07/2026","AQS","360290005","1","0.1","ppm","1","BUFFALO","18","75.0000","42101","Carbon monoxide","554","15380","Buffalo-Cheektowaga-Niagara Falls, NY","36","New York","029","Erie","42.8769066671345","-78.8095260117327"
"04/08/2026","AQS","360290005","1","0.2","ppm","2","BUFFALO","24","100.0000","42101","Carbon monoxide","554","15380","Buffalo-Cheektowaga-Niagara Falls, NY","36","New York","029","Erie","42.8769066671345","-78.8095260117327"
"04/09/2026","AQS","360290005","1","0.2","ppm","2","BUFFALO","24","100.0000","42101","Carbon monoxide","554","15380","Buffalo-Cheektowaga-Niagara Falls, NY","36","New York","029","Erie","42.8769066671345","-78.8095260117327"
"04/10/2026","AQS","360290005","1","0.2","ppm","2","BUFFALO","24","100.0000","42101","Carbon monoxide","554","15380","Buffalo-Cheektowaga-Niagara Falls, NY","36","New York","029","Erie","42.8769066671345","-78.8095260117327"
"04/11/2026","AQS","360290005","1","0.2","ppm","2","BUFFALO","24","100.0000","42101","Carbon monoxide","554","15380","Buffalo-Cheektowaga-Niagara Falls, NY","36","New York","029","Erie","42.8769066671345","-78.8095260117327"
"04/12/2026","AQS","360290005","1","0.3","ppm","3","BUFFALO","24","100.0000","42101","Carbon monoxide","554","15380","Buffalo-Cheektowaga-Niagara Falls, NY","36","New York","029","Erie","42.8769066671345","-78.8095260117327"
"04/13/2026","AQS","360290005","1","0.2","ppm","2","BUFFALO","24","100.0000","42101","Carbon monoxide","554","15380","Buffalo-Cheektowaga-Niagara Falls, NY","36","New York","029","Erie","42.8769066671345","-78.8095260117327"
"04/14/2026","AQS","360290005","1","0.2","ppm","2","BUFFALO","24","100.0000","42101","Carbon monoxide","554","15380","Buffalo-Cheektowaga-Niagara Falls, NY","36","New York","029","Erie","42.8769066671345","-78.8095260117327"
"04/15/2026","AQS","360290005","1","0.2","ppm","2","BUFFALO","24","100.0000","42101","Carbon monoxide","554","15380","Buffalo-Cheektowaga-Niagara Falls, NY","36","New York","029","Erie","42.8769066671345","-78.8095260117327"
"04/16/2026","AQS","360290005","1","0.2","ppm","2","BUFFALO","18","75.0000","42101","Carbon monoxide","554","15380","Buffalo-Cheektowaga-Niagara Falls, NY","36","New York","029","Erie","42.8769066671345","-78.8095260117327"
"04/17/2026","AQS","360290005","1","0.2","ppm","2","BUFFALO","24","100.0000","42101","Carbon monoxide","554","15380","Buffalo-Cheektowaga-Niagara Falls, NY","36","New York","029","Erie","42.8769066671345","-78.8095260117327"
"04/18/2026","AQS","360290005","1","0.3","ppm","3","BUFFALO","24","100.0000","42101","Carbon monoxide","554","15380","Buffalo-Cheektowaga-Niagara Falls, NY","36","New York","029","Erie","42.8769066671345","-78.8095260117327"
"04/19/2026","AQS","360290005","1","0.1","ppm","1","BUFFALO","24","100.0000","42101","Carbon monoxide","554","15380","Buffalo-Cheektowaga-Niagara Falls, NY","36","New York","029","Erie","42.8769066671345","-78.8095260117327"
"04/20/2026","AQS","360290005","1","0.2","ppm","2","BUFFALO","24","100.0000","42101","Carbon monoxide","554","15380","Buffalo-Cheektowaga-Niagara Falls, NY","36","New York","029","Erie","42.8769066671345","-78.8095260117327"
"04/21/2026","AQS","360290005","1","0.2","ppm","2","BUFFALO","24","100.0000","42101","Carbon monoxide","554","15380","Buffalo-Cheektowaga-Niagara Falls, NY","36","New York","029","Erie","42.8769066671345","-78.8095260117327"
"04/22/2026","AQS","360290005","1","0.2","ppm","2","BUFFALO","24","100.0000","42101","Carbon monoxide","554","15380","Buffalo-Cheektowaga-Niagara Falls, NY","36","New York","029","Erie","42.8769066671345","-78.8095260117327"
"04/23/2026","AQS","360290005","1","0.4","ppm","5","BUFFALO","24","100.0000","42101","Carbon monoxide","554","15380","Buffalo-Cheektowaga-Niagara Falls, NY","36","New York","029","Erie","42.8769066671345","-78.8095260117327"
"04/24/2026","AQS","360290005","1","0.2","ppm","2","BUFFALO","24","100.0000","42101","Carbon monoxide","554","15380","Buffalo-Cheektowaga-Niagara Falls, NY","36","New York","029","Erie","42.8769066671345","-78.8095260117327"
"04/25/2026","AQS","360290005","1","0.2","ppm","2","BUFFALO","24","100.0000","42101","Carbon monoxide","554","15380","Buffalo-Cheektowaga-Niagara Falls, NY","36","New York","029","Erie","42.8769066671345","-78.8095260117327"
"04/26/2026","AQS","360290005","1","0.3","ppm","3","BUFFALO","16","67.0000","42101","Carbon monoxide","554","15380","Buffalo-Cheektowaga-Niagara Falls, NY","36","New York","029","Erie","42.8769066671345","-78.8095260117327"
"04/27/2026","AQS","360290005","1","0.3","ppm","3","BUFFALO","24","100.0000","42101","Carbon monoxide","554","15380","Buffalo-Cheektowaga-Niagara Falls, NY","36","New York","029","Erie","42.8769066671345","-78.8095260117327"
"04/28/2026","AQS","360290005","1","0.2","ppm","2","BUFFALO","24","100.0000","42101","Carbon monoxide","554","15380","Buffalo-Cheektowaga-Niagara Falls, NY","36","New York","029","Erie","42.8769066671345","-78.8095260117327"
"04/29/2026","AQS","360290005","1","0.2","ppm","2","BUFFALO","24","100.0000","42101","Carbon monoxide","554","15380","Buffalo-Cheektowaga-Niagara Falls, NY","36","New York","029","Erie","42.8769066671345","-78.8095260117327"
"04/30/2026","AQS","360290005","1","0.2","ppm","2","BUFFALO","24","100.0000","42101","Carbon monoxide","554","15380","Buffalo-Cheektowaga-Niagara Falls, NY","36","New York","029","Erie","42.8769066671345","-78.8095260117327"
"05/01/2026","AQS","360290005","1","0.2","ppm","2","BUFFALO","24","100.0000","42101","Carbon monoxide","554","15380","Buffalo-Cheektowaga-Niagara Falls, NY","36","New York","029","Erie","42.8769066671345","-78.8095260117327"
"05/02/2026","AQS","360290005","1","0.2","ppm","2","BUFFALO","24","100.0000","42101","Carbon monoxide","554","15380","Buffalo-Cheektowaga-Niagara Falls, NY","36","New York","029","Erie","42.8769066671345","-78.8095260117327"
"05/03/2026","AQS","360290005","1","0.2","ppm","2","BUFFALO","24","100.0000","42101","Carbon monoxide","554","15380","Buffalo-Cheektowaga-Niagara Falls, NY","36","New York","029","Erie","42.8769066671345","-78.8095260117327"
"05/04/2026","AQS","360290005","1","0.2","ppm","2","BUFFALO","24","100.0000","42101","Carbon monoxide","554","15380","Buffalo-Cheektowaga-Niagara Falls, NY","36","New York","029","Erie","42.8769066671345","-78.8095260117327"
"05/05/2026","AQS","360290005","1","0.2","ppm","2","BUFFALO","24","100.0000","42101","Carbon monoxide","554","15380","Buffalo-Cheektowaga-Niagara Falls, NY","36","New York","029","Erie","42.8769066671345","-78.8095260117327"
"05/06/2026","AQS","360290005","1","0.3","ppm","3","BUFFALO","18","75.0000","42101","Carbon monoxide","554","15380","Buffalo-Cheektowaga-Niagara Falls, NY","36","New York","029","Erie","42.8769066671345","-78.8095260117327"
"05/07/2026","AQS","360290005","1","0.2","ppm","2","BUFFALO","24","100.0000","42101","Carbon monoxide","554","15380","Buffalo-Cheektowaga-Niagara Falls, NY","36","New York","029","Erie","42.8769066671345","-78.8095260117327"
"05/08/2026","AQS","360290005","1","0.2","ppm","2","BUFFALO","24","100.0000","42101","Carbon monoxide","554","15380","Buffalo-Cheektowaga-Niagara Falls, NY","36","New York","029","Erie","42.8769066671345","-78.8095260117327"
"05/09/2026","AQS","360290005","1","0.2","ppm","2","BUFFALO","24","100.0000","42101","Carbon monoxide","554","15380","Buffalo-Cheektowaga-Niagara Falls, NY","36","New York","029","Erie","42.8769066671345","-78.8095260117327"
"05/10/2026","AQS","360290005","1","0.1","ppm","1","BUFFALO","24","100.0000","42101","Carbon monoxide","554","15380","Buffalo-Cheektowaga-Niagara Falls, NY","36","New York","029","Erie","42.8769066671345","-78.8095260117327"
"05/11/2026","AQS","360290005","1","0.2","ppm","2","BUFFALO","24","100.0000","42101","Carbon monoxide","554","15380","Buffalo-Cheektowaga-Niagara Falls, NY","36","New York","029","Erie","42.8769066671345","-78.8095260117327"
"05/12/2026","AQS","360290005","1","0.3","ppm","3","BUFFALO","24","100.0000","42101","Carbon monoxide","554","15380","Buffalo-Cheektowaga-Niagara Falls, NY","36","New York","029","Erie","42.8769066671345","-78.8095260117327"
"05/13/2026","AQS","360290005","1","0.2","ppm","2","BUFFALO","24","100.0000","42101","Carbon monoxide","554","15380","Buffalo-Cheektowaga-Niagara Falls, NY","36","New York","029","Erie","42.8769066671345","-78.8095260117327"
"05/14/2026","AQS","360290005","1","0.2","ppm","2","BUFFALO","24","100.0000","42101","Carbon monoxide","554","15380","Buffalo-Cheektowaga-Niagara Falls, NY","36","New York","029","Erie","42.8769066671345","-78.8095260117327"
"05/15/2026","AQS","360290005","1","0.2","ppm","2","BUFFALO","24","100.0000","42101","Carbon monoxide","554","15380","Buffalo-Cheektowaga-Niagara Falls, NY","36","New York","029","Erie","42.8769066671345","-78.8095260117327"
"05/16/2026","AQS","360290005","1","0.3","ppm","3","BUFFALO","24","100.0000","42101","Carbon monoxide","554","15380","Buffalo-Cheektowaga-Niagara Falls, NY","36","New York","029","Erie","42.8769066671345","-78.8095260117327"
"05/17/2026","AQS","360290005","1","0.3","ppm","3","BUFFALO","24","100.0000","42101","Carbon monoxide","554","15380","Buffalo-Cheektowaga-Niagara Falls, NY","36","New York","029","Erie","42.8769066671345","-78.8095260117327"
"05/18/2026","AQS","360290005","1","0.3","ppm","3","BUFFALO","8","33.0000","42101","Carbon monoxide","554","15380","Buffalo-Cheektowaga-Niagara Falls, NY","36","New York","029","Erie","42.8769066671345","-78.8095260117327"
"05/20/2026","AQS","360290005","1","0.1","ppm","1","BUFFALO","8","33.0000","42101","Carbon monoxide","554","15380","Buffalo-Cheektowaga-Niagara Falls, NY","36","New York","029","Erie","42.8769066671345","-78.8095260117327"
"05/21/2026","AQS","360290005","1","0.1","ppm","1","BUFFALO","24","100.0000","42101","Carbon monoxide","554","15380","Buffalo-Cheektowaga-Niagara Falls, NY","36","New York","029","Erie","42.8769066671345","-78.8095260117327"
"05/22/2026","AQS","360290005","1","0.1","ppm","1","BUFFALO","24","100.0000","42101","Carbon monoxide","554","15380","Buffalo-Cheektowaga-Niagara Falls, NY","36","New York","029","Erie","42.8769066671345","-78.8095260117327"
"05/23/2026","AQS","360290005","1","0.1","ppm","1","BUFFALO","24","100.0000","42101","Carbon monoxide","554","15380","Buffalo-Cheektowaga-Niagara Falls, NY","36","New York","029","Erie","42.8769066671345","-78.8095260117327"
"05/24/2026","AQS","360290005","1","0.2","ppm","2","BUFFALO","24","100.0000","42101","Carbon monoxide","554","15380","Buffalo-Cheektowaga-Niagara Falls, NY","36","New York","029","Erie","42.8769066671345","-78.8095260117327"
"05/25/2026","AQS","360290005","1","0.2","ppm","2","BUFFALO","24","100.0000","42101","Carbon monoxide","554","15380","Buffalo-Cheektowaga-Niagara Falls, NY","36","New York","029","Erie","42.8769066671345","-78.8095260117327"
"05/26/2026","AQS","360290005","1","0.3","ppm","3","BUFFALO","24","100.0000","42101","Carbon monoxide","554","15380","Buffalo-Cheektowaga-Niagara Falls, NY","36","New York","029","Erie","42.8769066671345","-78.8095260117327"
"05/27/2026","AQS","360290005","1","0.2","ppm","2","BUFFALO","24","100.0000","42101","Carbon monoxide","554","15380","Buffalo-Cheektowaga-Niagara Falls, NY","36","New York","029","Erie","42.8769066671345","-78.8095260117327"
"05/28/2026","AQS","360290005","1","0.2","ppm","2","BUFFALO","24","100.0000","42101","Carbon monoxide","554","15380","Buffalo-Cheektowaga-Niagara Falls, NY","36","New York","029","Erie","42.8769066671345","-78.8095260117327"
"05/29/2026","AQS","360290005","1","0.2","ppm","2","BUFFALO","24","100.0000","42101","Carbon monoxide","554","15380","Buffalo-Cheektowaga-Niagara Falls, NY","36","New York","029","Erie","42.8769066671345","-78.8095260117327"
"05/30/2026","AQS","360290005","1","0.3","ppm","3","BUFFALO","24","100.0000","42101","Carbon monoxide","554","15380","Buffalo-Cheektowaga-Niagara Falls, NY","36","New York","029","Erie","42.8769066671345","-78.8095260117327"
"05/31/2026","AQS","360290005","1","0.3","ppm","3","BUFFALO","24","100.0000","42101","Carbon monoxide","554","15380","Buffalo-Cheektowaga-Niagara Falls, NY","36","New York","029","Erie","42.8769066671345","-78.8095260117327"
"06/01/2026","AQS","360290005","1","0.1","ppm","1","BUFFALO","2","8.0000","42101","Carbon monoxide","554","15380","Buffalo-Cheektowaga-Niagara Falls, NY","36","New York","029","Erie","42.8769066671345","-78.8095260117327"
"06/16/2026","AQS","360290005","1","0.2","ppm","2","BUFFALO","8","33.0000","42101","Carbon monoxide","554","15380","Buffalo-Cheektowaga-Niagara Falls, NY","36","New York","029","Erie","42.8769066671345","-78.8095260117327"
"06/17/2026","AQS","360290005","1","0.2","ppm","2","BUFFALO","24","100.0000","42101","Carbon monoxide","554","15380","Buffalo-Cheektowaga-Niagara Falls, NY","36","New York","029","Erie","42.8769066671345","-78.8095260117327"
"06/18/2026","AQS","360290005","1","0.1","ppm","1","BUFFALO","24","100.0000","42101","Carbon monoxide","554","15380","Buffalo-Cheektowaga-Niagara Falls, NY","36","New York","029","Erie","42.8769066671345","-78.8095260117327"
"06/19/2026","AQS","360290005","1","0.1","ppm","1","BUFFALO","24","100.0000","42101","Carbon monoxide","554","15380","Buffalo-Cheektowaga-Niagara Falls, NY","36","New York","029","Erie","42.8769066671345","-78.8095260117327"
"06/20/2026","AQS","360290005","1","0.1","ppm","1","BUFFALO","24","100.0000","42101","Carbon monoxide","554","15380","Buffalo-Cheektowaga-Niagara Falls, NY","36","New York","029","Erie","42.8769066671345","-78.8095260117327"
"06/21/2026","AQS","360290005","1","0.2","ppm","2","BUFFALO","24","100.0000","42101","Carbon monoxide","554","15380","Buffalo-Cheektowaga-Niagara Falls, NY","36","New York","029","Erie","42.8769066671345","-78.8095260117327"
"06/22/2026","AQS","360290005","1","0.2","ppm","2","BUFFALO","18","75.0000","42101","Carbon monoxide","554","15380","Buffalo-Cheektowaga-Niagara Falls, NY","36","New York","029","Erie","42.8769066671345","-78.8095260117327"
"06/23/2026","AQS","360290005","1","0.2","ppm","2","BUFFALO","24","100.0000","42101","Carbon monoxide","554","15380","Buffalo-Cheektowaga-Niagara Falls, NY","36","New York","029","Erie","42.8769066671345","-78.8095260117327"
"06/24/2026","AQS","360290005","1","0.2","ppm","2","BUFFALO","24","100.0000","42101","Carbon monoxide","554","15380","Buffalo-Cheektowaga-Niagara Falls, NY","36","New York","029","Erie","42.8769066671345","-78.8095260117327"
"06/25/2026","AQS","360290005","1","0.2","ppm","2","BUFFALO","24","100.0000","42101","Carbon monoxide","554","15380","Buffalo-Cheektowaga-Niagara Falls, NY","36","New York","029","Erie","42.8769066671345","-78.8095260117327"
"06/26/2026","AQS","360290005","1","0.2","ppm","2","BUFFALO","24","100.0000","42101","Carbon monoxide","554","15380","Buffalo-Cheektowaga-Niagara Falls, NY","36","New York","029","Erie","42.8769066671345","-78.8095260117327"
"06/27/2026","AQS","360290005","1","0.3","ppm","3","BUFFALO","24","100.0000","42101","Carbon monoxide","554","15380","Buffalo-Cheektowaga-Niagara Falls, NY","36","New York","029","Erie","42.8769066671345","-78.8095260117327"
"06/28/2026","AQS","360290005","1","0.2","ppm","2","BUFFALO","24","100.0000","42101","Carbon monoxide","554","15380","Buffalo-Cheektowaga-Niagara Falls, NY","36","New York","029","Erie","42.8769066671345","-78.8095260117327"
"06/29/2026","AQS","360290005","1","0.2","ppm","2","BUFFALO","24","100.0000","42101","Carbon monoxide","554","15380","Buffalo-Cheektowaga-Niagara Falls, NY","36","New York","029","Erie","42.8769066671345","-78.8095260117327"
"06/30/2026","AQS","360290005","1","0.2","ppm","2","BUFFALO","24","100.0000","42101","Carbon monoxide","554","15380","Buffalo-Cheektowaga-Niagara Falls, NY","36","New York","029","Erie","42.8769066671345","-78.8095260117327"
"07/01/2026","AQS","360290005","1","0.2","ppm","2","BUFFALO","2","8.0000","42101","Carbon monoxide","554","15380","Buffalo-Cheektowaga-Niagara Falls, NY","36","New York","029","Erie","42.8769066671345","-78.8095260117327"
"01/01/2026","AQS","360290023","1","0.2","ppm","2","Buffalo Near-Road","19","79.0000","42101","Carbon monoxide","554","15380","Buffalo-Cheektowaga-Niagara Falls, NY","36","New York","029","Erie","42.9211072796373","-78.7658253281598"
"01/02/2026","AQS","360290023","1","0.2","ppm","2","Buffalo Near-Road","24","100.0000","42101","Carbon monoxide","554","15380","Buffalo-Cheektowaga-Niagara Falls, NY","36","New York","029","Erie","42.9211072796373","-78.7658253281598"
"01/03/2026","AQS","360290023","1","0.2","ppm","2","Buffalo Near-Road","24","100.0000","42101","Carbon monoxide","554","15380","Buffalo-Cheektowaga-Niagara Falls, NY","36","New York","029","Erie","42.9211072796373","-78.7658253281598"
"01/04/2026","AQS","360290023","1","0.2","ppm","2","Buffalo Near-Road","24","100.0000","42101","Carbon monoxide","554","15380","Buffalo-Cheektowaga-Niagara Falls, NY","36","New York","029","Erie","42.9211072796373","-78.7658253281598"
"01/05/2026","AQS","360290023","1","0.3","ppm","3","Buffalo Near-Road","24","100.0000","42101","Carbon monoxide","554","15380","Buffalo-Cheektowaga-Niagara Falls, NY","36","New York","029","Erie","42.9211072796373","-78.7658253281598"
"01/06/2026","AQS","360290023","1","0.5","ppm","6","Buffalo Near-Road","24","100.0000","42101","Carbon monoxide","554","15380","Buffalo-Cheektowaga-Niagara Falls, NY","36","New York","029","Erie","42.9211072796373","-78.7658253281598"
"01/07/2026","AQS","360290023","1","0.4","ppm","5","Buffalo Near-Road","24","100.0000","42101","Carbon monoxide","554","15380","Buffalo-Cheektowaga-Niagara Falls, NY","36","New York","029","Erie","42.9211072796373","-78.7658253281598"
"01/08/2026","AQS","360290023","1","0.3","ppm","3","Buffalo Near-Road","18","75.0000","42101","Carbon monoxide","554","15380","Buffalo-Cheektowaga-Niagara Falls, NY","36","New York","029","Erie","42.9211072796373","-78.7658253281598"
"01/09/2026","AQS","360290023","1","0.3","ppm","3","Buffalo Near-Road","24","100.0000","42101","Carbon monoxide","554","15380","Buffalo-Cheektowaga-Niagara Falls, NY","36","New York","029","Erie","42.9211072796373","-78.7658253281598"
"01/10/2026","AQS","360290023","1","0.2","ppm","2","Buffalo Near-Road","24","100.0000","42101","Carbon monoxide","554","15380","Buffalo-Cheektowaga-Niagara Falls, NY","36","New York","029","Erie","42.9211072796373","-78.7658253281598"
"01/11/2026","AQS","360290023","1","0.2","ppm","2","Buffalo Near-Road","24","100.0000","42101","Carbon monoxide","554","15380","Buffalo-Cheektowaga-Niagara Falls, NY","36","New York","029","Erie","42.9211072796373","-78.7658253281598"
"01/12/2026","AQS","360290023","1","0.2","ppm","2","Buffalo Near-Road","24","100.0000","42101","Carbon monoxide","554","15380","Buffalo-Cheektowaga-Niagara Falls, NY","36","New York","029","Erie","42.9211072796373","-78.7658253281598"
"01/13/2026","AQS","360290023","1","0.3","ppm","3","Buffalo Near-Road","24","100.0000","42101","Carbon monoxide","554","15380","Buffalo-Cheektowaga-Niagara Falls, NY","36","New York","029","Erie","42.9211072796373","-78.7658253281598"
"01/14/2026","AQS","360290023","1","0.4","ppm","5","Buffalo Near-Road","24","100.0000","42101","Carbon monoxide","554","15380","Buffalo-Cheektowaga-Niagara Falls, NY","36","New York","029","Erie","42.9211072796373","-78.7658253281598"
"01/15/2026","AQS","360290023","1","0.3","ppm","3","Buffalo Near-Road","24","100.0000","42101","Carbon monoxide","554","15380","Buffalo-Cheektowaga-Niagara Falls, NY","36","New York","029","Erie","42.9211072796373","-78.7658253281598"
"01/16/2026","AQS","360290023","1","0.3","ppm","3","Buffalo Near-Road","24","100.0000","42101","Carbon monoxide","554","15380","Buffalo-Cheektowaga-Niagara Falls, NY","36","New York","029","Erie","42.9211072796373","-78.7658253281598"
"01/17/2026","AQS","360290023","1","0.2","ppm","2","Buffalo Near-Road","24","100.0000","42101","Carbon monoxide","554","15380","Buffalo-Cheektowaga-Niagara Falls, NY","36","New York","029","Erie","42.9211072796373","-78.7658253281598"
"01/18/2026","AQS","360290023","1","0.2","ppm","2","Buffalo Near-Road","24","100.0000","42101","Carbon monoxide","554","15380","Buffalo-Cheektowaga-Niagara Falls, NY","36","New York","029","Erie","42.9211072796373","-78.7658253281598"
"01/19/2026","AQS","360290023","1","0.2","ppm","2","Buffalo Near-Road","24","100.0000","42101","Carbon monoxide","554","15380","Buffalo-Cheektowaga-Niagara Falls, NY","36","New York","029","Erie","42.9211072796373","-78.7658253281598"
"01/20/2026","AQS","360290023","1","0.2","ppm","2","Buffalo Near-Road","24","100.0000","42101","Carbon monoxide","554","15380","Buffalo-Cheektowaga-Niagara Falls, NY","36","New York","029","Erie","42.9211072796373","-78.7658253281598"
"01/21/2026","AQS","360290023","1","0.2","ppm","2","Buffalo Near-Road","24","100.0000","42101","Carbon monoxide","554","15380","Buffalo-Cheektowaga-Niagara Falls, NY","36","New York","029","Erie","42.9211072796373","-78.7658253281598"
"01/22/2026","AQS","360290023","1","0.2","ppm","2","Buffalo Near-Road","24","100.0000","42101","Carbon monoxide","554","15380","Buffalo-Cheektowaga-Niagara Falls, NY","36","New York","029","Erie","42.9211072796373","-78.7658253281598"
"01/23/2026","AQS","360290023","1","0.2","ppm","2","Buffalo Near-Road","24","100.0000","42101","Carbon monoxide","554","15380","Buffalo-Cheektowaga-Niagara Falls, NY","36","New York","029","Erie","42.9211072796373","-78.7658253281598"
"01/24/2026","AQS","360290023","1","0.4","ppm","5","Buffalo Near-Road","24","100.0000","42101","Carbon monoxide","554","15380","Buffalo-Cheektowaga-Niagara Falls, NY","36","New York","029","Erie","42.9211072796373","-78.7658253281598"
"01/25/2026","AQS","360290023","1","0.2","ppm","2","Buffalo Near-Road","24","100.0000","42101","Carbon monoxide","554","15380","Buffalo-Cheektowaga-Niagara Falls, NY","36","New York","029","Erie","42.9211072796373","-78.7658253281598"
"01/26/2026","AQS","360290023","1","0.3","ppm","3","Buffalo Near-Road","24","100.0000","42101","Carbon monoxide","554","15380","Buffalo-Cheektowaga-Niagara Falls, NY","36","New York","029","Erie","42.9211072796373","-78.7658253281598"
"01/27/2026","AQS","360290023","1","0.2","ppm","2","Buffalo Near-Road","24","100.0000","42101","Carbon monoxide","554","15380","Buffalo-Cheektowaga-Niagara Falls, NY","36","New York","029","Erie","42.9211072796373","-78.7658253281598"
"01/28/2026","AQS","360290023","1","0.2","ppm","2","Buffalo Near-Road","24","100.0000","42101","Carbon monoxide","554","15380","Buffalo-Cheektowaga-Niagara Falls, NY","36","New York","029","Erie","42.9211072796373","-78.7658253281598"
"01/29/2026","AQS","360290023","1","0.3","ppm","3","Buffalo Near-Road","24","100.0000","42101","Carbon monoxide","554","15380","Buffalo-Cheektowaga-Niagara Falls, NY","36","New York","029","Erie","42.9211072796373","-78.7658253281598"
"01/30/2026","AQS","360290023","1","0.3","ppm","3","Buffalo Near-Road","24","100.0000","42101","Carbon monoxide","554","15380","Buffalo-Cheektowaga-Niagara Falls, NY","36","New York","029","Erie","42.9211072796373","-78.7658253281598"
"01/31/2026","AQS","360290023","1","0.3","ppm","3","Buffalo Near-Road","24","100.0000","42101","Carbon monoxide","554","15380","Buffalo-Cheektowaga-Niagara Falls, NY","36","New York","029","Erie","42.9211072796373","-78.7658253281598"
"02/01/2026","AQS","360290023","1","0.3","ppm","3","Buffalo Near-Road","24","100.0000","42101","Carbon monoxide","554","15380","Buffalo-Cheektowaga-Niagara Falls, NY","36","New York","029","Erie","42.9211072796373","-78.7658253281598"
"02/02/2026","AQS","360290023","1","0.4","ppm","5","Buffalo Near-Road","24","100.0000","42101","Carbon monoxide","554","15380","Buffalo-Cheektowaga-Niagara Falls, NY","36","New York","029","Erie","42.9211072796373","-78.7658253281598"
"02/03/2026","AQS","360290023","1","0.4","ppm","5","Buffalo Near-Road","24","100.0000","42101","Carbon monoxide","554","15380","Buffalo-Cheektowaga-Niagara Falls, NY","36","New York","029","Erie","42.9211072796373","-78.7658253281598"
"02/04/2026","AQS","360290023","1","0.4","ppm","5","Buffalo Near-Road","24","100.0000","42101","Carbon monoxide","554","15380","Buffalo-Cheektowaga-Niagara Falls, NY","36","New York","029","Erie","42.9211072796373","-78.7658253281598"
"02/05/2026","AQS","360290023","1","0.5","ppm","6","Buffalo Near-Road","24","100.0000","42101","Carbon monoxide","554","15380","Buffalo-Cheektowaga-Niagara Falls, NY","36","New York","029","Erie","42.9211072796373","-78.7658253281598"
"02/06/2026","AQS","360290023","1","0.5","ppm","6","Buffalo Near-Road","24","100.0000","42101","Carbon monoxide","554","15380","Buffalo-Cheektowaga-Niagara Falls, NY","36","New York","029","Erie","42.9211072796373","-78.7658253281598"
"02/07/2026","AQS","360290023","1","0.2","ppm","2","Buffalo Near-Road","24","100.0000","42101","Carbon monoxide","554","15380","Buffalo-Cheektowaga-Niagara Falls, NY","36","New York","029","Erie","42.9211072796373","-78.7658253281598"
"02/08/2026","AQS","360290023","1","0.3","ppm","3","Buffalo Near-Road","24","100.0000","42101","Carbon monoxide","554","15380","Buffalo-Cheektowaga-Niagara Falls, NY","36","New York","029","Erie","42.9211072796373","-78.7658253281598"
"02/09/2026","AQS","360290023","1","0.6","ppm","7","Buffalo Near-Road","24","100.0000","42101","Carbon monoxide","554","15380","Buffalo-Cheektowaga-Niagara Falls, NY","36","New York","029","Erie","42.9211072796373","-78.7658253281598"
"02/10/2026","AQS","360290023","1","0.4","ppm","5","Buffalo Near-Road","24","100.0000","42101","Carbon monoxide","554","15380","Buffalo-Cheektowaga-Niagara Falls, NY","36","New York","029","Erie","42.9211072796373","-78.7658253281598"
"02/11/2026","AQS","360290023","1","0.3","ppm","3","Buffalo Near-Road","24","100.0000","42101","Carbon monoxide","554","15380","Buffalo-Cheektowaga-Niagara Falls, NY","36","New York","029","Erie","42.9211072796373","-78.7658253281598"
"02/12/2026","AQS","360290023","1","0.3","ppm","3","Buffalo Near-Road","24","100.0000","42101","Carbon monoxide","554","15380","Buffalo-Cheektowaga-Niagara Falls, NY","36","New York","029","Erie","42.9211072796373","-78.7658253281598"
"02/13/2026","AQS","360290023","1","0.2","ppm","2","Buffalo Near-Road","24","100.0000","42101","Carbon monoxide","554","15380","Buffalo-Cheektowaga-Niagara Falls, NY","36","New York","029","Erie","42.9211072796373","-78.7658253281598"
"02/14/2026","AQS","360290023","1","0.7","ppm","8","Buffalo Near-Road","24","100.0000","42101","Carbon monoxide","554","15380","Buffalo-Cheektowaga-Niagara Falls, NY","36","New York","029","Erie","42.9211072796373","-78.7658253281598"
"02/15/2026","AQS","360290023","1","0.7","ppm","8","Buffalo Near-Road","24","100.0000","42101","Carbon monoxide","554","15380","Buffalo-Cheektowaga-Niagara Falls, NY","36","New York","029","Erie","42.9211072796373","-78.7658253281598"
"02/16/2026","AQS","360290023","1","0.5","ppm","6","Buffalo Near-Road","24","100.0000","42101","Carbon monoxide","554","15380","Buffalo-Cheektowaga-Niagara Falls, NY","36","New York","029","Erie","42.9211072796373","-78.7658253281598"
"02/17/2026","AQS","360290023","1","0.4","ppm","5","Buffalo Near-Road","18","75.0000","42101","Carbon monoxide","554","15380","Buffalo-Cheektowaga-Niagara Falls, NY","36","New York","029","Erie","42.9211072796373","-78.7658253281598"
"02/18/2026","AQS","360290023","1","0.4","ppm","5","Buffalo Near-Road","24","100.0000","42101","Carbon monoxide","554","15380","Buffalo-Cheektowaga-Niagara Falls, NY","36","New York","029","Erie","42.9211072796373","-78.7658253281598"
"02/19/2026","AQS","360290023","1","0.2","ppm","2","Buffalo Near-Road","24","100.0000","42101","Carbon monoxide","554","15380","Buffalo-Cheektowaga-Niagara Falls, NY","36","New York","029","Erie","42.9211072796373","-78.7658253281598"
"02/20/2026","AQS","360290023","1","0.3","ppm","3","Buffalo Near-Road","24","100.0000","42101","Carbon monoxide","554","15380","Buffalo-Cheektowaga-Niagara Falls, NY","36","New York","029","Erie","42.9211072796373","-78.7658253281598"
"02/21/2026","AQS","360290023","1","0.2","ppm","2","Buffalo Near-Road","24","100.0000","42101","Carbon monoxide","554","15380","Buffalo-Cheektowaga-Niagara Falls, NY","36","New York","029","Erie","42.9211072796373","-78.7658253281598"
"02/22/2026","AQS","360290023","1","0.3","ppm","3","Buffalo Near-Road","24","100.0000","42101","Carbon monoxide","554","15380","Buffalo-Cheektowaga-Niagara Falls, NY","36","New York","029","Erie","42.9211072796373","-78.7658253281598"
"02/23/2026","AQS","360290023","1","0.3","ppm","3","Buffalo Near-Road","24","100.0000","42101","Carbon monoxide","554","15380","Buffalo-Cheektowaga-Niagara Falls, NY","36","New York","029","Erie","42.9211072796373","-78.7658253281598"
"02/24/2026","AQS","360290023","1","0.3","ppm","3","Buffalo Near-Road","24","100.0000","42101","Carbon monoxide","554","15380","Buffalo-Cheektowaga-Niagara Falls, NY","36","New York","029","Erie","42.9211072796373","-78.7658253281598"
"02/25/2026","AQS","360290023","1","0.2","ppm","2","Buffalo Near-Road","24","100.0000","42101","Carbon monoxide","554","15380","Buffalo-Cheektowaga-Niagara Falls, NY","36","New York","029","Erie","42.9211072796373","-78.7658253281598"
"02/26/2026","AQS","360290023","1","0.3","ppm","3","Buffalo Near-Road","24","100.0000","42101","Carbon monoxide","554","15380","Buffalo-Cheektowaga-Niagara Falls, NY","36","New York","029","Erie","42.9211072796373","-78.7658253281598"
"02/27/2026","AQS","360290023","1","0.7","ppm","8","Buffalo Near-Road","24","100.0000","42101","Carbon monoxide","554","15380","Buffalo-Cheektowaga-Niagara Falls, NY","36","New York","029","Erie","42.9211072796373","-78.7658253281598"
"02/28/2026","AQS","360290023","1","0.4","ppm","5","Buffalo Near-Road","24","100.0000","42101","Carbon monoxide","554","15380","Buffalo-Cheektowaga-Niagara Falls, NY","36","New York","029","Erie","42.9211072796373","-78.7658253281598"
"03/01/2026","AQS","360290023","1","0.2","ppm","2","Buffalo Near-Road","24","100.0000","42101","Carbon monoxide","554","15380","Buffalo-Cheektowaga-Niagara Falls, NY","36","New York","029","Erie","42.9211072796373","-78.7658253281598"
"03/02/2026","AQS","360290023","1","0.4","ppm","5","Buffalo Near-Road","24","100.0000","42101","Carbon monoxide","554","15380","Buffalo-Cheektowaga-Niagara Falls, NY","36","New York","029","Erie","42.9211072796373","-78.7658253281598"
"03/03/2026","AQS","360290023","1","0.5","ppm","6","Buffalo Near-Road","23","96.0000","42101","Carbon monoxide","554","15380","Buffalo-Cheektowaga-Niagara Falls, NY","36","New York","029","Erie","42.9211072796373","-78.7658253281598"
"03/04/2026","AQS","360290023","1","0.4","ppm","5","Buffalo Near-Road","24","100.0000","42101","Carbon monoxide","554","15380","Buffalo-Cheektowaga-Niagara Falls, NY","36","New York","029","Erie","42.9211072796373","-78.7658253281598"
"03/05/2026","AQS","360290023","1","0.4","ppm","5","Buffalo Near-Road","24","100.0000","42101","Carbon monoxide","554","15380","Buffalo-Cheektowaga-Niagara Falls, NY","36","New York","029","Erie","42.9211072796373","-78.7658253281598"
"03/06/2026","AQS","360290023","1","0.3","ppm","3","Buffalo Near-Road","24","100.0000","42101","Carbon monoxide","554","15380","Buffalo-Cheektowaga-Niagara Falls, NY","36","New York","029","Erie","42.9211072796373","-78.7658253281598"
"03/07/2026","AQS","360290023","1","0.3","ppm","3","Buffalo Near-Road","24","100.0000","42101","Carbon monoxide","554","15380","Buffalo-Cheektowaga-Niagara Falls, NY","36","New York","029","Erie","42.9211072796373","-78.7658253281598"
"03/08/2026","AQS","360290023","1","0.2","ppm","2","Buffalo Near-Road","24","100.0000","42101","Carbon monoxide","554","15380","Buffalo-Cheektowaga-Niagara Falls, NY","36","New York","029","Erie","42.9211072796373","-78.7658253281598"
"03/09/2026","AQS","360290023","1","0.2","ppm","2","Buffalo Near-Road","24","100.0000","42101","Carbon monoxide","554","15380","Buffalo-Cheektowaga-Niagara Falls, NY","36","New York","029","Erie","42.9211072796373","-78.7658253281598"
"03/10/2026","AQS","360290023","1","0.3","ppm","3","Buffalo Near-Road","24","100.0000","42101","Carbon monoxide","554","15380","Buffalo-Cheektowaga-Niagara Falls, NY","36","New York","029","Erie","42.9211072796373","-78.7658253281598"
"03/11/2026","AQS","360290023","1","0.3","ppm","3","Buffalo Near-Road","24","100.0000","42101","Carbon monoxide","554","15380","Buffalo-Cheektowaga-Niagara Falls, NY","36","New York","029","Erie","42.9211072796373","-78.7658253281598"
"03/12/2026","AQS","360290023","1","0.2","ppm","2","Buffalo Near-Road","24","100.0000","42101","Carbon monoxide","554","15380","Buffalo-Cheektowaga-Niagara Falls, NY","36","New York","029","Erie","42.9211072796373","-78.7658253281598"
"03/13/2026","AQS","360290023","1","0.3","ppm","3","Buffalo Near-Road","24","100.0000","42101","Carbon monoxide","554","15380","Buffalo-Cheektowaga-Niagara Falls, NY","36","New York","029","Erie","42.9211072796373","-78.7658253281598"
"03/14/2026","AQS","360290023","1","0.2","ppm","2","Buffalo Near-Road","24","100.0000","42101","Carbon monoxide","554","15380","Buffalo-Cheektowaga-Niagara Falls, NY","36","New York","029","Erie","42.9211072796373","-78.7658253281598"
"03/15/2026","AQS","360290023","1","0.2","ppm","2","Buffalo Near-Road","24","100.0000","42101","Carbon monoxide","554","15380","Buffalo-Cheektowaga-Niagara Falls, NY","36","New York","029","Erie","42.9211072796373","-78.7658253281598"
"03/16/2026","AQS","360290023","1","0.2","ppm","2","Buffalo Near-Road","24","100.0000","42101","Carbon monoxide","554","15380","Buffalo-Cheektowaga-Niagara Falls, NY","36","New York","029","Erie","42.9211072796373","-78.7658253281598"
"03/17/2026","AQS","360290023","1","0.2","ppm","2","Buffalo Near-Road","24","100.0000","42101","Carbon monoxide","554","15380","Buffalo-Cheektowaga-Niagara Falls, NY","36","New York","029","Erie","42.9211072796373","-78.7658253281598"
"03/18/2026","AQS","360290023","1","0.3","ppm","3","Buffalo Near-Road","24","100.0000","42101","Carbon monoxide","554","15380","Buffalo-Cheektowaga-Niagara Falls, NY","36","New York","029","Erie","42.9211072796373","-78.7658253281598"
"03/19/2026","AQS","360290023","1","0.3","ppm","3","Buffalo Near-Road","24","100.0000","42101","Carbon monoxide","554","15380","Buffalo-Cheektowaga-Niagara Falls, NY","36","New York","029","Erie","42.9211072796373","-78.7658253281598"
"03/20/2026","AQS","360290023","1","0.4","ppm","5","Buffalo Near-Road","24","100.0000","42101","Carbon monoxide","554","15380","Buffalo-Cheektowaga-Niagara Falls, NY","36","New York","029","Erie","42.9211072796373","-78.7658253281598"
"03/21/2026","AQS","360290023","1","0.3","ppm","3","Buffalo Near-Road","24","100.0000","42101","Carbon monoxide","554","15380","Buffalo-Cheektowaga-Niagara Falls, NY","36","New York","029","Erie","42.9211072796373","-78.7658253281598"
"03/22/2026","AQS","360290023","1","0.3","ppm","3","Buffalo Near-Road","24","100.0000","42101","Carbon monoxide","554","15380","Buffalo-Cheektowaga-Niagara Falls, NY","36","New York","029","Erie","42.9211072796373","-78.7658253281598"
"03/23/2026","AQS","360290023","1","0.2","ppm","2","Buffalo Near-Road","24","100.0000","42101","Carbon monoxide","554","15380","Buffalo-Cheektowaga-Niagara Falls, NY","36","New York","029","Erie","42.9211072796373","-78.7658253281598"
"03/24/2026","AQS","360290023","1","0.4","ppm","5","Buffalo Near-Road","18","75.0000","42101","Carbon monoxide","554","15380","Buffalo-Cheektowaga-Niagara Falls, NY","36","New York","029","Erie","42.9211072796373","-78.7658253281598"
"03/25/2026","AQS","360290023","1","0.4","ppm","5","Buffalo Near-Road","24","100.0000","42101","Carbon monoxide","554","15380","Buffalo-Cheektowaga-Niagara Falls, NY","36","New York","029","Erie","42.9211072796373","-78.7658253281598"
"03/26/2026","AQS","360290023","1","0.3","ppm","3","Buffalo Near-Road","24","100.0000","42101","Carbon monoxide","554","15380","Buffalo-Cheektowaga-Niagara Falls, NY","36","New York","029","Erie","42.9211072796373","-78.7658253281598"
"03/27/2026","AQS","360290023","1","0.3","ppm","3","Buffalo Near-Road","24","100.0000","42101","Carbon monoxide","554","15380","Buffalo-Cheektowaga-Niagara Falls, NY","36","New York","029","Erie","42.9211072796373","-78.7658253281598"
"03/28/2026","AQS","360290023","1","0.2","ppm","2","Buffalo Near-Road","24","100.0000","42101","Carbon monoxide","554","15380","Buffalo-Cheektowaga-Niagara Falls, NY","36","New York","029","Erie","42.9211072796373","-78.7658253281598"
"03/29/2026","AQS","360290023","1","0.3","ppm","3","Buffalo Near-Road","24","100.0000","42101","Carbon monoxide","554","15380","Buffalo-Cheektowaga-Niagara Falls, NY","36","New York","029","Erie","42.9211072796373","-78.7658253281598"
"03/30/2026","AQS","360290023","1","0.7","ppm","8","Buffalo Near-Road","24","100.0000","42101","Carbon monoxide","554","15380","Buffalo-Cheektowaga-Niagara Falls, NY","36","New York","029","Erie","42.9211072796373","-78.7658253281598"
"03/31/2026","AQS","360290023","1","0.3","ppm","3","Buffalo Near-Road","24","100.0000","42101","Carbon monoxide","554","15380","Buffalo-Cheektowaga-Niagara Falls, NY","36","New York","029","Erie","42.9211072796373","-78.7658253281598"
"04/01/2026","AQS","360290023","1","0.2","ppm","2","Buffalo Near-Road","24","100.0000","42101","Carbon monoxide","554","15380","Buffalo-Cheektowaga-Niagara Falls, NY","36","New York","029","Erie","42.9211072796373","-78.7658253281598"
"04/02/2026","AQS","360290023","1","0.2","ppm","2","Buffalo Near-Road","24","100.0000","42101","Carbon monoxide","554","15380","Buffalo-Cheektowaga-Niagara Falls, NY","36","New York","029","Erie","42.9211072796373","-78.7658253281598"
"04/03/2026","AQS","360290023","1","0.2","ppm","2","Buffalo Near-Road","24","100.0000","42101","Carbon monoxide","554","15380","Buffalo-Cheektowaga-Niagara Falls, NY","36","New York","029","Erie","42.9211072796373","-78.7658253281598"
"04/04/2026","AQS","360290023","1","0.2","ppm","2","Buffalo Near-Road","24","100.0000","42101","Carbon monoxide","554","15380","Buffalo-Cheektowaga-Niagara Falls, NY","36","New York","029","Erie","42.9211072796373","-78.7658253281598"
"04/05/2026","AQS","360290023","1","0.2","ppm","2","Buffalo Near-Road","24","100.0000","42101","Carbon monoxide","554","15380","Buffalo-Cheektowaga-Niagara Falls, NY","36","New York","029","Erie","42.9211072796373","-78.7658253281598"
"04/06/2026","AQS","360290023","1","0.2","ppm","2","Buffalo Near-Road","24","100.0000","42101","Carbon monoxide","554","15380","Buffalo-Cheektowaga-Niagara Falls, NY","36","New York","029","Erie","42.9211072796373","-78.7658253281598"
"04/07/2026","AQS","360290023","1","0.2","ppm","2","Buffalo Near-Road","18","75.0000","42101","Carbon monoxide","554","15380","Buffalo-Cheektowaga-Niagara Falls, NY","36","New York","029","Erie","42.9211072796373","-78.7658253281598"
"04/08/2026","AQS","360290023","1","0.3","ppm","3","Buffalo Near-Road","24","100.0000","42101","Carbon monoxide","554","15380","Buffalo-Cheektowaga-Niagara Falls, NY","36","New York","029","Erie","42.9211072796373","-78.7658253281598"
"04/09/2026","AQS","360290023","1","0.3","ppm","3","Buffalo Near-Road","24","100.0000","42101","Carbon monoxide","554","15380","Buffalo-Cheektowaga-Niagara Falls, NY","36","New York","029","Erie","42.9211072796373","-78.7658253281598"
"04/10/2026","AQS","360290023","1","0.3","ppm","3","Buffalo Near-Road","24","100.0000","42101","Carbon monoxide","554","15380","Buffalo-Cheektowaga-Niagara Falls, NY","36","New York","029","Erie","42.9211072796373","-78.7658253281598"
"04/11/2026","AQS","360290023","1","0.3","ppm","3","Buffalo Near-Road","24","100.0000","42101","Carbon monoxide","554","15380","Buffalo-Cheektowaga-Niagara Falls, NY","36","New York","029","Erie","42.9211072796373","-78.7658253281598"
"04/12/2026","AQS","360290023","1","0.3","ppm","3","Buffalo Near-Road","24","100.0000","42101","Carbon monoxide","554","15380","Buffalo-Cheektowaga-Niagara Falls, NY","36","New York","029","Erie","42.9211072796373","-78.7658253281598"
"04/13/2026","AQS","360290023","1","0.3","ppm","3","Buffalo Near-Road","24","100.0000","42101","Carbon monoxide","554","15380","Buffalo-Cheektowaga-Niagara Falls, NY","36","New York","029","Erie","42.9211072796373","-78.7658253281598"
"04/14/2026","AQS","360290023","1","0.3","ppm","3","Buffalo Near-Road","18","75.0000","42101","Carbon monoxide","554","15380","Buffalo-Cheektowaga-Niagara Falls, NY","36","New York","029","Erie","42.9211072796373","-78.7658253281598"
"04/15/2026","AQS","360290023","1","0.3","ppm","3","Buffalo Near-Road","24","100.0000","42101","Carbon monoxide","554","15380","Buffalo-Cheektowaga-Niagara Falls, NY","36","New York","029","Erie","42.9211072796373","-78.7658253281598"
"04/16/2026","AQS","360290023","1","0.3","ppm","3","Buffalo Near-Road","24","100.0000","42101","Carbon monoxide","554","15380","Buffalo-Cheektowaga-Niagara Falls, NY","36","New York","029","Erie","42.9211072796373","-78.7658253281598"
"04/17/2026","AQS","360290023","1","0.3","ppm","3","Buffalo Near-Road","24","100.0000","42101","Carbon monoxide","554","15380","Buffalo-Cheektowaga-Niagara Falls, NY","36","New York","029","Erie","42.9211072796373","-78.7658253281598"
"04/18/2026","AQS","360290023","1","0.2","ppm","2","Buffalo Near-Road","24","100.0000","42101","Carbon monoxide","554","15380","Buffalo-Cheektowaga-Niagara Falls, NY","36","New York","029","Erie","42.9211072796373","-78.7658253281598"
"04/19/2026","AQS","360290023","1","0.2","ppm","2","Buffalo Near-Road","24","100.0000","42101","Carbon monoxide","554","15380","Buffalo-Cheektowaga-Niagara Falls, NY","36","New York","029","Erie","42.9211072796373","-78.7658253281598"
"04/20/2026","AQS","360290023","1","0.2","ppm","2","Buffalo Near-Road","24","100.0000","42101","Carbon monoxide","554","15380","Buffalo-Cheektowaga-Niagara Falls, NY","36","New York","029","Erie","42.9211072796373","-78.7658253281598"
"04/21/2026","AQS","360290023","1","0.2","ppm","2","Buffalo Near-Road","24","100.0000","42101","Carbon monoxide","554","15380","Buffalo-Cheektowaga-Niagara Falls, NY","36","New York","029","Erie","42.9211072796373","-78.7658253281598"
"04/22/2026","AQS","360290023","1","0.3","ppm","3","Buffalo Near-Road","24","100.0000","42101","Carbon monoxide","554","15380","Buffalo-Cheektowaga-Niagara Falls, NY","36","New York","029","Erie","42.9211072796373","-78.7658253281598"
"04/23/2026","AQS","360290023","1","0.4","ppm","5","Buffalo Near-Road","24","100.0000","42101","Carbon monoxide","554","15380","Buffalo-Cheektowaga-Niagara Falls, NY","36","New York","029","Erie","42.9211072796373","-78.7658253281598"
"04/24/2026","AQS","360290023","1","0.2","ppm","2","Buffalo Near-Road","24","100.0000","42101","Carbon monoxide","554","15380","Buffalo-Cheektowaga-Niagara Falls, NY","36","New York","029","Erie","42.9211072796373","-78.7658253281598"
"04/25/2026","AQS","360290023","1","0.2","ppm","2","Buffalo Near-Road","24","100.0000","42101","Carbon monoxide","554","15380","Buffalo-Cheektowaga-Niagara Falls, NY","36","New York","029","Erie","42.9211072796373","-78.7658253281598"
"04/26/2026","AQS","360290023","1","0.2","ppm","2","Buffalo Near-Road","24","100.0000","42101","Carbon monoxide","554","15380","Buffalo-Cheektowaga-Niagara Falls, NY","36","New York","029","Erie","42.9211072796373","-78.7658253281598"
"04/27/2026","AQS","360290023","1","0.3","ppm","3","Buffalo Near-Road","24","100.0000","42101","Carbon monoxide","554","15380","Buffalo-Cheektowaga-Niagara Falls, NY","36","New York","029","Erie","42.9211072796373","-78.7658253281598"
"04/28/2026","AQS","360290023","1","0.2","ppm","2","Buffalo Near-Road","24","100.0000","42101","Carbon monoxide","554","15380","Buffalo-Cheektowaga-Niagara Falls, NY","36","New York","029","Erie","42.9211072796373","-78.7658253281598"
"04/29/2026","AQS","360290023","1","0.2","ppm","2","Buffalo Near-Road","24","100.0000","42101","Carbon monoxide","554","15380","Buffalo-Cheektowaga-Niagara Falls, NY","36","New York","029","Erie","42.9211072796373","-78.7658253281598"
"04/30/2026","AQS","360290023","1","0.3","ppm","3","Buffalo Near-Road","24","100.0000","42101","Carbon monoxide","554","15380","Buffalo-Cheektowaga-Niagara Falls, NY","36","New York","029","Erie","42.9211072796373","-78.7658253281598"
"05/01/2026","AQS","360290023","1","0.2","ppm","2","Buffalo Near-Road","2","8.0000","42101","Carbon monoxide","554","15380","Buffalo-Cheektowaga-Niagara Falls, NY","36","New York","029","Erie","42.9211072796373","-78.7658253281598"
"06/16/2026","AQS","360290023","1","0.2","ppm","2","Buffalo Near-Road","6","25.0000","42101","Carbon monoxide","554","15380","Buffalo-Cheektowaga-Niagara Falls, NY","36","New York","029","Erie","42.9211072796373","-78.7658253281598"
"06/17/2026","AQS","360290023","1","0.2","ppm","2","Buffalo Near-Road","24","100.0000","42101","Carbon monoxide","554","15380","Buffalo-Cheektowaga-Niagara Falls, NY","36","New York","029","Erie","42.9211072796373","-78.7658253281598"
"06/18/2026","AQS","360290023","1","0.2","ppm","2","Buffalo Near-Road","24","100.0000","42101","Carbon monoxide","554","15380","Buffalo-Cheektowaga-Niagara Falls, NY","36","New York","029","Erie","42.9211072796373","-78.7658253281598"
"06/19/2026","AQS","360290023","1","0.2","ppm","2","Buffalo Near-Road","24","100.0000","42101","Carbon monoxide","554","15380","Buffalo-Cheektowaga-Niagara Falls, NY","36","New York","029","Erie","42.9211072796373","-78.7658253281598"
"06/20/2026","AQS","360290023","1","0.2","ppm","2","Buffalo Near-Road","24","100.0000","42101","Carbon monoxide","554","15380","Buffalo-Cheektowaga-Niagara Falls, NY","36","New York","029","Erie","42.9211072796373","-78.7658253281598"
"06/21/2026","AQS","360290023","1","0.2","ppm","2","Buffalo Near-Road","24","100.0000","42101","Carbon monoxide","554","15380","Buffalo-Cheektowaga-Niagara Falls, NY","36","New York","029","Erie","42.9211072796373","-78.7658253281598"
"06/22/2026","AQS","360290023","1","0.2","ppm","2","Buffalo Near-Road","24","100.0000","42101","Carbon monoxide","554","15380","Buffalo-Cheektowaga-Niagara Falls, NY","36","New York","029","Erie","42.9211072796373","-78.7658253281598"
"06/23/2026","AQS","360290023","1","0.2","ppm","2","Buffalo Near-Road","18","75.0000","42101","Carbon monoxide","554","15380","Buffalo-Cheektowaga-Niagara Falls, NY","36","New York","029","Erie","42.9211072796373","-78.7658253281598"
"06/24/2026","AQS","360290023","1","0.2","ppm","2","Buffalo Near-Road","24","100.0000","42101","Carbon monoxide","554","15380","Buffalo-Cheektowaga-Niagara Falls, NY","36","New York","029","Erie","42.9211072796373","-78.7658253281598"
"06/25/2026","AQS","360290023","1","0.2","ppm","2","Buffalo Near-Road","24","100.0000","42101","Carbon monoxide","554","15380","Buffalo-Cheektowaga-Niagara Falls, NY","36","New York","029","Erie","42.9211072796373","-78.7658253281598"
"06/26/2026","AQS","360290023","1","0.3","ppm","3","Buffalo Near-Road","24","100.0000","42101","Carbon monoxide","554","15380","Buffalo-Cheektowaga-Niagara Falls, NY","36","New York","029","Erie","42.9211072796373","-78.7658253281598"
"06/27/2026","AQS","360290023","1","0.3","ppm","3","Buffalo Near-Road","24","100.0000","42101","Carbon monoxide","554","15380","Buffalo-Cheektowaga-Niagara Falls, NY","36","New York","029","Erie","42.9211072796373","-78.7658253281598"
"06/28/2026","AQS","360290023","1","0.2","ppm","2","Buffalo Near-Road","24","100.0000","42101","Carbon monoxide","554","15380","Buffalo-Cheektowaga-Niagara Falls, NY","36","New York","029","Erie","42.9211072796373","-78.7658253281598"
"06/29/2026","AQS","360290023","1","0.2","ppm","2","Buffalo Near-Road","8","33.0000","42101","Carbon monoxide","554","15380","Buffalo-Cheektowaga-Niagara Falls, NY","36","New York","029","Erie","42.9211072796373","-78.7658253281598"
"01/01/2026","AQS","360550015","1","0.2","ppm","2","Rochester Near-Road","19","79.0000","42101","Carbon monoxide","554","40380","Rochester, NY","36","New York","055","Monroe","43.1450126807403","-77.5572802599319"
"01/02/2026","AQS","360550015","1","0.2","ppm","2","Rochester Near-Road","24","100.0000","42101","Carbon monoxide","554","40380","Rochester, NY","36","New York","055","Monroe","43.1450126807403","-77.5572802599319"
"01/03/2026","AQS","360550015","1","0.2","ppm","2","Rochester Near-Road","24","100.0000","42101","Carbon monoxide","554","40380","Rochester, NY","36","New York","055","Monroe","43.1450126807403","-77.5572802599319"
"01/04/2026","AQS","360550015","1","0.3","ppm","3","Rochester Near-Road","24","100.0000","42101","Carbon monoxide","554","40380","Rochester, NY","36","New York","055","Monroe","43.1450126807403","-77.5572802599319"
"01/05/2026","AQS","360550015","1","0.4","ppm","5","Rochester Near-Road","18","75.0000","42101","Carbon monoxide","554","40380","Rochester, NY","36","New York","055","Monroe","43.1450126807403","-77.5572802599319"
"01/06/2026","AQS","360550015","1","0.4","ppm","5","Rochester Near-Road","24","100.0000","42101","Carbon monoxide","554","40380","Rochester, NY","36","New York","055","Monroe","43.1450126807403","-77.5572802599319"
"01/07/2026","AQS","360550015","1","0.4","ppm","5","Rochester Near-Road","24","100.0000","42101","Carbon monoxide","554","40380","Rochester, NY","36","New York","055","Monroe","43.1450126807403","-77.5572802599319"
"01/08/2026","AQS","360550015","1","0.4","ppm","5","Rochester Near-Road","24","100.0000","42101","Carbon monoxide","554","40380","Rochester, NY","36","New York","055","Monroe","43.1450126807403","-77.5572802599319"
"01/09/2026","AQS","360550015","1","0.4","ppm","5","Rochester Near-Road","24","100.0000","42101","Carbon monoxide","554","40380","Rochester, NY","36","New York","055","Monroe","43.1450126807403","-77.5572802599319"
"01/10/2026","AQS","360550015","1","0.3","ppm","3","Rochester Near-Road","24","100.0000","42101","Carbon monoxide","554","40380","Rochester, NY","36","New York","055","Monroe","43.1450126807403","-77.5572802599319"
"01/11/2026","AQS","360550015","1","0.3","ppm","3","Rochester Near-Road","24","100.0000","42101","Carbon monoxide","554","40380","Rochester, NY","36","New York","055","Monroe","43.1450126807403","-77.5572802599319"
"01/12/2026","AQS","360550015","1","0.2","ppm","2","Rochester Near-Road","24","100.0000","42101","Carbon monoxide","554","40380","Rochester, NY","36","New York","055","Monroe","43.1450126807403","-77.5572802599319"
"01/13/2026","AQS","360550015","1","0.3","ppm","3","Rochester Near-Road","24","100.0000","42101","Carbon monoxide","554","40380","Rochester, NY","36","New York","055","Monroe","43.1450126807403","-77.5572802599319"
"01/14/2026","AQS","360550015","1","0.4","ppm","5","Rochester Near-Road","24","100.0000","42101","Carbon monoxide","554","40380","Rochester, NY","36","New York","055","Monroe","43.1450126807403","-77.5572802599319"
"01/15/2026","AQS","360550015","1","0.3","ppm","3","Rochester Near-Road","24","100.0000","42101","Carbon monoxide","554","40380","Rochester, NY","36","New York","055","Monroe","43.1450126807403","-77.5572802599319"
"01/16/2026","AQS","360550015","1","0.3","ppm","3","Rochester Near-Road","24","100.0000","42101","Carbon monoxide","554","40380","Rochester, NY","36","New York","055","Monroe","43.1450126807403","-77.5572802599319"
"01/17/2026","AQS","360550015","1","0.3","ppm","3","Rochester Near-Road","24","100.0000","42101","Carbon monoxide","554","40380","Rochester, NY","36","New York","055","Monroe","43.1450126807403","-77.5572802599319"
"01/18/2026","AQS","360550015","1","0.2","ppm","2","Rochester Near-Road","24","100.0000","42101","Carbon monoxide","554","40380","Rochester, NY","36","New York","055","Monroe","43.1450126807403","-77.5572802599319"
"01/19/2026","AQS","360550015","1","0.2","ppm","2","Rochester Near-Road","24","100.0000","42101","Carbon monoxide","554","40380","Rochester, NY","36","New York","055","Monroe","43.1450126807403","-77.5572802599319"
"01/20/2026","AQS","360550015","1","0.2","ppm","2","Rochester Near-Road","24","100.0000","42101","Carbon monoxide","554","40380","Rochester, NY","36","New York","055","Monroe","43.1450126807403","-77.5572802599319"
"01/21/2026","AQS","360550015","1","0.3","ppm","3","Rochester Near-Road","24","100.0000","42101","Carbon monoxide","554","40380","Rochester, NY","36","New York","055","Monroe","43.1450126807403","-77.5572802599319"
"01/22/2026","AQS","360550015","1","0.3","ppm","3","Rochester Near-Road","24","100.0000","42101","Carbon monoxide","554","40380","Rochester, NY","36","New York","055","Monroe","43.1450126807403","-77.5572802599319"
"01/23/2026","AQS","360550015","1","0.2","ppm","2","Rochester Near-Road","24","100.0000","42101","Carbon monoxide","554","40380","Rochester, NY","36","New York","055","Monroe","43.1450126807403","-77.5572802599319"
"01/24/2026","AQS","360550015","1","0.3","ppm","3","Rochester Near-Road","24","100.0000","42101","Carbon monoxide","554","40380","Rochester, NY","36","New York","055","Monroe","43.1450126807403","-77.5572802599319"
"01/25/2026","AQS","360550015","1","0.3","ppm","3","Rochester Near-Road","24","100.0000","42101","Carbon monoxide","554","40380","Rochester, NY","36","New York","055","Monroe","43.1450126807403","-77.5572802599319"
"01/26/2026","AQS","360550015","1","0.3","ppm","3","Rochester Near-Road","24","100.0000","42101","Carbon monoxide","554","40380","Rochester, NY","36","New York","055","Monroe","43.1450126807403","-77.5572802599319"
"01/27/2026","AQS","360550015","1","0.3","ppm","3","Rochester Near-Road","24","100.0000","42101","Carbon monoxide","554","40380","Rochester, NY","36","New York","055","Monroe","43.1450126807403","-77.5572802599319"
"01/28/2026","AQS","360550015","1","0.3","ppm","3","Rochester Near-Road","16","67.0000","42101","Carbon monoxide","554","40380","Rochester, NY","36","New York","055","Monroe","43.1450126807403","-77.5572802599319"
"01/29/2026","AQS","360550015","1","0.3","ppm","3","Rochester Near-Road","24","100.0000","42101","Carbon monoxide","554","40380","Rochester, NY","36","New York","055","Monroe","43.1450126807403","-77.5572802599319"
"01/30/2026","AQS","360550015","1","0.3","ppm","3","Rochester Near-Road","24","100.0000","42101","Carbon monoxide","554","40380","Rochester, NY","36","New York","055","Monroe","43.1450126807403","-77.5572802599319"
"01/31/2026","AQS","360550015","1","0.3","ppm","3","Rochester Near-Road","24","100.0000","42101","Carbon monoxide","554","40380","Rochester, NY","36","New York","055","Monroe","43.1450126807403","-77.5572802599319"
"02/01/2026","AQS","360550015","1","0.3","ppm","3","Rochester Near-Road","24","100.0000","42101","Carbon monoxide","554","40380","Rochester, NY","36","New York","055","Monroe","43.1450126807403","-77.5572802599319"
"02/02/2026","AQS","360550015","1","0.7","ppm","8","Rochester Near-Road","14","58.0000","42101","Carbon monoxide","554","40380","Rochester, NY","36","New York","055","Monroe","43.1450126807403","-77.5572802599319"
"02/03/2026","AQS","360550015","1","0.7","ppm","8","Rochester Near-Road","24","100.0000","42101","Carbon monoxide","554","40380","Rochester, NY","36","New York","055","Monroe","43.1450126807403","-77.5572802599319"
"02/04/2026","AQS","360550015","1","0.3","ppm","3","Rochester Near-Road","24","100.0000","42101","Carbon monoxide","554","40380","Rochester, NY","36","New York","055","Monroe","43.1450126807403","-77.5572802599319"
"02/05/2026","AQS","360550015","1","0.6","ppm","7","Rochester Near-Road","24","100.0000","42101","Carbon monoxide","554","40380","Rochester, NY","36","New York","055","Monroe","43.1450126807403","-77.5572802599319"
"02/06/2026","AQS","360550015","1","0.6","ppm","7","Rochester Near-Road","24","100.0000","42101","Carbon monoxide","554","40380","Rochester, NY","36","New York","055","Monroe","43.1450126807403","-77.5572802599319"
"02/07/2026","AQS","360550015","1","0.3","ppm","3","Rochester Near-Road","24","100.0000","42101","Carbon monoxide","554","40380","Rochester, NY","36","New York","055","Monroe","43.1450126807403","-77.5572802599319"
"02/08/2026","AQS","360550015","1","0.2","ppm","2","Rochester Near-Road","24","100.0000","42101","Carbon monoxide","554","40380","Rochester, NY","36","New York","055","Monroe","43.1450126807403","-77.5572802599319"
"02/09/2026","AQS","360550015","1","0.3","ppm","3","Rochester Near-Road","24","100.0000","42101","Carbon monoxide","554","40380","Rochester, NY","36","New York","055","Monroe","43.1450126807403","-77.5572802599319"
"02/10/2026","AQS","360550015","1","0.4","ppm","5","Rochester Near-Road","24","100.0000","42101","Carbon monoxide","554","40380","Rochester, NY","36","New York","055","Monroe","43.1450126807403","-77.5572802599319"
"02/11/2026","AQS","360550015","1","0.3","ppm","3","Rochester Near-Road","24","100.0000","42101","Carbon monoxide","554","40380","Rochester, NY","36","New York","055","Monroe","43.1450126807403","-77.5572802599319"
"02/12/2026","AQS","360550015","1","0.3","ppm","3","Rochester Near-Road","24","100.0000","42101","Carbon monoxide","554","40380","Rochester, NY","36","New York","055","Monroe","43.1450126807403","-77.5572802599319"
"02/13/2026","AQS","360550015","1","0.3","ppm","3","Rochester Near-Road","24","100.0000","42101","Carbon monoxide","554","40380","Rochester, NY","36","New York","055","Monroe","43.1450126807403","-77.5572802599319"
"02/14/2026","AQS","360550015","1","0.3","ppm","3","Rochester Near-Road","24","100.0000","42101","Carbon monoxide","554","40380","Rochester, NY","36","New York","055","Monroe","43.1450126807403","-77.5572802599319"
"02/15/2026","AQS","360550015","1","0.4","ppm","5","Rochester Near-Road","24","100.0000","42101","Carbon monoxide","554","40380","Rochester, NY","36","New York","055","Monroe","43.1450126807403","-77.5572802599319"
"02/16/2026","AQS","360550015","1","0.5","ppm","6","Rochester Near-Road","24","100.0000","42101","Carbon monoxide","554","40380","Rochester, NY","36","New York","055","Monroe","43.1450126807403","-77.5572802599319"
"02/17/2026","AQS","360550015","1","0.5","ppm","6","Rochester Near-Road","24","100.0000","42101","Carbon monoxide","554","40380","Rochester, NY","36","New York","055","Monroe","43.1450126807403","-77.5572802599319"
"02/18/2026","AQS","360550015","1","0.4","ppm","5","Rochester Near-Road","24","100.0000","42101","Carbon monoxide","554","40380","Rochester, NY","36","New York","055","Monroe","43.1450126807403","-77.5572802599319"
"02/19/2026","AQS","360550015","1","0.3","ppm","3","Rochester Near-Road","24","100.0000","42101","Carbon monoxide","554","40380","Rochester, NY","36","New York","055","Monroe","43.1450126807403","-77.5572802599319"
"02/20/2026","AQS","360550015","1","0.3","ppm","3","Rochester Near-Road","24","100.0000","42101","Carbon monoxide","554","40380","Rochester, NY","36","New York","055","Monroe","43.1450126807403","-77.5572802599319"
"02/21/2026","AQS","360550015","1","0.3","ppm","3","Rochester Near-Road","24","100.0000","42101","Carbon monoxide","554","40380","Rochester, NY","36","New York","055","Monroe","43.1450126807403","-77.5572802599319"
"02/22/2026","AQS","360550015","1","0.3","ppm","3","Rochester Near-Road","24","100.0000","42101","Carbon monoxide","554","40380","Rochester, NY","36","New York","055","Monroe","43.1450126807403","-77.5572802599319"
"02/23/2026","AQS","360550015","1","0.2","ppm","2","Rochester Near-Road","24","100.0000","42101","Carbon monoxide","554","40380","Rochester, NY","36","New York","055","Monroe","43.1450126807403","-77.5572802599319"
"02/24/2026","AQS","360550015","1","0.3","ppm","3","Rochester Near-Road","24","100.0000","42101","Carbon monoxide","554","40380","Rochester, NY","36","New York","055","Monroe","43.1450126807403","-77.5572802599319"
"02/25/2026","AQS","360550015","1","0.3","ppm","3","Rochester Near-Road","24","100.0000","42101","Carbon monoxide","554","40380","Rochester, NY","36","New York","055","Monroe","43.1450126807403","-77.5572802599319"
"02/26/2026","AQS","360550015","1","0.4","ppm","5","Rochester Near-Road","24","100.0000","42101","Carbon monoxide","554","40380","Rochester, NY","36","New York","055","Monroe","43.1450126807403","-77.5572802599319"
"02/27/2026","AQS","360550015","1","0.5","ppm","6","Rochester Near-Road","24","100.0000","42101","Carbon monoxide","554","40380","Rochester, NY","36","New York","055","Monroe","43.1450126807403","-77.5572802599319"
"02/28/2026","AQS","360550015","1","0.4","ppm","5","Rochester Near-Road","24","100.0000","42101","Carbon monoxide","554","40380","Rochester, NY","36","New York","055","Monroe","43.1450126807403","-77.5572802599319"
"03/01/2026","AQS","360550015","1","0.2","ppm","2","Rochester Near-Road","24","100.0000","42101","Carbon monoxide","554","40380","Rochester, NY","36","New York","055","Monroe","43.1450126807403","-77.5572802599319"
"03/02/2026","AQS","360550015","1","0.3","ppm","3","Rochester Near-Road","16","67.0000","42101","Carbon monoxide","554","40380","Rochester, NY","36","New York","055","Monroe","43.1450126807403","-77.5572802599319"
"03/03/2026","AQS","360550015","1","0.4","ppm","5","Rochester Near-Road","24","100.0000","42101","Carbon monoxide","554","40380","Rochester, NY","36","New York","055","Monroe","43.1450126807403","-77.5572802599319"
"03/04/2026","AQS","360550015","1","0.4","ppm","5","Rochester Near-Road","24","100.0000","42101","Carbon monoxide","554","40380","Rochester, NY","36","New York","055","Monroe","43.1450126807403","-77.5572802599319"
"03/05/2026","AQS","360550015","1","0.5","ppm","6","Rochester Near-Road","24","100.0000","42101","Carbon monoxide","554","40380","Rochester, NY","36","New York","055","Monroe","43.1450126807403","-77.5572802599319"
"03/06/2026","AQS","360550015","1","0.4","ppm","5","Rochester Near-Road","24","100.0000","42101","Carbon monoxide","554","40380","Rochester, NY","36","New York","055","Monroe","43.1450126807403","-77.5572802599319"
"03/07/2026","AQS","360550015","1","0.4","ppm","5","Rochester Near-Road","24","100.0000","42101","Carbon monoxide","554","40380","Rochester, NY","36","New York","055","Monroe","43.1450126807403","-77.5572802599319"
"03/08/2026","AQS","360550015","1","0.2","ppm","2","Rochester Near-Road","24","100.0000","42101","Carbon monoxide","554","40380","Rochester, NY","36","New York","055","Monroe","43.1450126807403","-77.5572802599319"
"03/09/2026","AQS","360550015","1","0.2","ppm","2","Rochester Near-Road","16","67.0000","42101","Carbon monoxide","554","40380","Rochester, NY","36","New York","055","Monroe","43.1450126807403","-77.5572802599319"
"03/10/2026","AQS","360550015","1","0.3","ppm","3","Rochester Near-Road","24","100.0000","42101","Carbon monoxide","554","40380","Rochester, NY","36","New York","055","Monroe","43.1450126807403","-77.5572802599319"
"03/11/2026","AQS","360550015","1","0.4","ppm","5","Rochester Near-Road","24","100.0000","42101","Carbon monoxide","554","40380","Rochester, NY","36","New York","055","Monroe","43.1450126807403","-77.5572802599319"
"03/12/2026","AQS","360550015","1","0.2","ppm","2","Rochester Near-Road","24","100.0000","42101","Carbon monoxide","554","40380","Rochester, NY","36","New York","055","Monroe","43.1450126807403","-77.5572802599319"
"03/13/2026","AQS","360550015","1","0.3","ppm","3","Rochester Near-Road","24","100.0000","42101","Carbon monoxide","554","40380","Rochester, NY","36","New York","055","Monroe","43.1450126807403","-77.5572802599319"
"03/14/2026","AQS","360550015","1","0.3","ppm","3","Rochester Near-Road","24","100.0000","42101","Carbon monoxide","554","40380","Rochester, NY","36","New York","055","Monroe","43.1450126807403","-77.5572802599319"
"03/15/2026","AQS","360550015","1","0.3","ppm","3","Rochester Near-Road","24","100.0000","42101","Carbon monoxide","554","40380","Rochester, NY","36","New York","055","Monroe","43.1450126807403","-77.5572802599319"
"03/16/2026","AQS","360550015","1","0.2","ppm","2","Rochester Near-Road","14","58.0000","42101","Carbon monoxide","554","40380","Rochester, NY","36","New York","055","Monroe","43.1450126807403","-77.5572802599319"
"03/17/2026","AQS","360550015","1","0.2","ppm","2","Rochester Near-Road","24","100.0000","42101","Carbon monoxide","554","40380","Rochester, NY","36","New York","055","Monroe","43.1450126807403","-77.5572802599319"
"03/18/2026","AQS","360550015","1","0.3","ppm","3","Rochester Near-Road","24","100.0000","42101","Carbon monoxide","554","40380","Rochester, NY","36","New York","055","Monroe","43.1450126807403","-77.5572802599319"
"03/19/2026","AQS","360550015","1","0.3","ppm","3","Rochester Near-Road","24","100.0000","42101","Carbon monoxide","554","40380","Rochester, NY","36","New York","055","Monroe","43.1450126807403","-77.5572802599319"
"03/20/2026","AQS","360550015","1","0.3","ppm","3","Rochester Near-Road","24","100.0000","42101","Carbon monoxide","554","40380","Rochester, NY","36","New York","055","Monroe","43.1450126807403","-77.5572802599319"
"03/21/2026","AQS","360550015","1","0.3","ppm","3","Rochester Near-Road","24","100.0000","42101","Carbon monoxide","554","40380","Rochester, NY","36","New York","055","Monroe","43.1450126807403","-77.5572802599319"
"03/22/2026","AQS","360550015","1","0.3","ppm","3","Rochester Near-Road","24","100.0000","42101","Carbon monoxide","554","40380","Rochester, NY","36","New York","055","Monroe","43.1450126807403","-77.5572802599319"
"03/23/2026","AQS","360550015","1","0.2","ppm","2","Rochester Near-Road","14","58.0000","42101","Carbon monoxide","554","40380","Rochester, NY","36","New York","055","Monroe","43.1450126807403","-77.5572802599319"
"03/24/2026","AQS","360550015","1","0.3","ppm","3","Rochester Near-Road","24","100.0000","42101","Carbon monoxide","554","40380","Rochester, NY","36","New York","055","Monroe","43.1450126807403","-77.5572802599319"
"03/25/2026","AQS","360550015","1","0.3","ppm","3","Rochester Near-Road","24","100.0000","42101","Carbon monoxide","554","40380","Rochester, NY","36","New York","055","Monroe","43.1450126807403","-77.5572802599319"
"03/26/2026","AQS","360550015","1","0.4","ppm","5","Rochester Near-Road","24","100.0000","42101","Carbon monoxide","554","40380","Rochester, NY","36","New York","055","Monroe","43.1450126807403","-77.5572802599319"
"03/27/2026","AQS","360550015","1","0.3","ppm","3","Rochester Near-Road","24","100.0000","42101","Carbon monoxide","554","40380","Rochester, NY","36","New York","055","Monroe","43.1450126807403","-77.5572802599319"
"03/28/2026","AQS","360550015","1","0.2","ppm","2","Rochester Near-Road","24","100.0000","42101","Carbon monoxide","554","40380","Rochester, NY","36","New York","055","Monroe","43.1450126807403","-77.5572802599319"
"03/29/2026","AQS","360550015","1","0.4","ppm","5","Rochester Near-Road","24","100.0000","42101","Carbon monoxide","554","40380","Rochester, NY","36","New York","055","Monroe","43.1450126807403","-77.5572802599319"
"03/30/2026","AQS","360550015","1","0.3","ppm","3","Rochester Near-Road","24","100.0000","42101","Carbon monoxide","554","40380","Rochester, NY","36","New York","055","Monroe","43.1450126807403","-77.5572802599319"
"03/31/2026","AQS","360550015","1","0.3","ppm","3","Rochester Near-Road","24","100.0000","42101","Carbon monoxide","554","40380","Rochester, NY","36","New York","055","Monroe","43.1450126807403","-77.5572802599319"
"04/01/2026","AQS","360550015","1","0.2","ppm","2","Rochester Near-Road","24","100.0000","42101","Carbon monoxide","554","40380","Rochester, NY","36","New York","055","Monroe","43.1450126807403","-77.5572802599319"
"04/02/2026","AQS","360550015","1","0.3","ppm","3","Rochester Near-Road","24","100.0000","42101","Carbon monoxide","554","40380","Rochester, NY","36","New York","055","Monroe","43.1450126807403","-77.5572802599319"
"04/03/2026","AQS","360550015","1","0.3","ppm","3","Rochester Near-Road","24","100.0000","42101","Carbon monoxide","554","40380","Rochester, NY","36","New York","055","Monroe","43.1450126807403","-77.5572802599319"
"04/04/2026","AQS","360550015","1","0.3","ppm","3","Rochester Near-Road","24","100.0000","42101","Carbon monoxide","554","40380","Rochester, NY","36","New York","055","Monroe","43.1450126807403","-77.5572802599319"
"04/05/2026","AQS","360550015","1","0.3","ppm","3","Rochester Near-Road","24","100.0000","42101","Carbon monoxide","554","40380","Rochester, NY","36","New York","055","Monroe","43.1450126807403","-77.5572802599319"
"04/06/2026","AQS","360550015","1","0.2","ppm","2","Rochester Near-Road","18","75.0000","42101","Carbon monoxide","554","40380","Rochester, NY","36","New York","055","Monroe","43.1450126807403","-77.5572802599319"
"04/07/2026","AQS","360550015","1","0.2","ppm","2","Rochester Near-Road","24","100.0000","42101","Carbon monoxide","554","40380","Rochester, NY","36","New York","055","Monroe","43.1450126807403","-77.5572802599319"
"04/08/2026","AQS","360550015","1","0.3","ppm","3","Rochester Near-Road","24","100.0000","42101","Carbon monoxide","554","40380","Rochester, NY","36","New York","055","Monroe","43.1450126807403","-77.5572802599319"
"04/09/2026","AQS","360550015","1","0.3","ppm","3","Rochester Near-Road","24","100.0000","42101","Carbon monoxide","554","40380","Rochester, NY","36","New York","055","Monroe","43.1450126807403","-77.5572802599319"
"04/10/2026","AQS","360550015","1","0.3","ppm","3","Rochester Near-Road","24","100.0000","42101","Carbon monoxide","554","40380","Rochester, NY","36","New York","055","Monroe","43.1450126807403","-77.5572802599319"
"04/11/2026","AQS","360550015","1","0.3","ppm","3","Rochester Near-Road","24","100.0000","42101","Carbon monoxide","554","40380","Rochester, NY","36","New York","055","Monroe","43.1450126807403","-77.5572802599319"
"04/12/2026","AQS","360550015","1","0.4","ppm","5","Rochester Near-Road","24","100.0000","42101","Carbon monoxide","554","40380","Rochester, NY","36","New York","055","Monroe","43.1450126807403","-77.5572802599319"
"04/13/2026","AQS","360550015","1","0.3","ppm","3","Rochester Near-Road","24","100.0000","42101","Carbon monoxide","554","40380","Rochester, NY","36","New York","055","Monroe","43.1450126807403","-77.5572802599319"
"04/14/2026","AQS","360550015","1","0.3","ppm","3","Rochester Near-Road","24","100.0000","42101","Carbon monoxide","554","40380","Rochester, NY","36","New York","055","Monroe","43.1450126807403","-77.5572802599319"
"04/15/2026","AQS","360550015","1","0.3","ppm","3","Rochester Near-Road","24","100.0000","42101","Carbon monoxide","554","40380","Rochester, NY","36","New York","055","Monroe","43.1450126807403","-77.5572802599319"
"04/16/2026","AQS","360550015","1","0.3","ppm","3","Rochester Near-Road","24","100.0000","42101","Carbon monoxide","554","40380","Rochester, NY","36","New York","055","Monroe","43.1450126807403","-77.5572802599319"
"04/17/2026","AQS","360550015","1","0.3","ppm","3","Rochester Near-Road","24","100.0000","42101","Carbon monoxide","554","40380","Rochester, NY","36","New York","055","Monroe","43.1450126807403","-77.5572802599319"
"04/18/2026","AQS","360550015","1","0.3","ppm","3","Rochester Near-Road","24","100.0000","42101","Carbon monoxide","554","40380","Rochester, NY","36","New York","055","Monroe","43.1450126807403","-77.5572802599319"
"04/19/2026","AQS","360550015","1","0.2","ppm","2","Rochester Near-Road","24","100.0000","42101","Carbon monoxide","554","40380","Rochester, NY","36","New York","055","Monroe","43.1450126807403","-77.5572802599319"
"04/20/2026","AQS","360550015","1","0.2","ppm","2","Rochester Near-Road","18","75.0000","42101","Carbon monoxide","554","40380","Rochester, NY","36","New York","055","Monroe","43.1450126807403","-77.5572802599319"
"04/21/2026","AQS","360550015","1","0.2","ppm","2","Rochester Near-Road","24","100.0000","42101","Carbon monoxide","554","40380","Rochester, NY","36","New York","055","Monroe","43.1450126807403","-77.5572802599319"
"04/22/2026","AQS","360550015","1","0.4","ppm","5","Rochester Near-Road","24","100.0000","42101","Carbon monoxide","554","40380","Rochester, NY","36","New York","055","Monroe","43.1450126807403","-77.5572802599319"
"04/23/2026","AQS","360550015","1","0.4","ppm","5","Rochester Near-Road","24","100.0000","42101","Carbon monoxide","554","40380","Rochester, NY","36","New York","055","Monroe","43.1450126807403","-77.5572802599319"
"04/24/2026","AQS","360550015","1","0.2","ppm","2","Rochester Near-Road","24","100.0000","42101","Carbon monoxide","554","40380","Rochester, NY","36","New York","055","Monroe","43.1450126807403","-77.5572802599319"
"04/25/2026","AQS","360550015","1","0.3","ppm","3","Rochester Near-Road","24","100.0000","42101","Carbon monoxide","554","40380","Rochester, NY","36","New York","055","Monroe","43.1450126807403","-77.5572802599319"
"04/26/2026","AQS","360550015","1","0.3","ppm","3","Rochester Near-Road","24","100.0000","42101","Carbon monoxide","554","40380","Rochester, NY","36","New York","055","Monroe","43.1450126807403","-77.5572802599319"
"04/27/2026","AQS","360550015","1","0.3","ppm","3","Rochester Near-Road","24","100.0000","42101","Carbon monoxide","554","40380","Rochester, NY","36","New York","055","Monroe","43.1450126807403","-77.5572802599319"
"04/28/2026","AQS","360550015","1","0.3","ppm","3","Rochester Near-Road","24","100.0000","42101","Carbon monoxide","554","40380","Rochester, NY","36","New York","055","Monroe","43.1450126807403","-77.5572802599319"
"04/29/2026","AQS","360550015","1","0.2","ppm","2","Rochester Near-Road","24","100.0000","42101","Carbon monoxide","554","40380","Rochester, NY","36","New York","055","Monroe","43.1450126807403","-77.5572802599319"
"04/30/2026","AQS","360550015","1","0.2","ppm","2","Rochester Near-Road","24","100.0000","42101","Carbon monoxide","554","40380","Rochester, NY","36","New York","055","Monroe","43.1450126807403","-77.5572802599319"
"05/01/2026","AQS","360550015","1","0.2","ppm","2","Rochester Near-Road","2","8.0000","42101","Carbon monoxide","554","40380","Rochester, NY","36","New York","055","Monroe","43.1450126807403","-77.5572802599319"
"06/16/2026","AQS","360550015","1","0.3","ppm","3","Rochester Near-Road","10","42.0000","42101","Carbon monoxide","554","40380","Rochester, NY","36","New York","055","Monroe","43.1450126807403","-77.5572802599319"
"06/17/2026","AQS","360550015","1","0.3","ppm","3","Rochester Near-Road","24","100.0000","42101","Carbon monoxide","554","40380","Rochester, NY","36","New York","055","Monroe","43.1450126807403","-77.5572802599319"
"06/18/2026","AQS","360550015","1","0.2","ppm","2","Rochester Near-Road","24","100.0000","42101","Carbon monoxide","554","40380","Rochester, NY","36","New York","055","Monroe","43.1450126807403","-77.5572802599319"
"06/19/2026","AQS","360550015","1","0.2","ppm","2","Rochester Near-Road","24","100.0000","42101","Carbon monoxide","554","40380","Rochester, NY","36","New York","055","Monroe","43.1450126807403","-77.5572802599319"
"06/20/2026","AQS","360550015","1","0.2","ppm","2","Rochester Near-Road","24","100.0000","42101","Carbon monoxide","554","40380","Rochester, NY","36","New York","055","Monroe","43.1450126807403","-77.5572802599319"
"06/21/2026","AQS","360550015","1","0.3","ppm","3","Rochester Near-Road","24","100.0000","42101","Carbon monoxide","554","40380","Rochester, NY","36","New York","055","Monroe","43.1450126807403","-77.5572802599319"
"06/22/2026","AQS","360550015","1","0.3","ppm","3","Rochester Near-Road","18","75.0000","42101","Carbon monoxide","554","40380","Rochester, NY","36","New York","055","Monroe","43.1450126807403","-77.5572802599319"
"06/23/2026","AQS","360550015","1","0.2","ppm","2","Rochester Near-Road","24","100.0000","42101","Carbon monoxide","554","40380","Rochester, NY","36","New York","055","Monroe","43.1450126807403","-77.5572802599319"
"06/24/2026","AQS","360550015","1","0.2","ppm","2","Rochester Near-Road","18","75.0000","42101","Carbon monoxide","554","40380","Rochester, NY","36","New York","055","Monroe","43.1450126807403","-77.5572802599319"
"06/25/2026","AQS","360550015","1","0.3","ppm","3","Rochester Near-Road","24","100.0000","42101","Carbon monoxide","554","40380","Rochester, NY","36","New York","055","Monroe","43.1450126807403","-77.5572802599319"
"06/26/2026","AQS","360550015","1","0.4","ppm","5","Rochester Near-Road","24","100.0000","42101","Carbon monoxide","554","40380","Rochester, NY","36","New York","055","Monroe","43.1450126807403","-77.5572802599319"
"06/27/2026","AQS","360550015","1","0.4","ppm","5","Rochester Near-Road","24","100.0000","42101","Carbon monoxide","554","40380","Rochester, NY","36","New York","055","Monroe","43.1450126807403","-77.5572802599319"
"06/28/2026","AQS","360550015","1","0.4","ppm","5","Rochester Near-Road","24","100.0000","42101","Carbon monoxide","554","40380","Rochester, NY","36","New York","055","Monroe","43.1450126807403","-77.5572802599319"
"06/29/2026","AQS","360550015","1","0.4","ppm","5","Rochester Near-Road","16","67.0000","42101","Carbon monoxide","554","40380","Rochester, NY","36","New York","055","Monroe","43.1450126807403","-77.5572802599319"
"06/30/2026","AQS","360550015","1","0.4","ppm","5","Rochester Near-Road","24","100.0000","42101","Carbon monoxide","554","40380","Rochester, NY","36","New York","055","Monroe","43.1450126807403","-77.5572802599319"
"07/01/2026","AQS","360550015","1","0.3","ppm","3","Rochester Near-Road","2","8.0000","42101","Carbon monoxide","554","40380","Rochester, NY","36","New York","055","Monroe","43.1450126807403","-77.5572802599319"
"01/01/2026","AQS","360551007","1","0.2","ppm","2","ROCHESTER 2","19","79.0000","42101","Carbon monoxide","554","40380","Rochester, NY","36","New York","055","Monroe","43.14618","-77.54817"
"01/02/2026","AQS","360551007","1","0.2","ppm","2","ROCHESTER 2","24","100.0000","42101","Carbon monoxide","554","40380","Rochester, NY","36","New York","055","Monroe","43.14618","-77.54817"
"01/03/2026","AQS","360551007","1","0.2","ppm","2","ROCHESTER 2","24","100.0000","42101","Carbon monoxide","554","40380","Rochester, NY","36","New York","055","Monroe","43.14618","-77.54817"
"01/04/2026","AQS","360551007","1","0.2","ppm","2","ROCHESTER 2","24","100.0000","42101","Carbon monoxide","554","40380","Rochester, NY","36","New York","055","Monroe","43.14618","-77.54817"
"01/05/2026","AQS","360551007","1","0.3","ppm","3","ROCHESTER 2","24","100.0000","42101","Carbon monoxide","554","40380","Rochester, NY","36","New York","055","Monroe","43.14618","-77.54817"
"01/06/2026","AQS","360551007","1","0.3","ppm","3","ROCHESTER 2","24","100.0000","42101","Carbon monoxide","554","40380","Rochester, NY","36","New York","055","Monroe","43.14618","-77.54817"
"01/07/2026","AQS","360551007","1","0.3","ppm","3","ROCHESTER 2","24","100.0000","42101","Carbon monoxide","554","40380","Rochester, NY","36","New York","055","Monroe","43.14618","-77.54817"
"01/08/2026","AQS","360551007","1","0.3","ppm","3","ROCHESTER 2","24","100.0000","42101","Carbon monoxide","554","40380","Rochester, NY","36","New York","055","Monroe","43.14618","-77.54817"
"01/09/2026","AQS","360551007","1","0.3","ppm","3","ROCHESTER 2","24","100.0000","42101","Carbon monoxide","554","40380","Rochester, NY","36","New York","055","Monroe","43.14618","-77.54817"
"01/10/2026","AQS","360551007","1","0.2","ppm","2","ROCHESTER 2","24","100.0000","42101","Carbon monoxide","554","40380","Rochester, NY","36","New York","055","Monroe","43.14618","-77.54817"
"01/11/2026","AQS","360551007","1","0.2","ppm","2","ROCHESTER 2","24","100.0000","42101","Carbon monoxide","554","40380","Rochester, NY","36","New York","055","Monroe","43.14618","-77.54817"
"01/12/2026","AQS","360551007","1","0.2","ppm","2","ROCHESTER 2","24","100.0000","42101","Carbon monoxide","554","40380","Rochester, NY","36","New York","055","Monroe","43.14618","-77.54817"
"01/13/2026","AQS","360551007","1","0.2","ppm","2","ROCHESTER 2","24","100.0000","42101","Carbon monoxide","554","40380","Rochester, NY","36","New York","055","Monroe","43.14618","-77.54817"
"01/14/2026","AQS","360551007","1","0.2","ppm","2","ROCHESTER 2","24","100.0000","42101","Carbon monoxide","554","40380","Rochester, NY","36","New York","055","Monroe","43.14618","-77.54817"
"01/15/2026","AQS","360551007","1","0.2","ppm","2","ROCHESTER 2","24","100.0000","42101","Carbon monoxide","554","40380","Rochester, NY","36","New York","055","Monroe","43.14618","-77.54817"
"01/16/2026","AQS","360551007","1","0.2","ppm","2","ROCHESTER 2","24","100.0000","42101","Carbon monoxide","554","40380","Rochester, NY","36","New York","055","Monroe","43.14618","-77.54817"
"01/17/2026","AQS","360551007","1","0.2","ppm","2","ROCHESTER 2","24","100.0000","42101","Carbon monoxide","554","40380","Rochester, NY","36","New York","055","Monroe","43.14618","-77.54817"
"01/18/2026","AQS","360551007","1","0.2","ppm","2","ROCHESTER 2","24","100.0000","42101","Carbon monoxide","554","40380","Rochester, NY","36","New York","055","Monroe","43.14618","-77.54817"
"01/19/2026","AQS","360551007","1","0.2","ppm","2","ROCHESTER 2","24","100.0000","42101","Carbon monoxide","554","40380","Rochester, NY","36","New York","055","Monroe","43.14618","-77.54817"
"01/20/2026","AQS","360551007","1","0.1","ppm","1","ROCHESTER 2","24","100.0000","42101","Carbon monoxide","554","40380","Rochester, NY","36","New York","055","Monroe","43.14618","-77.54817"
"01/21/2026","AQS","360551007","1","0.2","ppm","2","ROCHESTER 2","24","100.0000","42101","Carbon monoxide","554","40380","Rochester, NY","36","New York","055","Monroe","43.14618","-77.54817"
"01/22/2026","AQS","360551007","1","0.2","ppm","2","ROCHESTER 2","18","75.0000","42101","Carbon monoxide","554","40380","Rochester, NY","36","New York","055","Monroe","43.14618","-77.54817"
"01/23/2026","AQS","360551007","1","0.2","ppm","2","ROCHESTER 2","24","100.0000","42101","Carbon monoxide","554","40380","Rochester, NY","36","New York","055","Monroe","43.14618","-77.54817"
"01/24/2026","AQS","360551007","1","0.2","ppm","2","ROCHESTER 2","24","100.0000","42101","Carbon monoxide","554","40380","Rochester, NY","36","New York","055","Monroe","43.14618","-77.54817"
"01/25/2026","AQS","360551007","1","0.2","ppm","2","ROCHESTER 2","24","100.0000","42101","Carbon monoxide","554","40380","Rochester, NY","36","New York","055","Monroe","43.14618","-77.54817"
"01/26/2026","AQS","360551007","1","0.2","ppm","2","ROCHESTER 2","24","100.0000","42101","Carbon monoxide","554","40380","Rochester, NY","36","New York","055","Monroe","43.14618","-77.54817"
"01/27/2026","AQS","360551007","1","0.2","ppm","2","ROCHESTER 2","24","100.0000","42101","Carbon monoxide","554","40380","Rochester, NY","36","New York","055","Monroe","43.14618","-77.54817"
"01/28/2026","AQS","360551007","1","0.2","ppm","2","ROCHESTER 2","24","100.0000","42101","Carbon monoxide","554","40380","Rochester, NY","36","New York","055","Monroe","43.14618","-77.54817"
"01/29/2026","AQS","360551007","1","0.2","ppm","2","ROCHESTER 2","24","100.0000","42101","Carbon monoxide","554","40380","Rochester, NY","36","New York","055","Monroe","43.14618","-77.54817"
"01/30/2026","AQS","360551007","1","0.2","ppm","2","ROCHESTER 2","24","100.0000","42101","Carbon monoxide","554","40380","Rochester, NY","36","New York","055","Monroe","43.14618","-77.54817"
"01/31/2026","AQS","360551007","1","0.2","ppm","2","ROCHESTER 2","24","100.0000","42101","Carbon monoxide","554","40380","Rochester, NY","36","New York","055","Monroe","43.14618","-77.54817"
"02/01/2026","AQS","360551007","1","0.3","ppm","3","ROCHESTER 2","24","100.0000","42101","Carbon monoxide","554","40380","Rochester, NY","36","New York","055","Monroe","43.14618","-77.54817"
"02/02/2026","AQS","360551007","1","0.7","ppm","8","ROCHESTER 2","24","100.0000","42101","Carbon monoxide","554","40380","Rochester, NY","36","New York","055","Monroe","43.14618","-77.54817"
"02/03/2026","AQS","360551007","1","0.8","ppm","9","ROCHESTER 2","24","100.0000","42101","Carbon monoxide","554","40380","Rochester, NY","36","New York","055","Monroe","43.14618","-77.54817"
"02/04/2026","AQS","360551007","1","0.2","ppm","2","ROCHESTER 2","24","100.0000","42101","Carbon monoxide","554","40380","Rochester, NY","36","New York","055","Monroe","43.14618","-77.54817"
"02/05/2026","AQS","360551007","1","0.5","ppm","6","ROCHESTER 2","24","100.0000","42101","Carbon monoxide","554","40380","Rochester, NY","36","New York","055","Monroe","43.14618","-77.54817"
"02/06/2026","AQS","360551007","1","0.7","ppm","8","ROCHESTER 2","24","100.0000","42101","Carbon monoxide","554","40380","Rochester, NY","36","New York","055","Monroe","43.14618","-77.54817"
"02/07/2026","AQS","360551007","1","0.2","ppm","2","ROCHESTER 2","24","100.0000","42101","Carbon monoxide","554","40380","Rochester, NY","36","New York","055","Monroe","43.14618","-77.54817"
"02/08/2026","AQS","360551007","1","0.2","ppm","2","ROCHESTER 2","24","100.0000","42101","Carbon monoxide","554","40380","Rochester, NY","36","New York","055","Monroe","43.14618","-77.54817"
"02/09/2026","AQS","360551007","1","0.3","ppm","3","ROCHESTER 2","24","100.0000","42101","Carbon monoxide","554","40380","Rochester, NY","36","New York","055","Monroe","43.14618","-77.54817"
"02/10/2026","AQS","360551007","1","0.3","ppm","3","ROCHESTER 2","24","100.0000","42101","Carbon monoxide","554","40380","Rochester, NY","36","New York","055","Monroe","43.14618","-77.54817"
"02/11/2026","AQS","360551007","1","0.3","ppm","3","ROCHESTER 2","24","100.0000","42101","Carbon monoxide","554","40380","Rochester, NY","36","New York","055","Monroe","43.14618","-77.54817"
"02/12/2026","AQS","360551007","1","0.2","ppm","2","ROCHESTER 2","24","100.0000","42101","Carbon monoxide","554","40380","Rochester, NY","36","New York","055","Monroe","43.14618","-77.54817"
"02/13/2026","AQS","360551007","1","0.2","ppm","2","ROCHESTER 2","24","100.0000","42101","Carbon monoxide","554","40380","Rochester, NY","36","New York","055","Monroe","43.14618","-77.54817"
"02/14/2026","AQS","360551007","1","0.3","ppm","3","ROCHESTER 2","24","100.0000","42101","Carbon monoxide","554","40380","Rochester, NY","36","New York","055","Monroe","43.14618","-77.54817"
"02/15/2026","AQS","360551007","1","0.6","ppm","7","ROCHESTER 2","24","100.0000","42101","Carbon monoxide","554","40380","Rochester, NY","36","New York","055","Monroe","43.14618","-77.54817"
"02/16/2026","AQS","360551007","1","0.4","ppm","5","ROCHESTER 2","18","75.0000","42101","Carbon monoxide","554","40380","Rochester, NY","36","New York","055","Monroe","43.14618","-77.54817"
"02/17/2026","AQS","360551007","1","0.4","ppm","5","ROCHESTER 2","24","100.0000","42101","Carbon monoxide","554","40380","Rochester, NY","36","New York","055","Monroe","43.14618","-77.54817"
"02/18/2026","AQS","360551007","1","0.4","ppm","5","ROCHESTER 2","24","100.0000","42101","Carbon monoxide","554","40380","Rochester, NY","36","New York","055","Monroe","43.14618","-77.54817"
"02/19/2026","AQS","360551007","1","0.2","ppm","2","ROCHESTER 2","24","100.0000","42101","Carbon monoxide","554","40380","Rochester, NY","36","New York","055","Monroe","43.14618","-77.54817"
"02/20/2026","AQS","360551007","1","0.2","ppm","2","ROCHESTER 2","24","100.0000","42101","Carbon monoxide","554","40380","Rochester, NY","36","New York","055","Monroe","43.14618","-77.54817"
"02/21/2026","AQS","360551007","1","0.2","ppm","2","ROCHESTER 2","24","100.0000","42101","Carbon monoxide","554","40380","Rochester, NY","36","New York","055","Monroe","43.14618","-77.54817"
"02/22/2026","AQS","360551007","1","0.2","ppm","2","ROCHESTER 2","24","100.0000","42101","Carbon monoxide","554","40380","Rochester, NY","36","New York","055","Monroe","43.14618","-77.54817"
"02/23/2026","AQS","360551007","1","0.2","ppm","2","ROCHESTER 2","24","100.0000","42101","Carbon monoxide","554","40380","Rochester, NY","36","New York","055","Monroe","43.14618","-77.54817"
"02/24/2026","AQS","360551007","1","0.2","ppm","2","ROCHESTER 2","24","100.0000","42101","Carbon monoxide","554","40380","Rochester, NY","36","New York","055","Monroe","43.14618","-77.54817"
"02/25/2026","AQS","360551007","1","0.2","ppm","2","ROCHESTER 2","24","100.0000","42101","Carbon monoxide","554","40380","Rochester, NY","36","New York","055","Monroe","43.14618","-77.54817"
"02/26/2026","AQS","360551007","1","0.3","ppm","3","ROCHESTER 2","24","100.0000","42101","Carbon monoxide","554","40380","Rochester, NY","36","New York","055","Monroe","43.14618","-77.54817"
"02/27/2026","AQS","360551007","1","0.5","ppm","6","ROCHESTER 2","24","100.0000","42101","Carbon monoxide","554","40380","Rochester, NY","36","New York","055","Monroe","43.14618","-77.54817"
"02/28/2026","AQS","360551007","1","0.5","ppm","6","ROCHESTER 2","24","100.0000","42101","Carbon monoxide","554","40380","Rochester, NY","36","New York","055","Monroe","43.14618","-77.54817"
"03/01/2026","AQS","360551007","1","0.2","ppm","2","ROCHESTER 2","24","100.0000","42101","Carbon monoxide","554","40380","Rochester, NY","36","New York","055","Monroe","43.14618","-77.54817"
"03/02/2026","AQS","360551007","1","0.2","ppm","2","ROCHESTER 2","24","100.0000","42101","Carbon monoxide","554","40380","Rochester, NY","36","New York","055","Monroe","43.14618","-77.54817"
"03/03/2026","AQS","360551007","1","0.4","ppm","5","ROCHESTER 2","24","100.0000","42101","Carbon monoxide","554","40380","Rochester, NY","36","New York","055","Monroe","43.14618","-77.54817"
"03/04/2026","AQS","360551007","1","0.4","ppm","5","ROCHESTER 2","24","100.0000","42101","Carbon monoxide","554","40380","Rochester, NY","36","New York","055","Monroe","43.14618","-77.54817"
"03/05/2026","AQS","360551007","1","0.5","ppm","6","ROCHESTER 2","24","100.0000","42101","Carbon monoxide","554","40380","Rochester, NY","36","New York","055","Monroe","43.14618","-77.54817"
"03/06/2026","AQS","360551007","1","0.3","ppm","3","ROCHESTER 2","24","100.0000","42101","Carbon monoxide","554","40380","Rochester, NY","36","New York","055","Monroe","43.14618","-77.54817"
"03/07/2026","AQS","360551007","1","0.3","ppm","3","ROCHESTER 2","24","100.0000","42101","Carbon monoxide","554","40380","Rochester, NY","36","New York","055","Monroe","43.14618","-77.54817"
"03/08/2026","AQS","360551007","1","0.2","ppm","2","ROCHESTER 2","24","100.0000","42101","Carbon monoxide","554","40380","Rochester, NY","36","New York","055","Monroe","43.14618","-77.54817"
"03/09/2026","AQS","360551007","1","0.2","ppm","2","ROCHESTER 2","24","100.0000","42101","Carbon monoxide","554","40380","Rochester, NY","36","New York","055","Monroe","43.14618","-77.54817"
"03/10/2026","AQS","360551007","1","0.2","ppm","2","ROCHESTER 2","24","100.0000","42101","Carbon monoxide","554","40380","Rochester, NY","36","New York","055","Monroe","43.14618","-77.54817"
"03/11/2026","AQS","360551007","1","0.3","ppm","3","ROCHESTER 2","24","100.0000","42101","Carbon monoxide","554","40380","Rochester, NY","36","New York","055","Monroe","43.14618","-77.54817"
"03/12/2026","AQS","360551007","1","0.1","ppm","1","ROCHESTER 2","24","100.0000","42101","Carbon monoxide","554","40380","Rochester, NY","36","New York","055","Monroe","43.14618","-77.54817"
"03/13/2026","AQS","360551007","1","0.2","ppm","2","ROCHESTER 2","24","100.0000","42101","Carbon monoxide","554","40380","Rochester, NY","36","New York","055","Monroe","43.14618","-77.54817"
"03/14/2026","AQS","360551007","1","0.2","ppm","2","ROCHESTER 2","24","100.0000","42101","Carbon monoxide","554","40380","Rochester, NY","36","New York","055","Monroe","43.14618","-77.54817"
"03/15/2026","AQS","360551007","1","0.2","ppm","2","ROCHESTER 2","24","100.0000","42101","Carbon monoxide","554","40380","Rochester, NY","36","New York","055","Monroe","43.14618","-77.54817"
"03/16/2026","AQS","360551007","1","0.2","ppm","2","ROCHESTER 2","24","100.0000","42101","Carbon monoxide","554","40380","Rochester, NY","36","New York","055","Monroe","43.14618","-77.54817"
"03/17/2026","AQS","360551007","1","0.1","ppm","1","ROCHESTER 2","18","75.0000","42101","Carbon monoxide","554","40380","Rochester, NY","36","New York","055","Monroe","43.14618","-77.54817"
"03/18/2026","AQS","360551007","1","0.3","ppm","3","ROCHESTER 2","24","100.0000","42101","Carbon monoxide","554","40380","Rochester, NY","36","New York","055","Monroe","43.14618","-77.54817"
"03/19/2026","AQS","360551007","1","0.2","ppm","2","ROCHESTER 2","24","100.0000","42101","Carbon monoxide","554","40380","Rochester, NY","36","New York","055","Monroe","43.14618","-77.54817"
"03/20/2026","AQS","360551007","1","0.2","ppm","2","ROCHESTER 2","24","100.0000","42101","Carbon monoxide","554","40380","Rochester, NY","36","New York","055","Monroe","43.14618","-77.54817"
"03/21/2026","AQS","360551007","1","0.2","ppm","2","ROCHESTER 2","24","100.0000","42101","Carbon monoxide","554","40380","Rochester, NY","36","New York","055","Monroe","43.14618","-77.54817"
"03/22/2026","AQS","360551007","1","0.3","ppm","3","ROCHESTER 2","24","100.0000","42101","Carbon monoxide","554","40380","Rochester, NY","36","New York","055","Monroe","43.14618","-77.54817"
"03/23/2026","AQS","360551007","1","0.2","ppm","2","ROCHESTER 2","24","100.0000","42101","Carbon monoxide","554","40380","Rochester, NY","36","New York","055","Monroe","43.14618","-77.54817"
"03/24/2026","AQS","360551007","1","0.2","ppm","2","ROCHESTER 2","24","100.0000","42101","Carbon monoxide","554","40380","Rochester, NY","36","New York","055","Monroe","43.14618","-77.54817"
"03/25/2026","AQS","360551007","1","0.3","ppm","3","ROCHESTER 2","24","100.0000","42101","Carbon monoxide","554","40380","Rochester, NY","36","New York","055","Monroe","43.14618","-77.54817"
"03/26/2026","AQS","360551007","1","0.3","ppm","3","ROCHESTER 2","24","100.0000","42101","Carbon monoxide","554","40380","Rochester, NY","36","New York","055","Monroe","43.14618","-77.54817"
"03/27/2026","AQS","360551007","1","0.3","ppm","3","ROCHESTER 2","24","100.0000","42101","Carbon monoxide","554","40380","Rochester, NY","36","New York","055","Monroe","43.14618","-77.54817"
"03/28/2026","AQS","360551007","1","0.2","ppm","2","ROCHESTER 2","24","100.0000","42101","Carbon monoxide","554","40380","Rochester, NY","36","New York","055","Monroe","43.14618","-77.54817"
"03/29/2026","AQS","360551007","1","0.3","ppm","3","ROCHESTER 2","24","100.0000","42101","Carbon monoxide","554","40380","Rochester, NY","36","New York","055","Monroe","43.14618","-77.54817"
"03/30/2026","AQS","360551007","1","0.4","ppm","5","ROCHESTER 2","24","100.0000","42101","Carbon monoxide","554","40380","Rochester, NY","36","New York","055","Monroe","43.14618","-77.54817"
"03/31/2026","AQS","360551007","1","0.2","ppm","2","ROCHESTER 2","24","100.0000","42101","Carbon monoxide","554","40380","Rochester, NY","36","New York","055","Monroe","43.14618","-77.54817"
"04/01/2026","AQS","360551007","1","0.2","ppm","2","ROCHESTER 2","24","100.0000","42101","Carbon monoxide","554","40380","Rochester, NY","36","New York","055","Monroe","43.14618","-77.54817"
"04/02/2026","AQS","360551007","1","0.2","ppm","2","ROCHESTER 2","24","100.0000","42101","Carbon monoxide","554","40380","Rochester, NY","36","New York","055","Monroe","43.14618","-77.54817"
"04/03/2026","AQS","360551007","1","0.2","ppm","2","ROCHESTER 2","24","100.0000","42101","Carbon monoxide","554","40380","Rochester, NY","36","New York","055","Monroe","43.14618","-77.54817"
"04/04/2026","AQS","360551007","1","0.2","ppm","2","ROCHESTER 2","24","100.0000","42101","Carbon monoxide","554","40380","Rochester, NY","36","New York","055","Monroe","43.14618","-77.54817"
"04/05/2026","AQS","360551007","1","0.2","ppm","2","ROCHESTER 2","24","100.0000","42101","Carbon monoxide","554","40380","Rochester, NY","36","New York","055","Monroe","43.14618","-77.54817"
"04/06/2026","AQS","360551007","1","0.1","ppm","1","ROCHESTER 2","24","100.0000","42101","Carbon monoxide","554","40380","Rochester, NY","36","New York","055","Monroe","43.14618","-77.54817"
"04/07/2026","AQS","360551007","1","0.2","ppm","2","ROCHESTER 2","24","100.0000","42101","Carbon monoxide","554","40380","Rochester, NY","36","New York","055","Monroe","43.14618","-77.54817"
"04/08/2026","AQS","360551007","1","0.3","ppm","3","ROCHESTER 2","24","100.0000","42101","Carbon monoxide","554","40380","Rochester, NY","36","New York","055","Monroe","43.14618","-77.54817"
"04/09/2026","AQS","360551007","1","0.2","ppm","2","ROCHESTER 2","24","100.0000","42101","Carbon monoxide","554","40380","Rochester, NY","36","New York","055","Monroe","43.14618","-77.54817"
"04/10/2026","AQS","360551007","1","0.2","ppm","2","ROCHESTER 2","24","100.0000","42101","Carbon monoxide","554","40380","Rochester, NY","36","New York","055","Monroe","43.14618","-77.54817"
"04/11/2026","AQS","360551007","1","0.3","ppm","3","ROCHESTER 2","24","100.0000","42101","Carbon monoxide","554","40380","Rochester, NY","36","New York","055","Monroe","43.14618","-77.54817"
"04/12/2026","AQS","360551007","1","0.4","ppm","5","ROCHESTER 2","24","100.0000","42101","Carbon monoxide","554","40380","Rochester, NY","36","New York","055","Monroe","43.14618","-77.54817"
"04/13/2026","AQS","360551007","1","0.2","ppm","2","ROCHESTER 2","24","100.0000","42101","Carbon monoxide","554","40380","Rochester, NY","36","New York","055","Monroe","43.14618","-77.54817"
"04/14/2026","AQS","360551007","1","0.2","ppm","2","ROCHESTER 2","24","100.0000","42101","Carbon monoxide","554","40380","Rochester, NY","36","New York","055","Monroe","43.14618","-77.54817"
"04/15/2026","AQS","360551007","1","0.2","ppm","2","ROCHESTER 2","24","100.0000","42101","Carbon monoxide","554","40380","Rochester, NY","36","New York","055","Monroe","43.14618","-77.54817"
"04/16/2026","AQS","360551007","1","0.3","ppm","3","ROCHESTER 2","24","100.0000","42101","Carbon monoxide","554","40380","Rochester, NY","36","New York","055","Monroe","43.14618","-77.54817"
"04/17/2026","AQS","360551007","1","0.2","ppm","2","ROCHESTER 2","24","100.0000","42101","Carbon monoxide","554","40380","Rochester, NY","36","New York","055","Monroe","43.14618","-77.54817"
"04/18/2026","AQS","360551007","1","0.3","ppm","3","ROCHESTER 2","24","100.0000","42101","Carbon monoxide","554","40380","Rochester, NY","36","New York","055","Monroe","43.14618","-77.54817"
"04/19/2026","AQS","360551007","1","0.1","ppm","1","ROCHESTER 2","24","100.0000","42101","Carbon monoxide","554","40380","Rochester, NY","36","New York","055","Monroe","43.14618","-77.54817"
"04/20/2026","AQS","360551007","1","0.2","ppm","2","ROCHESTER 2","24","100.0000","42101","Carbon monoxide","554","40380","Rochester, NY","36","New York","055","Monroe","43.14618","-77.54817"
"04/21/2026","AQS","360551007","1","0.3","ppm","3","ROCHESTER 2","15","63.0000","42101","Carbon monoxide","554","40380","Rochester, NY","36","New York","055","Monroe","43.14618","-77.54817"
"04/22/2026","AQS","360551007","1","0.3","ppm","3","ROCHESTER 2","24","100.0000","42101","Carbon monoxide","554","40380","Rochester, NY","36","New York","055","Monroe","43.14618","-77.54817"
"04/23/2026","AQS","360551007","1","0.4","ppm","5","ROCHESTER 2","24","100.0000","42101","Carbon monoxide","554","40380","Rochester, NY","36","New York","055","Monroe","43.14618","-77.54817"
"04/24/2026","AQS","360551007","1","0.2","ppm","2","ROCHESTER 2","24","100.0000","42101","Carbon monoxide","554","40380","Rochester, NY","36","New York","055","Monroe","43.14618","-77.54817"
"04/25/2026","AQS","360551007","1","0.2","ppm","2","ROCHESTER 2","24","100.0000","42101","Carbon monoxide","554","40380","Rochester, NY","36","New York","055","Monroe","43.14618","-77.54817"
"04/26/2026","AQS","360551007","1","0.2","ppm","2","ROCHESTER 2","24","100.0000","42101","Carbon monoxide","554","40380","Rochester, NY","36","New York","055","Monroe","43.14618","-77.54817"
"04/27/2026","AQS","360551007","1","0.3","ppm","3","ROCHESTER 2","24","100.0000","42101","Carbon monoxide","554","40380","Rochester, NY","36","New York","055","Monroe","43.14618","-77.54817"
"04/28/2026","AQS","360551007","1","0.2","ppm","2","ROCHESTER 2","18","75.0000","42101","Carbon monoxide","554","40380","Rochester, NY","36","New York","055","Monroe","43.14618","-77.54817"
"04/29/2026","AQS","360551007","1","0.2","ppm","2","ROCHESTER 2","24","100.0000","42101","Carbon monoxide","554","40380","Rochester, NY","36","New York","055","Monroe","43.14618","-77.54817"
"04/30/2026","AQS","360551007","1","0.2","ppm","2","ROCHESTER 2","24","100.0000","42101","Carbon monoxide","554","40380","Rochester, NY","36","New York","055","Monroe","43.14618","-77.54817"
"05/01/2026","AQS","360551007","1","0.2","ppm","2","ROCHESTER 2","2","8.0000","42101","Carbon monoxide","554","40380","Rochester, NY","36","New York","055","Monroe","43.14618","-77.54817"
"06/16/2026","AQS","360551007","1","0.2","ppm","2","ROCHESTER 2","10","42.0000","42101","Carbon monoxide","554","40380","Rochester, NY","36","New York","055","Monroe","43.14618","-77.54817"
"06/17/2026","AQS","360551007","1","0.2","ppm","2","ROCHESTER 2","24","100.0000","42101","Carbon monoxide","554","40380","Rochester, NY","36","New York","055","Monroe","43.14618","-77.54817"
"06/18/2026","AQS","360551007","1","0.2","ppm","2","ROCHESTER 2","17","71.0000","42101","Carbon monoxide","554","40380","Rochester, NY","36","New York","055","Monroe","43.14618","-77.54817"
"06/19/2026","AQS","360551007","1","0.1","ppm","1","ROCHESTER 2","24","100.0000","42101","Carbon monoxide","554","40380","Rochester, NY","36","New York","055","Monroe","43.14618","-77.54817"
"06/20/2026","AQS","360551007","1","0.1","ppm","1","ROCHESTER 2","24","100.0000","42101","Carbon monoxide","554","40380","Rochester, NY","36","New York","055","Monroe","43.14618","-77.54817"
"06/21/2026","AQS","360551007","1","0.2","ppm","2","ROCHESTER 2","24","100.0000","42101","Carbon monoxide","554","40380","Rochester, NY","36","New York","055","Monroe","43.14618","-77.54817"
"06/22/2026","AQS","360551007","1","0.3","ppm","3","ROCHESTER 2","24","100.0000","42101","Carbon monoxide","554","40380","Rochester, NY","36","New York","055","Monroe","43.14618","-77.54817"
"06/23/2026","AQS","360551007","1","0.1","ppm","1","ROCHESTER 2","24","100.0000","42101","Carbon monoxide","554","40380","Rochester, NY","36","New York","055","Monroe","43.14618","-77.54817"
"06/24/2026","AQS","360551007","1","0.2","ppm","2","ROCHESTER 2","24","100.0000","42101","Carbon monoxide","554","40380","Rochester, NY","36","New York","055","Monroe","43.14618","-77.54817"
"06/25/2026","AQS","360551007","1","0.3","ppm","3","ROCHESTER 2","24","100.0000","42101","Carbon monoxide","554","40380","Rochester, NY","36","New York","055","Monroe","43.14618","-77.54817"
"06/26/2026","AQS","360551007","1","0.2","ppm","2","ROCHESTER 2","24","100.0000","42101","Carbon monoxide","554","40380","Rochester, NY","36","New York","055","Monroe","43.14618","-77.54817"
"06/27/2026","AQS","360551007","1","0.3","ppm","3","ROCHESTER 2","24","100.0000","42101","Carbon monoxide","554","40380","Rochester, NY","36","New York","055","Monroe","43.14618","-77.54817"
"06/28/2026","AQS","360551007","1","0.4","ppm","5","ROCHESTER 2","24","100.0000","42101","Carbon monoxide","554","40380","Rochester, NY","36","New York","055","Monroe","43.14618","-77.54817"
"06/29/2026","AQS","360551007","1","0.3","ppm","3","ROCHESTER 2","24","100.0000","42101","Carbon monoxide","554","40380","Rochester, NY","36","New York","055","Monroe","43.14618","-77.54817"
"06/30/2026","AQS","360551007","1","0.2","ppm","2","ROCHESTER 2","24","100.0000","42101","Carbon monoxide","554","40380","Rochester, NY","36","New York","055","Monroe","43.14618","-77.54817"
"07/01/2026","AQS","360551007","1","0.2","ppm","2","ROCHESTER 2","2","8.0000","42101","Carbon monoxide","554","40380","Rochester, NY","36","New York","055","Monroe","43.14618","-77.54817"
"01/01/2026","AQS","360610135","1","0.2","ppm","2","CCNY","19","79.0000","42101","Carbon monoxide","554","35620","New York-Newark-Jersey City, NY-NJ-PA","36","New York","061","New York","40.81976","-73.94825"
"01/02/2026","AQS","360610135","1","0.2","ppm","2","CCNY","24","100.0000","42101","Carbon monoxide","554","35620","New York-Newark-Jersey City, NY-NJ-PA","36","New York","061","New York","40.81976","-73.94825"
"01/03/2026","AQS","360610135","1","0.3","ppm","3","CCNY","24","100.0000","42101","Carbon monoxide","554","35620","New York-Newark-Jersey City, NY-NJ-PA","36","New York","061","New York","40.81976","-73.94825"
"01/04/2026","AQS","360610135","1","0.2","ppm","2","CCNY","24","100.0000","42101","Carbon monoxide","554","35620","New York-Newark-Jersey City, NY-NJ-PA","36","New York","061","New York","40.81976","-73.94825"
"01/05/2026","AQS","360610135","1","0.4","ppm","5","CCNY","24","100.0000","42101","Carbon monoxide","554","35620","New York-Newark-Jersey City, NY-NJ-PA","36","New York","061","New York","40.81976","-73.94825"
"01/06/2026","AQS","360610135","1","0.6","ppm","7","CCNY","24","100.0000","42101","Carbon monoxide","554","35620","New York-Newark-Jersey City, NY-NJ-PA","36","New York","061","New York","40.81976","-73.94825"
"01/07/2026","AQS","360610135","1","0.5","ppm","6","CCNY","24","100.0000","42101","Carbon monoxide","554","35620","New York-Newark-Jersey City, NY-NJ-PA","36","New York","061","New York","40.81976","-73.94825"
"01/08/2026","AQS","360610135","1","0.5","ppm","6","CCNY","24","100.0000","42101","Carbon monoxide","554","35620","New York-Newark-Jersey City, NY-NJ-PA","36","New York","061","New York","40.81976","-73.94825"
"01/09/2026","AQS","360610135","1","0.9","ppm","10","CCNY","24","100.0000","42101","Carbon monoxide","554","35620","New York-Newark-Jersey City, NY-NJ-PA","36","New York","061","New York","40.81976","-73.94825"
"01/10/2026","AQS","360610135","1","0.3","ppm","3","CCNY","24","100.0000","42101","Carbon monoxide","554","35620","New York-Newark-Jersey City, NY-NJ-PA","36","New York","061","New York","40.81976","-73.94825"
"01/11/2026","AQS","360610135","1","0.3","ppm","3","CCNY","24","100.0000","42101","Carbon monoxide","554","35620","New York-Newark-Jersey City, NY-NJ-PA","36","New York","061","New York","40.81976","-73.94825"
"01/12/2026","AQS","360610135","1","0.3","ppm","3","CCNY","24","100.0000","42101","Carbon monoxide","554","35620","New York-Newark-Jersey City, NY-NJ-PA","36","New York","061","New York","40.81976","-73.94825"
"01/13/2026","AQS","360610135","1","0.5","ppm","6","CCNY","24","100.0000","42101","Carbon monoxide","554","35620","New York-Newark-Jersey City, NY-NJ-PA","36","New York","061","New York","40.81976","-73.94825"
"01/14/2026","AQS","360610135","1","0.7","ppm","8","CCNY","24","100.0000","42101","Carbon monoxide","554","35620","New York-Newark-Jersey City, NY-NJ-PA","36","New York","061","New York","40.81976","-73.94825"
"01/15/2026","AQS","360610135","1","0.4","ppm","5","CCNY","24","100.0000","42101","Carbon monoxide","554","35620","New York-Newark-Jersey City, NY-NJ-PA","36","New York","061","New York","40.81976","-73.94825"
"01/16/2026","AQS","360610135","1","0.2","ppm","2","CCNY","24","100.0000","42101","Carbon monoxide","554","35620","New York-Newark-Jersey City, NY-NJ-PA","36","New York","061","New York","40.81976","-73.94825"
"01/17/2026","AQS","360610135","1","0.4","ppm","5","CCNY","24","100.0000","42101","Carbon monoxide","554","35620","New York-Newark-Jersey City, NY-NJ-PA","36","New York","061","New York","40.81976","-73.94825"
"01/18/2026","AQS","360610135","1","0.8","ppm","9","CCNY","24","100.0000","42101","Carbon monoxide","554","35620","New York-Newark-Jersey City, NY-NJ-PA","36","New York","061","New York","40.81976","-73.94825"
"01/19/2026","AQS","360610135","1","0.3","ppm","3","CCNY","24","100.0000","42101","Carbon monoxide","554","35620","New York-Newark-Jersey City, NY-NJ-PA","36","New York","061","New York","40.81976","-73.94825"
"01/20/2026","AQS","360610135","1","0.2","ppm","2","CCNY","24","100.0000","42101","Carbon monoxide","554","35620","New York-Newark-Jersey City, NY-NJ-PA","36","New York","061","New York","40.81976","-73.94825"
"01/21/2026","AQS","360610135","1","0.4","ppm","5","CCNY","24","100.0000","42101","Carbon monoxide","554","35620","New York-Newark-Jersey City, NY-NJ-PA","36","New York","061","New York","40.81976","-73.94825"
"01/22/2026","AQS","360610135","1","0.3","ppm","3","CCNY","24","100.0000","42101","Carbon monoxide","554","35620","New York-Newark-Jersey City, NY-NJ-PA","36","New York","061","New York","40.81976","-73.94825"
"01/23/2026","AQS","360610135","1","0.2","ppm","2","CCNY","24","100.0000","42101","Carbon monoxide","554","35620","New York-Newark-Jersey City, NY-NJ-PA","36","New York","061","New York","40.81976","-73.94825"
"01/24/2026","AQS","360610135","1","0.2","ppm","2","CCNY","24","100.0000","42101","Carbon monoxide","554","35620","New York-Newark-Jersey City, NY-NJ-PA","36","New York","061","New York","40.81976","-73.94825"
"01/25/2026","AQS","360610135","1","0.4","ppm","5","CCNY","24","100.0000","42101","Carbon monoxide","554","35620","New York-Newark-Jersey City, NY-NJ-PA","36","New York","061","New York","40.81976","-73.94825"
"01/26/2026","AQS","360610135","1","0.3","ppm","3","CCNY","24","100.0000","42101","Carbon monoxide","554","35620","New York-Newark-Jersey City, NY-NJ-PA","36","New York","061","New York","40.81976","-73.94825"
"01/27/2026","AQS","360610135","1","0.3","ppm","3","CCNY","24","100.0000","42101","Carbon monoxide","554","35620","New York-Newark-Jersey City, NY-NJ-PA","36","New York","061","New York","40.81976","-73.94825"
"01/28/2026","AQS","360610135","1","0.3","ppm","3","CCNY","24","100.0000","42101","Carbon monoxide","554","35620","New York-Newark-Jersey City, NY-NJ-PA","36","New York","061","New York","40.81976","-73.94825"
"01/29/2026","AQS","360610135","1","0.3","ppm","3","CCNY","24","100.0000","42101","Carbon monoxide","554","35620","New York-Newark-Jersey City, NY-NJ-PA","36","New York","061","New York","40.81976","-73.94825"
"01/30/2026","AQS","360610135","1","0.2","ppm","2","CCNY","24","100.0000","42101","Carbon monoxide","554","35620","New York-Newark-Jersey City, NY-NJ-PA","36","New York","061","New York","40.81976","-73.94825"
"01/31/2026","AQS","360610135","1","0.2","ppm","2","CCNY","24","100.0000","42101","Carbon monoxide","554","35620","New York-Newark-Jersey City, NY-NJ-PA","36","New York","061","New York","40.81976","-73.94825"
"02/01/2026","AQS","360610135","1","0.2","ppm","2","CCNY","24","100.0000","42101","Carbon monoxide","554","35620","New York-Newark-Jersey City, NY-NJ-PA","36","New York","061","New York","40.81976","-73.94825"
"02/02/2026","AQS","360610135","1","0.2","ppm","2","CCNY","24","100.0000","42101","Carbon monoxide","554","35620","New York-Newark-Jersey City, NY-NJ-PA","36","New York","061","New York","40.81976","-73.94825"
"02/03/2026","AQS","360610135","1","0.4","ppm","5","CCNY","19","79.0000","42101","Carbon monoxide","554","35620","New York-Newark-Jersey City, NY-NJ-PA","36","New York","061","New York","40.81976","-73.94825"
"02/04/2026","AQS","360610135","1","0.3","ppm","3","CCNY","12","50.0000","42101","Carbon monoxide","554","35620","New York-Newark-Jersey City, NY-NJ-PA","36","New York","061","New York","40.81976","-73.94825"
"02/05/2026","AQS","360610135","1","0.4","ppm","5","CCNY","21","88.0000","42101","Carbon monoxide","554","35620","New York-Newark-Jersey City, NY-NJ-PA","36","New York","061","New York","40.81976","-73.94825"
"02/06/2026","AQS","360610135","1","0.5","ppm","6","CCNY","24","100.0000","42101","Carbon monoxide","554","35620","New York-Newark-Jersey City, NY-NJ-PA","36","New York","061","New York","40.81976","-73.94825"
"02/07/2026","AQS","360610135","1","0.4","ppm","5","CCNY","24","100.0000","42101","Carbon monoxide","554","35620","New York-Newark-Jersey City, NY-NJ-PA","36","New York","061","New York","40.81976","-73.94825"
"02/08/2026","AQS","360610135","1","0.2","ppm","2","CCNY","24","100.0000","42101","Carbon monoxide","554","35620","New York-Newark-Jersey City, NY-NJ-PA","36","New York","061","New York","40.81976","-73.94825"
"02/09/2026","AQS","360610135","1","0.3","ppm","3","CCNY","24","100.0000","42101","Carbon monoxide","554","35620","New York-Newark-Jersey City, NY-NJ-PA","36","New York","061","New York","40.81976","-73.94825"
"02/10/2026","AQS","360610135","1","0.7","ppm","8","CCNY","24","100.0000","42101","Carbon monoxide","554","35620","New York-Newark-Jersey City, NY-NJ-PA","36","New York","061","New York","40.81976","-73.94825"
"02/11/2026","AQS","360610135","1","0.6","ppm","7","CCNY","24","100.0000","42101","Carbon monoxide","554","35620","New York-Newark-Jersey City, NY-NJ-PA","36","New York","061","New York","40.81976","-73.94825"
"02/12/2026","AQS","360610135","1","0.2","ppm","2","CCNY","15","63.0000","42101","Carbon monoxide","554","35620","New York-Newark-Jersey City, NY-NJ-PA","36","New York","061","New York","40.81976","-73.94825"
"02/13/2026","AQS","360610135","1","0.4","ppm","5","CCNY","24","100.0000","42101","Carbon monoxide","554","35620","New York-Newark-Jersey City, NY-NJ-PA","36","New York","061","New York","40.81976","-73.94825"
"02/14/2026","AQS","360610135","1","0.5","ppm","6","CCNY","24","100.0000","42101","Carbon monoxide","554","35620","New York-Newark-Jersey City, NY-NJ-PA","36","New York","061","New York","40.81976","-73.94825"
"02/15/2026","AQS","360610135","1","0.7","ppm","8","CCNY","24","100.0000","42101","Carbon monoxide","554","35620","New York-Newark-Jersey City, NY-NJ-PA","36","New York","061","New York","40.81976","-73.94825"
"02/16/2026","AQS","360610135","1","0.4","ppm","5","CCNY","24","100.0000","42101","Carbon monoxide","554","35620","New York-Newark-Jersey City, NY-NJ-PA","36","New York","061","New York","40.81976","-73.94825"
"02/17/2026","AQS","360610135","1","0.7","ppm","8","CCNY","24","100.0000","42101","Carbon monoxide","554","35620","New York-Newark-Jersey City, NY-NJ-PA","36","New York","061","New York","40.81976","-73.94825"
"02/18/2026","AQS","360610135","1","0.9","ppm","10","CCNY","24","100.0000","42101","Carbon monoxide","554","35620","New York-Newark-Jersey City, NY-NJ-PA","36","New York","061","New York","40.81976","-73.94825"
"02/19/2026","AQS","360610135","1","0.7","ppm","8","CCNY","24","100.0000","42101","Carbon monoxide","554","35620","New York-Newark-Jersey City, NY-NJ-PA","36","New York","061","New York","40.81976","-73.94825"
"02/20/2026","AQS","360610135","1","0.3","ppm","3","CCNY","24","100.0000","42101","Carbon monoxide","554","35620","New York-Newark-Jersey City, NY-NJ-PA","36","New York","061","New York","40.81976","-73.94825"
"02/21/2026","AQS","360610135","1","0.3","ppm","3","CCNY","24","100.0000","42101","Carbon monoxide","554","35620","New York-Newark-Jersey City, NY-NJ-PA","36","New York","061","New York","40.81976","-73.94825"
"02/22/2026","AQS","360610135","1","0.3","ppm","3","CCNY","24","100.0000","42101","Carbon monoxide","554","35620","New York-Newark-Jersey City, NY-NJ-PA","36","New York","061","New York","40.81976","-73.94825"
"02/23/2026","AQS","360610135","1","0.3","ppm","3","CCNY","24","100.0000","42101","Carbon monoxide","554","35620","New York-Newark-Jersey City, NY-NJ-PA","36","New York","061","New York","40.81976","-73.94825"
"02/24/2026","AQS","360610135","1","0.4","ppm","5","CCNY","24","100.0000","42101","Carbon monoxide","554","35620","New York-Newark-Jersey City, NY-NJ-PA","36","New York","061","New York","40.81976","-73.94825"
"02/25/2026","AQS","360610135","1","1","ppm","11","CCNY","24","100.0000","42101","Carbon monoxide","554","35620","New York-Newark-Jersey City, NY-NJ-PA","36","New York","061","New York","40.81976","-73.94825"
"02/26/2026","AQS","360610135","1","0.9","ppm","10","CCNY","24","100.0000","42101","Carbon monoxide","554","35620","New York-Newark-Jersey City, NY-NJ-PA","36","New York","061","New York","40.81976","-73.94825"
"02/27/2026","AQS","360610135","1","0.6","ppm","7","CCNY","24","100.0000","42101","Carbon monoxide","554","35620","New York-Newark-Jersey City, NY-NJ-PA","36","New York","061","New York","40.81976","-73.94825"
"02/28/2026","AQS","360610135","1","0.8","ppm","9","CCNY","24","100.0000","42101","Carbon monoxide","554","35620","New York-Newark-Jersey City, NY-NJ-PA","36","New York","061","New York","40.81976","-73.94825"
"03/01/2026","AQS","360610135","1","0.8","ppm","9","CCNY","24","100.0000","42101","Carbon monoxide","554","35620","New York-Newark-Jersey City, NY-NJ-PA","36","New York","061","New York","40.81976","-73.94825"
"03/02/2026","AQS","360610135","1","0.4","ppm","5","CCNY","24","100.0000","42101","Carbon monoxide","554","35620","New York-Newark-Jersey City, NY-NJ-PA","36","New York","061","New York","40.81976","-73.94825"
"03/03/2026","AQS","360610135","1","0.5","ppm","6","CCNY","24","100.0000","42101","Carbon monoxide","554","35620","New York-Newark-Jersey City, NY-NJ-PA","36","New York","061","New York","40.81976","-73.94825"
"03/04/2026","AQS","360610135","1","0.7","ppm","8","CCNY","24","100.0000","42101","Carbon monoxide","554","35620","New York-Newark-Jersey City, NY-NJ-PA","36","New York","061","New York","40.81976","-73.94825"
"03/05/2026","AQS","360610135","1","1.1","ppm","13","CCNY","24","100.0000","42101","Carbon monoxide","554","35620","New York-Newark-Jersey City, NY-NJ-PA","36","New York","061","New York","40.81976","-73.94825"
"03/06/2026","AQS","360610135","1","0.4","ppm","5","CCNY","24","100.0000","42101","Carbon monoxide","554","35620","New York-Newark-Jersey City, NY-NJ-PA","36","New York","061","New York","40.81976","-73.94825"
"03/07/2026","AQS","360610135","1","0.7","ppm","8","CCNY","24","100.0000","42101","Carbon monoxide","554","35620","New York-Newark-Jersey City, NY-NJ-PA","36","New York","061","New York","40.81976","-73.94825"
"03/08/2026","AQS","360610135","1","0.8","ppm","9","CCNY","24","100.0000","42101","Carbon monoxide","554","35620","New York-Newark-Jersey City, NY-NJ-PA","36","New York","061","New York","40.81976","-73.94825"
"03/09/2026","AQS","360610135","1","0.5","ppm","6","CCNY","24","100.0000","42101","Carbon monoxide","554","35620","New York-Newark-Jersey City, NY-NJ-PA","36","New York","061","New York","40.81976","-73.94825"
"03/10/2026","AQS","360610135","1","0.7","ppm","8","CCNY","24","100.0000","42101","Carbon monoxide","554","35620","New York-Newark-Jersey City, NY-NJ-PA","36","New York","061","New York","40.81976","-73.94825"
"03/11/2026","AQS","360610135","1","0.6","ppm","7","CCNY","24","100.0000","42101","Carbon monoxide","554","35620","New York-Newark-Jersey City, NY-NJ-PA","36","New York","061","New York","40.81976","-73.94825"
"03/12/2026","AQS","360610135","1","0.6","ppm","7","CCNY","24","100.0000","42101","Carbon monoxide","554","35620","New York-Newark-Jersey City, NY-NJ-PA","36","New York","061","New York","40.81976","-73.94825"
"03/13/2026","AQS","360610135","1","0.4","ppm","5","CCNY","24","100.0000","42101","Carbon monoxide","554","35620","New York-Newark-Jersey City, NY-NJ-PA","36","New York","061","New York","40.81976","-73.94825"
"03/14/2026","AQS","360610135","1","0.4","ppm","5","CCNY","24","100.0000","42101","Carbon monoxide","554","35620","New York-Newark-Jersey City, NY-NJ-PA","36","New York","061","New York","40.81976","-73.94825"
"03/15/2026","AQS","360610135","1","0.3","ppm","3","CCNY","24","100.0000","42101","Carbon monoxide","554","35620","New York-Newark-Jersey City, NY-NJ-PA","36","New York","061","New York","40.81976","-73.94825"
"03/16/2026","AQS","360610135","1","0.3","ppm","3","CCNY","24","100.0000","42101","Carbon monoxide","554","35620","New York-Newark-Jersey City, NY-NJ-PA","36","New York","061","New York","40.81976","-73.94825"
"03/17/2026","AQS","360610135","1","0.2","ppm","2","CCNY","24","100.0000","42101","Carbon monoxide","554","35620","New York-Newark-Jersey City, NY-NJ-PA","36","New York","061","New York","40.81976","-73.94825"
"03/18/2026","AQS","360610135","1","0.3","ppm","3","CCNY","24","100.0000","42101","Carbon monoxide","554","35620","New York-Newark-Jersey City, NY-NJ-PA","36","New York","061","New York","40.81976","-73.94825"
"03/19/2026","AQS","360610135","1","0.5","ppm","6","CCNY","24","100.0000","42101","Carbon monoxide","554","35620","New York-Newark-Jersey City, NY-NJ-PA","36","New York","061","New York","40.81976","-73.94825"
"03/20/2026","AQS","360610135","1","0.5","ppm","6","CCNY","24","100.0000","42101","Carbon monoxide","554","35620","New York-Newark-Jersey City, NY-NJ-PA","36","New York","061","New York","40.81976","-73.94825"
"03/21/2026","AQS","360610135","1","0.5","ppm","6","CCNY","24","100.0000","42101","Carbon monoxide","554","35620","New York-Newark-Jersey City, NY-NJ-PA","36","New York","061","New York","40.81976","-73.94825"
"03/22/2026","AQS","360610135","1","0.4","ppm","5","CCNY","24","100.0000","42101","Carbon monoxide","554","35620","New York-Newark-Jersey City, NY-NJ-PA","36","New York","061","New York","40.81976","-73.94825"
"03/23/2026","AQS","360610135","1","0.4","ppm","5","CCNY","24","100.0000","42101","Carbon monoxide","554","35620","New York-Newark-Jersey City, NY-NJ-PA","36","New York","061","New York","40.81976","-73.94825"
"03/24/2026","AQS","360610135","1","0.5","ppm","6","CCNY","24","100.0000","42101","Carbon monoxide","554","35620","New York-Newark-Jersey City, NY-NJ-PA","36","New York","061","New York","40.81976","-73.94825"
"03/25/2026","AQS","360610135","1","0.4","ppm","5","CCNY","24","100.0000","42101","Carbon monoxide","554","35620","New York-Newark-Jersey City, NY-NJ-PA","36","New York","061","New York","40.81976","-73.94825"
"03/26/2026","AQS","360610135","1","0.7","ppm","8","CCNY","24","100.0000","42101","Carbon monoxide","554","35620","New York-Newark-Jersey City, NY-NJ-PA","36","New York","061","New York","40.81976","-73.94825"
"03/27/2026","AQS","360610135","1","0.4","ppm","5","CCNY","24","100.0000","42101","Carbon monoxide","554","35620","New York-Newark-Jersey City, NY-NJ-PA","36","New York","061","New York","40.81976","-73.94825"
"03/28/2026","AQS","360610135","1","0.2","ppm","2","CCNY","24","100.0000","42101","Carbon monoxide","554","35620","New York-Newark-Jersey City, NY-NJ-PA","36","New York","061","New York","40.81976","-73.94825"
"03/29/2026","AQS","360610135","1","0.3","ppm","3","CCNY","24","100.0000","42101","Carbon monoxide","554","35620","New York-Newark-Jersey City, NY-NJ-PA","36","New York","061","New York","40.81976","-73.94825"
"03/30/2026","AQS","360610135","1","0.5","ppm","6","CCNY","24","100.0000","42101","Carbon monoxide","554","35620","New York-Newark-Jersey City, NY-NJ-PA","36","New York","061","New York","40.81976","-73.94825"
"03/31/2026","AQS","360610135","1","0.4","ppm","5","CCNY","24","100.0000","42101","Carbon monoxide","554","35620","New York-Newark-Jersey City, NY-NJ-PA","36","New York","061","New York","40.81976","-73.94825"
"04/01/2026","AQS","360610135","1","0.3","ppm","3","CCNY","24","100.0000","42101","Carbon monoxide","554","35620","New York-Newark-Jersey City, NY-NJ-PA","36","New York","061","New York","40.81976","-73.94825"
"04/02/2026","AQS","360610135","1","0.3","ppm","3","CCNY","24","100.0000","42101","Carbon monoxide","554","35620","New York-Newark-Jersey City, NY-NJ-PA","36","New York","061","New York","40.81976","-73.94825"
"04/03/2026","AQS","360610135","1","0.4","ppm","5","CCNY","24","100.0000","42101","Carbon monoxide","554","35620","New York-Newark-Jersey City, NY-NJ-PA","36","New York","061","New York","40.81976","-73.94825"
"04/04/2026","AQS","360610135","1","0.4","ppm","5","CCNY","24","100.0000","42101","Carbon monoxide","554","35620","New York-Newark-Jersey City, NY-NJ-PA","36","New York","061","New York","40.81976","-73.94825"
"04/05/2026","AQS","360610135","1","0.4","ppm","5","CCNY","24","100.0000","42101","Carbon monoxide","554","35620","New York-Newark-Jersey City, NY-NJ-PA","36","New York","061","New York","40.81976","-73.94825"
"04/06/2026","AQS","360610135","1","0.2","ppm","2","CCNY","24","100.0000","42101","Carbon monoxide","554","35620","New York-Newark-Jersey City, NY-NJ-PA","36","New York","061","New York","40.81976","-73.94825"
"04/07/2026","AQS","360610135","1","0.3","ppm","3","CCNY","24","100.0000","42101","Carbon monoxide","554","35620","New York-Newark-Jersey City, NY-NJ-PA","36","New York","061","New York","40.81976","-73.94825"
"04/08/2026","AQS","360610135","1","0.2","ppm","2","CCNY","24","100.0000","42101","Carbon monoxide","554","35620","New York-Newark-Jersey City, NY-NJ-PA","36","New York","061","New York","40.81976","-73.94825"
"04/09/2026","AQS","360610135","1","0.3","ppm","3","CCNY","18","75.0000","42101","Carbon monoxide","554","35620","New York-Newark-Jersey City, NY-NJ-PA","36","New York","061","New York","40.81976","-73.94825"
"04/10/2026","AQS","360610135","1","0.4","ppm","5","CCNY","24","100.0000","42101","Carbon monoxide","554","35620","New York-Newark-Jersey City, NY-NJ-PA","36","New York","061","New York","40.81976","-73.94825"
"04/11/2026","AQS","360610135","1","0.4","ppm","5","CCNY","24","100.0000","42101","Carbon monoxide","554","35620","New York-Newark-Jersey City, NY-NJ-PA","36","New York","061","New York","40.81976","-73.94825"
"04/12/2026","AQS","360610135","1","0.2","ppm","2","CCNY","24","100.0000","42101","Carbon monoxide","554","35620","New York-Newark-Jersey City, NY-NJ-PA","36","New York","061","New York","40.81976","-73.94825"
"04/13/2026","AQS","360610135","1","0.4","ppm","5","CCNY","24","100.0000","42101","Carbon monoxide","554","35620","New York-Newark-Jersey City, NY-NJ-PA","36","New York","061","New York","40.81976","-73.94825"
"04/14/2026","AQS","360610135","1","0.4","ppm","5","CCNY","24","100.0000","42101","Carbon monoxide","554","35620","New York-Newark-Jersey City, NY-NJ-PA","36","New York","061","New York","40.81976","-73.94825"
"04/15/2026","AQS","360610135","1","0.3","ppm","3","CCNY","24","100.0000","42101","Carbon monoxide","554","35620","New York-Newark-Jersey City, NY-NJ-PA","36","New York","061","New York","40.81976","-73.94825"
"04/16/2026","AQS","360610135","1","0.4","ppm","5","CCNY","24","100.0000","42101","Carbon monoxide","554","35620","New York-Newark-Jersey City, NY-NJ-PA","36","New York","061","New York","40.81976","-73.94825"
"04/17/2026","AQS","360610135","1","0.4","ppm","5","CCNY","24","100.0000","42101","Carbon monoxide","554","35620","New York-Newark-Jersey City, NY-NJ-PA","36","New York","061","New York","40.81976","-73.94825"
"04/18/2026","AQS","360610135","1","0.3","ppm","3","CCNY","24","100.0000","42101","Carbon monoxide","554","35620","New York-Newark-Jersey City, NY-NJ-PA","36","New York","061","New York","40.81976","-73.94825"
"04/19/2026","AQS","360610135","1","0.2","ppm","2","CCNY","24","100.0000","42101","Carbon monoxide","554","35620","New York-Newark-Jersey City, NY-NJ-PA","36","New York","061","New York","40.81976","-73.94825"
"04/20/2026","AQS","360610135","1","0.3","ppm","3","CCNY","24","100.0000","42101","Carbon monoxide","554","35620","New York-Newark-Jersey City, NY-NJ-PA","36","New York","061","New York","40.81976","-73.94825"
"04/21/2026","AQS","360610135","1","0.2","ppm","2","CCNY","24","100.0000","42101","Carbon monoxide","554","35620","New York-Newark-Jersey City, NY-NJ-PA","36","New York","061","New York","40.81976","-73.94825"
"04/22/2026","AQS","360610135","1","0.3","ppm","3","CCNY","24","100.0000","42101","Carbon monoxide","554","35620","New York-Newark-Jersey City, NY-NJ-PA","36","New York","061","New York","40.81976","-73.94825"
"04/23/2026","AQS","360610135","1","0.4","ppm","5","CCNY","24","100.0000","42101","Carbon monoxide","554","35620","New York-Newark-Jersey City, NY-NJ-PA","36","New York","061","New York","40.81976","-73.94825"
"04/24/2026","AQS","360610135","1","0.3","ppm","3","CCNY","24","100.0000","42101","Carbon monoxide","554","35620","New York-Newark-Jersey City, NY-NJ-PA","36","New York","061","New York","40.81976","-73.94825"
"04/25/2026","AQS","360610135","1","0.3","ppm","3","CCNY","24","100.0000","42101","Carbon monoxide","554","35620","New York-Newark-Jersey City, NY-NJ-PA","36","New York","061","New York","40.81976","-73.94825"
"04/26/2026","AQS","360610135","1","0.3","ppm","3","CCNY","24","100.0000","42101","Carbon monoxide","554","35620","New York-Newark-Jersey City, NY-NJ-PA","36","New York","061","New York","40.81976","-73.94825"
"04/27/2026","AQS","360610135","1","0.3","ppm","3","CCNY","24","100.0000","42101","Carbon monoxide","554","35620","New York-Newark-Jersey City, NY-NJ-PA","36","New York","061","New York","40.81976","-73.94825"
"04/28/2026","AQS","360610135","1","0.5","ppm","6","CCNY","24","100.0000","42101","Carbon monoxide","554","35620","New York-Newark-Jersey City, NY-NJ-PA","36","New York","061","New York","40.81976","-73.94825"
"04/29/2026","AQS","360610135","1","0.4","ppm","5","CCNY","24","100.0000","42101","Carbon monoxide","554","35620","New York-Newark-Jersey City, NY-NJ-PA","36","New York","061","New York","40.81976","-73.94825"
"04/30/2026","AQS","360610135","1","0.6","ppm","7","CCNY","24","100.0000","42101","Carbon monoxide","554","35620","New York-Newark-Jersey City, NY-NJ-PA","36","New York","061","New York","40.81976","-73.94825"
"05/01/2026","AQS","360610135","1","0.3","ppm","3","CCNY","24","100.0000","42101","Carbon monoxide","554","35620","New York-Newark-Jersey City, NY-NJ-PA","36","New York","061","New York","40.81976","-73.94825"
"05/02/2026","AQS","360610135","1","0.3","ppm","3","CCNY","24","100.0000","42101","Carbon monoxide","554","35620","New York-Newark-Jersey City, NY-NJ-PA","36","New York","061","New York","40.81976","-73.94825"
"05/03/2026","AQS","360610135","1","0.2","ppm","2","CCNY","24","100.0000","42101","Carbon monoxide","554","35620","New York-Newark-Jersey City, NY-NJ-PA","36","New York","061","New York","40.81976","-73.94825"
"05/04/2026","AQS","360610135","1","0.8","ppm","9","CCNY","24","100.0000","42101","Carbon monoxide","554","35620","New York-Newark-Jersey City, NY-NJ-PA","36","New York","061","New York","40.81976","-73.94825"
"05/05/2026","AQS","360610135","1","0.7","ppm","8","CCNY","24","100.0000","42101","Carbon monoxide","554","35620","New York-Newark-Jersey City, NY-NJ-PA","36","New York","061","New York","40.81976","-73.94825"
"05/06/2026","AQS","360610135","1","0.3","ppm","3","CCNY","24","100.0000","42101","Carbon monoxide","554","35620","New York-Newark-Jersey City, NY-NJ-PA","36","New York","061","New York","40.81976","-73.94825"
"05/07/2026","AQS","360610135","1","0.2","ppm","2","CCNY","24","100.0000","42101","Carbon monoxide","554","35620","New York-Newark-Jersey City, NY-NJ-PA","36","New York","061","New York","40.81976","-73.94825"
"05/08/2026","AQS","360610135","1","0.3","ppm","3","CCNY","24","100.0000","42101","Carbon monoxide","554","35620","New York-Newark-Jersey City, NY-NJ-PA","36","New York","061","New York","40.81976","-73.94825"
"05/09/2026","AQS","360610135","1","0.5","ppm","6","CCNY","24","100.0000","42101","Carbon monoxide","554","35620","New York-Newark-Jersey City, NY-NJ-PA","36","New York","061","New York","40.81976","-73.94825"
"05/10/2026","AQS","360610135","1","0.5","ppm","6","CCNY","24","100.0000","42101","Carbon monoxide","554","35620","New York-Newark-Jersey City, NY-NJ-PA","36","New York","061","New York","40.81976","-73.94825"
"05/11/2026","AQS","360610135","1","0.3","ppm","3","CCNY","18","75.0000","42101","Carbon monoxide","554","35620","New York-Newark-Jersey City, NY-NJ-PA","36","New York","061","New York","40.81976","-73.94825"
"05/12/2026","AQS","360610135","1","0.2","ppm","2","CCNY","6","25.0000","42101","Carbon monoxide","554","35620","New York-Newark-Jersey City, NY-NJ-PA","36","New York","061","New York","40.81976","-73.94825"
"05/14/2026","AQS","360610135","1","0.3","ppm","3","CCNY","20","83.0000","42101","Carbon monoxide","554","35620","New York-Newark-Jersey City, NY-NJ-PA","36","New York","061","New York","40.81976","-73.94825"
"05/15/2026","AQS","360610135","1","0.3","ppm","3","CCNY","24","100.0000","42101","Carbon monoxide","554","35620","New York-Newark-Jersey City, NY-NJ-PA","36","New York","061","New York","40.81976","-73.94825"
"05/16/2026","AQS","360610135","1","0.3","ppm","3","CCNY","24","100.0000","42101","Carbon monoxide","554","35620","New York-Newark-Jersey City, NY-NJ-PA","36","New York","061","New York","40.81976","-73.94825"
"05/17/2026","AQS","360610135","1","0.3","ppm","3","CCNY","24","100.0000","42101","Carbon monoxide","554","35620","New York-Newark-Jersey City, NY-NJ-PA","36","New York","061","New York","40.81976","-73.94825"
"05/18/2026","AQS","360610135","1","0.5","ppm","6","CCNY","24","100.0000","42101","Carbon monoxide","554","35620","New York-Newark-Jersey City, NY-NJ-PA","36","New York","061","New York","40.81976","-73.94825"
"05/19/2026","AQS","360610135","1","0.3","ppm","3","CCNY","24","100.0000","42101","Carbon monoxide","554","35620","New York-Newark-Jersey City, NY-NJ-PA","36","New York","061","New York","40.81976","-73.94825"
"05/20/2026","AQS","360610135","1","0.2","ppm","2","CCNY","24","100.0000","42101","Carbon monoxide","554","35620","New York-Newark-Jersey City, NY-NJ-PA","36","New York","061","New York","40.81976","-73.94825"
"05/21/2026","AQS","360610135","1","0.2","ppm","2","CCNY","24","100.0000","42101","Carbon monoxide","554","35620","New York-Newark-Jersey City, NY-NJ-PA","36","New York","061","New York","40.81976","-73.94825"
"05/22/2026","AQS","360610135","1","0.2","ppm","2","CCNY","24","100.0000","42101","Carbon monoxide","554","35620","New York-Newark-Jersey City, NY-NJ-PA","36","New York","061","New York","40.81976","-73.94825"
"05/23/2026","AQS","360610135","1","0.2","ppm","2","CCNY","24","100.0000","42101","Carbon monoxide","554","35620","New York-Newark-Jersey City, NY-NJ-PA","36","New York","061","New York","40.81976","-73.94825"
"05/24/2026","AQS","360610135","1","0.2","ppm","2","CCNY","24","100.0000","42101","Carbon monoxide","554","35620","New York-Newark-Jersey City, NY-NJ-PA","36","New York","061","New York","40.81976","-73.94825"
"05/25/2026","AQS","360610135","1","0.4","ppm","5","CCNY","24","100.0000","42101","Carbon monoxide","554","35620","New York-Newark-Jersey City, NY-NJ-PA","36","New York","061","New York","40.81976","-73.94825"
"05/26/2026","AQS","360610135","1","0.4","ppm","5","CCNY","24","100.0000","42101","Carbon monoxide","554","35620","New York-Newark-Jersey City, NY-NJ-PA","36","New York","061","New York","40.81976","-73.94825"
"05/27/2026","AQS","360610135","1","0.3","ppm","3","CCNY","24","100.0000","42101","Carbon monoxide","554","35620","New York-Newark-Jersey City, NY-NJ-PA","36","New York","061","New York","40.81976","-73.94825"
"05/28/2026","AQS","360610135","1","0.2","ppm","2","CCNY","24","100.0000","42101","Carbon monoxide","554","35620","New York-Newark-Jersey City, NY-NJ-PA","36","New York","061","New York","40.81976","-73.94825"
"05/29/2026","AQS","360610135","1","0.2","ppm","2","CCNY","24","100.0000","42101","Carbon monoxide","554","35620","New York-Newark-Jersey City, NY-NJ-PA","36","New York","061","New York","40.81976","-73.94825"
"05/30/2026","AQS","360610135","1","0.2","ppm","2","CCNY","24","100.0000","42101","Carbon monoxide","554","35620","New York-Newark-Jersey City, NY-NJ-PA","36","New York","061","New York","40.81976","-73.94825"
"05/31/2026","AQS","360610135","1","0.2","ppm","2","CCNY","24","100.0000","42101","Carbon monoxide","554","35620","New York-Newark-Jersey City, NY-NJ-PA","36","New York","061","New York","40.81976","-73.94825"
"06/01/2026","AQS","360610135","1","0.2","ppm","2","CCNY","24","100.0000","42101","Carbon monoxide","554","35620","New York-Newark-Jersey City, NY-NJ-PA","36","New York","061","New York","40.81976","-73.94825"
"06/02/2026","AQS","360610135","1","0.2","ppm","2","CCNY","24","100.0000","42101","Carbon monoxide","554","35620","New York-Newark-Jersey City, NY-NJ-PA","36","New York","061","New York","40.81976","-73.94825"
"06/03/2026","AQS","360610135","1","0.2","ppm","2","CCNY","24","100.0000","42101","Carbon monoxide","554","35620","New York-Newark-Jersey City, NY-NJ-PA","36","New York","061","New York","40.81976","-73.94825"
"06/04/2026","AQS","360610135","1","0.5","ppm","6","CCNY","24","100.0000","42101","Carbon monoxide","554","35620","New York-Newark-Jersey City, NY-NJ-PA","36","New York","061","New York","40.81976","-73.94825"
"06/05/2026","AQS","360610135","1","0.5","ppm","6","CCNY","24","100.0000","42101","Carbon monoxide","554","35620","New York-Newark-Jersey City, NY-NJ-PA","36","New York","061","New York","40.81976","-73.94825"
"06/06/2026","AQS","360610135","1","0.5","ppm","6","CCNY","24","100.0000","42101","Carbon monoxide","554","35620","New York-Newark-Jersey City, NY-NJ-PA","36","New York","061","New York","40.81976","-73.94825"
"06/07/2026","AQS","360610135","1","0.2","ppm","2","CCNY","24","100.0000","42101","Carbon monoxide","554","35620","New York-Newark-Jersey City, NY-NJ-PA","36","New York","061","New York","40.81976","-73.94825"
"06/08/2026","AQS","360610135","1","0.2","ppm","2","CCNY","24","100.0000","42101","Carbon monoxide","554","35620","New York-Newark-Jersey City, NY-NJ-PA","36","New York","061","New York","40.81976","-73.94825"
"06/09/2026","AQS","360610135","1","0.3","ppm","3","CCNY","24","100.0000","42101","Carbon monoxide","554","35620","New York-Newark-Jersey City, NY-NJ-PA","36","New York","061","New York","40.81976","-73.94825"
"06/10/2026","AQS","360610135","1","0.3","ppm","3","CCNY","24","100.0000","42101","Carbon monoxide","554","35620","New York-Newark-Jersey City, NY-NJ-PA","36","New York","061","New York","40.81976","-73.94825"
"06/11/2026","AQS","360610135","1","0.3","ppm","3","CCNY","24","100.0000","42101","Carbon monoxide","554","35620","New York-Newark-Jersey City, NY-NJ-PA","36","New York","061","New York","40.81976","-73.94825"
"06/12/2026","AQS","360610135","1","0.3","ppm","3","CCNY","24","100.0000","42101","Carbon monoxide","554","35620","New York-Newark-Jersey City, NY-NJ-PA","36","New York","061","New York","40.81976","-73.94825"
"06/13/2026","AQS","360610135","1","0.3","ppm","3","CCNY","24","100.0000","42101","Carbon monoxide","554","35620","New York-Newark-Jersey City, NY-NJ-PA","36","New York","061","New York","40.81976","-73.94825"
"06/14/2026","AQS","360610135","1","0.3","ppm","3","CCNY","24","100.0000","42101","Carbon monoxide","554","35620","New York-Newark-Jersey City, NY-NJ-PA","36","New York","061","New York","40.81976","-73.94825"
"06/15/2026","AQS","360610135","1","0.2","ppm","2","CCNY","24","100.0000","42101","Carbon monoxide","554","35620","New York-Newark-Jersey City, NY-NJ-PA","36","New York","061","New York","40.81976","-73.94825"
"06/16/2026","AQS","360610135","1","0.2","ppm","2","CCNY","24","100.0000","42101","Carbon monoxide","554","35620","New York-Newark-Jersey City, NY-NJ-PA","36","New York","061","New York","40.81976","-73.94825"
"06/17/2026","AQS","360610135","1","0.2","ppm","2","CCNY","20","83.0000","42101","Carbon monoxide","554","35620","New York-Newark-Jersey City, NY-NJ-PA","36","New York","061","New York","40.81976","-73.94825"
"06/18/2026","AQS","360610135","1","0.3","ppm","3","CCNY","24","100.0000","42101","Carbon monoxide","554","35620","New York-Newark-Jersey City, NY-NJ-PA","36","New York","061","New York","40.81976","-73.94825"
"06/19/2026","AQS","360610135","1","0.1","ppm","1","CCNY","24","100.0000","42101","Carbon monoxide","554","35620","New York-Newark-Jersey City, NY-NJ-PA","36","New York","061","New York","40.81976","-73.94825"
"06/20/2026","AQS","360610135","1","0.1","ppm","1","CCNY","24","100.0000","42101","Carbon monoxide","554","35620","New York-Newark-Jersey City, NY-NJ-PA","36","New York","061","New York","40.81976","-73.94825"
"06/21/2026","AQS","360610135","1","0.3","ppm","3","CCNY","24","100.0000","42101","Carbon monoxide","554","35620","New York-Newark-Jersey City, NY-NJ-PA","36","New York","061","New York","40.81976","-73.94825"
"06/22/2026","AQS","360610135","1","0.4","ppm","5","CCNY","24","100.0000","42101","Carbon monoxide","554","35620","New York-Newark-Jersey City, NY-NJ-PA","36","New York","061","New York","40.81976","-73.94825"
"06/23/2026","AQS","360610135","1","0.3","ppm","3","CCNY","24","100.0000","42101","Carbon monoxide","554","35620","New York-Newark-Jersey City, NY-NJ-PA","36","New York","061","New York","40.81976","-73.94825"
"06/24/2026","AQS","360610135","1","0.3","ppm","3","CCNY","15","63.0000","42101","Carbon monoxide","554","35620","New York-Newark-Jersey City, NY-NJ-PA","36","New York","061","New York","40.81976","-73.94825"
"06/25/2026","AQS","360610135","1","0.3","ppm","3","CCNY","24","100.0000","42101","Carbon monoxide","554","35620","New York-Newark-Jersey City, NY-NJ-PA","36","New York","061","New York","40.81976","-73.94825"
"06/26/2026","AQS","360610135","1","0.3","ppm","3","CCNY","24","100.0000","42101","Carbon monoxide","554","35620","New York-Newark-Jersey City, NY-NJ-PA","36","New York","061","New York","40.81976","-73.94825"
"06/27/2026","AQS","360610135","1","0.4","ppm","5","CCNY","24","100.0000","42101","Carbon monoxide","554","35620","New York-Newark-Jersey City, NY-NJ-PA","36","New York","061","New York","40.81976","-73.94825"
"06/28/2026","AQS","360610135","1","0.5","ppm","6","CCNY","24","100.0000","42101","Carbon monoxide","554","35620","New York-Newark-Jersey City, NY-NJ-PA","36","New York","061","New York","40.81976","-73.94825"
"06/29/2026","AQS","360610135","1","0.3","ppm","3","CCNY","24","100.0000","42101","Carbon monoxide","554","35620","New York-Newark-Jersey City, NY-NJ-PA","36","New York","061","New York","40.81976","-73.94825"
"06/30/2026","AQS","360610135","1","0.3","ppm","3","CCNY","24","100.0000","42101","Carbon monoxide","554","35620","New York-Newark-Jersey City, NY-NJ-PA","36","New York","061","New York","40.81976","-73.94825"
"07/01/2026","AQS","360610135","1","0.2","ppm","2","CCNY","2","8.0000","42101","Carbon monoxide","554","35620","New York-Newark-Jersey City, NY-NJ-PA","36","New York","061","New York","40.81976","-73.94825"
"01/01/2026","AQS","360810124","1","0.2","ppm","2","QUEENS COLLEGE 2","19","79.0000","42101","Carbon monoxide","554","35620","New York-Newark-Jersey City, NY-NJ-PA","36","New York","081","Queens","40.73614","-73.82153"
"01/02/2026","AQS","360810124","1","0.2","ppm","2","QUEENS COLLEGE 2","24","100.0000","42101","Carbon monoxide","554","35620","New York-Newark-Jersey City, NY-NJ-PA","36","New York","081","Queens","40.73614","-73.82153"
"01/03/2026","AQS","360810124","1","0.2","ppm","2","QUEENS COLLEGE 2","24","100.0000","42101","Carbon monoxide","554","35620","New York-Newark-Jersey City, NY-NJ-PA","36","New York","081","Queens","40.73614","-73.82153"
"01/04/2026","AQS","360810124","1","0.2","ppm","2","QUEENS COLLEGE 2","24","100.0000","42101","Carbon monoxide","554","35620","New York-Newark-Jersey City, NY-NJ-PA","36","New York","081","Queens","40.73614","-73.82153"
"01/05/2026","AQS","360810124","1","0.3","ppm","3","QUEENS COLLEGE 2","24","100.0000","42101","Carbon monoxide","554","35620","New York-Newark-Jersey City, NY-NJ-PA","36","New York","081","Queens","40.73614","-73.82153"
"01/06/2026","AQS","360810124","1","0.8","ppm","9","QUEENS COLLEGE 2","18","75.0000","42101","Carbon monoxide","554","35620","New York-Newark-Jersey City, NY-NJ-PA","36","New York","081","Queens","40.73614","-73.82153"
"01/07/2026","AQS","360810124","1","0.4","ppm","5","QUEENS COLLEGE 2","24","100.0000","42101","Carbon monoxide","554","35620","New York-Newark-Jersey City, NY-NJ-PA","36","New York","081","Queens","40.73614","-73.82153"
"01/08/2026","AQS","360810124","1","0.6","ppm","7","QUEENS COLLEGE 2","24","100.0000","42101","Carbon monoxide","554","35620","New York-Newark-Jersey City, NY-NJ-PA","36","New York","081","Queens","40.73614","-73.82153"
"01/09/2026","AQS","360810124","1","0.8","ppm","9","QUEENS COLLEGE 2","24","100.0000","42101","Carbon monoxide","554","35620","New York-Newark-Jersey City, NY-NJ-PA","36","New York","081","Queens","40.73614","-73.82153"
"01/10/2026","AQS","360810124","1","0.2","ppm","2","QUEENS COLLEGE 2","24","100.0000","42101","Carbon monoxide","554","35620","New York-Newark-Jersey City, NY-NJ-PA","36","New York","081","Queens","40.73614","-73.82153"
"01/11/2026","AQS","360810124","1","0.3","ppm","3","QUEENS COLLEGE 2","24","100.0000","42101","Carbon monoxide","554","35620","New York-Newark-Jersey City, NY-NJ-PA","36","New York","081","Queens","40.73614","-73.82153"
"01/12/2026","AQS","360810124","1","0.2","ppm","2","QUEENS COLLEGE 2","24","100.0000","42101","Carbon monoxide","554","35620","New York-Newark-Jersey City, NY-NJ-PA","36","New York","081","Queens","40.73614","-73.82153"
"01/13/2026","AQS","360810124","1","0.3","ppm","3","QUEENS COLLEGE 2","24","100.0000","42101","Carbon monoxide","554","35620","New York-Newark-Jersey City, NY-NJ-PA","36","New York","081","Queens","40.73614","-73.82153"
"01/14/2026","AQS","360810124","1","0.3","ppm","3","QUEENS COLLEGE 2","24","100.0000","42101","Carbon monoxide","554","35620","New York-Newark-Jersey City, NY-NJ-PA","36","New York","081","Queens","40.73614","-73.82153"
"01/15/2026","AQS","360810124","1","0.3","ppm","3","QUEENS COLLEGE 2","24","100.0000","42101","Carbon monoxide","554","35620","New York-Newark-Jersey City, NY-NJ-PA","36","New York","081","Queens","40.73614","-73.82153"
"01/16/2026","AQS","360810124","1","0.2","ppm","2","QUEENS COLLEGE 2","24","100.0000","42101","Carbon monoxide","554","35620","New York-Newark-Jersey City, NY-NJ-PA","36","New York","081","Queens","40.73614","-73.82153"
"01/17/2026","AQS","360810124","1","0.4","ppm","5","QUEENS COLLEGE 2","24","100.0000","42101","Carbon monoxide","554","35620","New York-Newark-Jersey City, NY-NJ-PA","36","New York","081","Queens","40.73614","-73.82153"
"01/18/2026","AQS","360810124","1","0.8","ppm","9","QUEENS COLLEGE 2","24","100.0000","42101","Carbon monoxide","554","35620","New York-Newark-Jersey City, NY-NJ-PA","36","New York","081","Queens","40.73614","-73.82153"
"01/19/2026","AQS","360810124","1","0.2","ppm","2","QUEENS COLLEGE 2","24","100.0000","42101","Carbon monoxide","554","35620","New York-Newark-Jersey City, NY-NJ-PA","36","New York","081","Queens","40.73614","-73.82153"
"01/20/2026","AQS","360810124","1","0.2","ppm","2","QUEENS COLLEGE 2","24","100.0000","42101","Carbon monoxide","554","35620","New York-Newark-Jersey City, NY-NJ-PA","36","New York","081","Queens","40.73614","-73.82153"
"01/21/2026","AQS","360810124","1","0.3","ppm","3","QUEENS COLLEGE 2","16","67.0000","42101","Carbon monoxide","554","35620","New York-Newark-Jersey City, NY-NJ-PA","36","New York","081","Queens","40.73614","-73.82153"
"01/22/2026","AQS","360810124","1","0.3","ppm","3","QUEENS COLLEGE 2","4","17.0000","42101","Carbon monoxide","554","35620","New York-Newark-Jersey City, NY-NJ-PA","36","New York","081","Queens","40.73614","-73.82153"
"01/23/2026","AQS","360810124","1","0.2","ppm","2","QUEENS COLLEGE 2","18","75.0000","42101","Carbon monoxide","554","35620","New York-Newark-Jersey City, NY-NJ-PA","36","New York","081","Queens","40.73614","-73.82153"
"01/24/2026","AQS","360810124","1","0.2","ppm","2","QUEENS COLLEGE 2","24","100.0000","42101","Carbon monoxide","554","35620","New York-Newark-Jersey City, NY-NJ-PA","36","New York","081","Queens","40.73614","-73.82153"
"01/25/2026","AQS","360810124","1","0.2","ppm","2","QUEENS COLLEGE 2","24","100.0000","42101","Carbon monoxide","554","35620","New York-Newark-Jersey City, NY-NJ-PA","36","New York","081","Queens","40.73614","-73.82153"
"01/26/2026","AQS","360810124","1","0.3","ppm","3","QUEENS COLLEGE 2","24","100.0000","42101","Carbon monoxide","554","35620","New York-Newark-Jersey City, NY-NJ-PA","36","New York","081","Queens","40.73614","-73.82153"
"01/27/2026","AQS","360810124","1","0.2","ppm","2","QUEENS COLLEGE 2","24","100.0000","42101","Carbon monoxide","554","35620","New York-Newark-Jersey City, NY-NJ-PA","36","New York","081","Queens","40.73614","-73.82153"
"01/28/2026","AQS","360810124","1","0.3","ppm","3","QUEENS COLLEGE 2","24","100.0000","42101","Carbon monoxide","554","35620","New York-Newark-Jersey City, NY-NJ-PA","36","New York","081","Queens","40.73614","-73.82153"
"01/29/2026","AQS","360810124","1","0.3","ppm","3","QUEENS COLLEGE 2","24","100.0000","42101","Carbon monoxide","554","35620","New York-Newark-Jersey City, NY-NJ-PA","36","New York","081","Queens","40.73614","-73.82153"
"01/30/2026","AQS","360810124","1","0.2","ppm","2","QUEENS COLLEGE 2","24","100.0000","42101","Carbon monoxide","554","35620","New York-Newark-Jersey City, NY-NJ-PA","36","New York","081","Queens","40.73614","-73.82153"
"01/31/2026","AQS","360810124","1","0.3","ppm","3","QUEENS COLLEGE 2","24","100.0000","42101","Carbon monoxide","554","35620","New York-Newark-Jersey City, NY-NJ-PA","36","New York","081","Queens","40.73614","-73.82153"
"02/01/2026","AQS","360810124","1","0.2","ppm","2","QUEENS COLLEGE 2","24","100.0000","42101","Carbon monoxide","554","35620","New York-Newark-Jersey City, NY-NJ-PA","36","New York","081","Queens","40.73614","-73.82153"
"02/02/2026","AQS","360810124","1","0.3","ppm","3","QUEENS COLLEGE 2","24","100.0000","42101","Carbon monoxide","554","35620","New York-Newark-Jersey City, NY-NJ-PA","36","New York","081","Queens","40.73614","-73.82153"
"02/03/2026","AQS","360810124","1","0.4","ppm","5","QUEENS COLLEGE 2","24","100.0000","42101","Carbon monoxide","554","35620","New York-Newark-Jersey City, NY-NJ-PA","36","New York","081","Queens","40.73614","-73.82153"
"02/04/2026","AQS","360810124","1","0.3","ppm","3","QUEENS COLLEGE 2","24","100.0000","42101","Carbon monoxide","554","35620","New York-Newark-Jersey City, NY-NJ-PA","36","New York","081","Queens","40.73614","-73.82153"
"02/05/2026","AQS","360810124","1","0.3","ppm","3","QUEENS COLLEGE 2","24","100.0000","42101","Carbon monoxide","554","35620","New York-Newark-Jersey City, NY-NJ-PA","36","New York","081","Queens","40.73614","-73.82153"
"02/06/2026","AQS","360810124","1","0.4","ppm","5","QUEENS COLLEGE 2","24","100.0000","42101","Carbon monoxide","554","35620","New York-Newark-Jersey City, NY-NJ-PA","36","New York","081","Queens","40.73614","-73.82153"
"02/07/2026","AQS","360810124","1","0.3","ppm","3","QUEENS COLLEGE 2","24","100.0000","42101","Carbon monoxide","554","35620","New York-Newark-Jersey City, NY-NJ-PA","36","New York","081","Queens","40.73614","-73.82153"
"02/08/2026","AQS","360810124","1","0.2","ppm","2","QUEENS COLLEGE 2","24","100.0000","42101","Carbon monoxide","554","35620","New York-Newark-Jersey City, NY-NJ-PA","36","New York","081","Queens","40.73614","-73.82153"
"02/09/2026","AQS","360810124","1","0.3","ppm","3","QUEENS COLLEGE 2","24","100.0000","42101","Carbon monoxide","554","35620","New York-Newark-Jersey City, NY-NJ-PA","36","New York","081","Queens","40.73614","-73.82153"
"02/10/2026","AQS","360810124","1","0.5","ppm","6","QUEENS COLLEGE 2","24","100.0000","42101","Carbon monoxide","554","35620","New York-Newark-Jersey City, NY-NJ-PA","36","New York","081","Queens","40.73614","-73.82153"
"02/11/2026","AQS","360810124","1","0.6","ppm","7","QUEENS COLLEGE 2","24","100.0000","42101","Carbon monoxide","554","35620","New York-Newark-Jersey City, NY-NJ-PA","36","New York","081","Queens","40.73614","-73.82153"
"02/12/2026","AQS","360810124","1","0.2","ppm","2","QUEENS COLLEGE 2","24","100.0000","42101","Carbon monoxide","554","35620","New York-Newark-Jersey City, NY-NJ-PA","36","New York","081","Queens","40.73614","-73.82153"
"02/13/2026","AQS","360810124","1","0.3","ppm","3","QUEENS COLLEGE 2","24","100.0000","42101","Carbon monoxide","554","35620","New York-Newark-Jersey City, NY-NJ-PA","36","New York","081","Queens","40.73614","-73.82153"
"02/14/2026","AQS","360810124","1","0.5","ppm","6","QUEENS COLLEGE 2","24","100.0000","42101","Carbon monoxide","554","35620","New York-Newark-Jersey City, NY-NJ-PA","36","New York","081","Queens","40.73614","-73.82153"
"02/15/2026","AQS","360810124","1","1.3","ppm","15","QUEENS COLLEGE 2","24","100.0000","42101","Carbon monoxide","554","35620","New York-Newark-Jersey City, NY-NJ-PA","36","New York","081","Queens","40.73614","-73.82153"
"02/16/2026","AQS","360810124","1","0.5","ppm","6","QUEENS COLLEGE 2","24","100.0000","42101","Carbon monoxide","554","35620","New York-Newark-Jersey City, NY-NJ-PA","36","New York","081","Queens","40.73614","-73.82153"
"02/17/2026","AQS","360810124","1","0.7","ppm","8","QUEENS COLLEGE 2","24","100.0000","42101","Carbon monoxide","554","35620","New York-Newark-Jersey City, NY-NJ-PA","36","New York","081","Queens","40.73614","-73.82153"
"02/18/2026","AQS","360810124","1","0.7","ppm","8","QUEENS COLLEGE 2","24","100.0000","42101","Carbon monoxide","554","35620","New York-Newark-Jersey City, NY-NJ-PA","36","New York","081","Queens","40.73614","-73.82153"
"02/19/2026","AQS","360810124","1","0.7","ppm","8","QUEENS COLLEGE 2","24","100.0000","42101","Carbon monoxide","554","35620","New York-Newark-Jersey City, NY-NJ-PA","36","New York","081","Queens","40.73614","-73.82153"
"02/20/2026","AQS","360810124","1","0.3","ppm","3","QUEENS COLLEGE 2","24","100.0000","42101","Carbon monoxide","554","35620","New York-Newark-Jersey City, NY-NJ-PA","36","New York","081","Queens","40.73614","-73.82153"
"02/21/2026","AQS","360810124","1","0.4","ppm","5","QUEENS COLLEGE 2","24","100.0000","42101","Carbon monoxide","554","35620","New York-Newark-Jersey City, NY-NJ-PA","36","New York","081","Queens","40.73614","-73.82153"
"02/22/2026","AQS","360810124","1","0.3","ppm","3","QUEENS COLLEGE 2","24","100.0000","42101","Carbon monoxide","554","35620","New York-Newark-Jersey City, NY-NJ-PA","36","New York","081","Queens","40.73614","-73.82153"
"02/23/2026","AQS","360810124","1","0.2","ppm","2","QUEENS COLLEGE 2","24","100.0000","42101","Carbon monoxide","554","35620","New York-Newark-Jersey City, NY-NJ-PA","36","New York","081","Queens","40.73614","-73.82153"
"02/24/2026","AQS","360810124","1","0.3","ppm","3","QUEENS COLLEGE 2","24","100.0000","42101","Carbon monoxide","554","35620","New York-Newark-Jersey City, NY-NJ-PA","36","New York","081","Queens","40.73614","-73.82153"
"02/25/2026","AQS","360810124","1","0.4","ppm","5","QUEENS COLLEGE 2","24","100.0000","42101","Carbon monoxide","554","35620","New York-Newark-Jersey City, NY-NJ-PA","36","New York","081","Queens","40.73614","-73.82153"
"02/26/2026","AQS","360810124","1","0.7","ppm","8","QUEENS COLLEGE 2","24","100.0000","42101","Carbon monoxide","554","35620","New York-Newark-Jersey City, NY-NJ-PA","36","New York","081","Queens","40.73614","-73.82153"
"02/27/2026","AQS","360810124","1","0.5","ppm","6","QUEENS COLLEGE 2","24","100.0000","42101","Carbon monoxide","554","35620","New York-Newark-Jersey City, NY-NJ-PA","36","New York","081","Queens","40.73614","-73.82153"
"02/28/2026","AQS","360810124","1","0.7","ppm","8","QUEENS COLLEGE 2","24","100.0000","42101","Carbon monoxide","554","35620","New York-Newark-Jersey City, NY-NJ-PA","36","New York","081","Queens","40.73614","-73.82153"
"03/01/2026","AQS","360810124","1","0.6","ppm","7","QUEENS COLLEGE 2","24","100.0000","42101","Carbon monoxide","554","35620","New York-Newark-Jersey City, NY-NJ-PA","36","New York","081","Queens","40.73614","-73.82153"
"03/02/2026","AQS","360810124","1","0.2","ppm","2","QUEENS COLLEGE 2","24","100.0000","42101","Carbon monoxide","554","35620","New York-Newark-Jersey City, NY-NJ-PA","36","New York","081","Queens","40.73614","-73.82153"
"03/03/2026","AQS","360810124","1","0.3","ppm","3","QUEENS COLLEGE 2","24","100.0000","42101","Carbon monoxide","554","35620","New York-Newark-Jersey City, NY-NJ-PA","36","New York","081","Queens","40.73614","-73.82153"
"03/04/2026","AQS","360810124","1","0.7","ppm","8","QUEENS COLLEGE 2","24","100.0000","42101","Carbon monoxide","554","35620","New York-Newark-Jersey City, NY-NJ-PA","36","New York","081","Queens","40.73614","-73.82153"
"03/05/2026","AQS","360810124","1","0.7","ppm","8","QUEENS COLLEGE 2","24","100.0000","42101","Carbon monoxide","554","35620","New York-Newark-Jersey City, NY-NJ-PA","36","New York","081","Queens","40.73614","-73.82153"
"03/06/2026","AQS","360810124","1","0.4","ppm","5","QUEENS COLLEGE 2","24","100.0000","42101","Carbon monoxide","554","35620","New York-Newark-Jersey City, NY-NJ-PA","36","New York","081","Queens","40.73614","-73.82153"
"03/07/2026","AQS","360810124","1","0.4","ppm","5","QUEENS COLLEGE 2","24","100.0000","42101","Carbon monoxide","554","35620","New York-Newark-Jersey City, NY-NJ-PA","36","New York","081","Queens","40.73614","-73.82153"
"03/08/2026","AQS","360810124","1","0.5","ppm","6","QUEENS COLLEGE 2","24","100.0000","42101","Carbon monoxide","554","35620","New York-Newark-Jersey City, NY-NJ-PA","36","New York","081","Queens","40.73614","-73.82153"
"03/09/2026","AQS","360810124","1","0.6","ppm","7","QUEENS COLLEGE 2","16","67.0000","42101","Carbon monoxide","554","35620","New York-Newark-Jersey City, NY-NJ-PA","36","New York","081","Queens","40.73614","-73.82153"
"03/10/2026","AQS","360810124","1","0.7","ppm","8","QUEENS COLLEGE 2","24","100.0000","42101","Carbon monoxide","554","35620","New York-Newark-Jersey City, NY-NJ-PA","36","New York","081","Queens","40.73614","-73.82153"
"03/11/2026","AQS","360810124","1","0.4","ppm","5","QUEENS COLLEGE 2","24","100.0000","42101","Carbon monoxide","554","35620","New York-Newark-Jersey City, NY-NJ-PA","36","New York","081","Queens","40.73614","-73.82153"
"03/12/2026","AQS","360810124","1","0.4","ppm","5","QUEENS COLLEGE 2","24","100.0000","42101","Carbon monoxide","554","35620","New York-Newark-Jersey City, NY-NJ-PA","36","New York","081","Queens","40.73614","-73.82153"
"03/13/2026","AQS","360810124","1","0.2","ppm","2","QUEENS COLLEGE 2","24","100.0000","42101","Carbon monoxide","554","35620","New York-Newark-Jersey City, NY-NJ-PA","36","New York","081","Queens","40.73614","-73.82153"
"03/14/2026","AQS","360810124","1","0.3","ppm","3","QUEENS COLLEGE 2","24","100.0000","42101","Carbon monoxide","554","35620","New York-Newark-Jersey City, NY-NJ-PA","36","New York","081","Queens","40.73614","-73.82153"
"03/15/2026","AQS","360810124","1","0.2","ppm","2","QUEENS COLLEGE 2","24","100.0000","42101","Carbon monoxide","554","35620","New York-Newark-Jersey City, NY-NJ-PA","36","New York","081","Queens","40.73614","-73.82153"
"03/16/2026","AQS","360810124","1","0.2","ppm","2","QUEENS COLLEGE 2","24","100.0000","42101","Carbon monoxide","554","35620","New York-Newark-Jersey City, NY-NJ-PA","36","New York","081","Queens","40.73614","-73.82153"
"03/17/2026","AQS","360810124","1","0.2","ppm","2","QUEENS COLLEGE 2","24","100.0000","42101","Carbon monoxide","554","35620","New York-Newark-Jersey City, NY-NJ-PA","36","New York","081","Queens","40.73614","-73.82153"
"03/18/2026","AQS","360810124","1","0.2","ppm","2","QUEENS COLLEGE 2","24","100.0000","42101","Carbon monoxide","554","35620","New York-Newark-Jersey City, NY-NJ-PA","36","New York","081","Queens","40.73614","-73.82153"
"03/19/2026","AQS","360810124","1","0.3","ppm","3","QUEENS COLLEGE 2","24","100.0000","42101","Carbon monoxide","554","35620","New York-Newark-Jersey City, NY-NJ-PA","36","New York","081","Queens","40.73614","-73.82153"
"03/20/2026","AQS","360810124","1","0.4","ppm","5","QUEENS COLLEGE 2","24","100.0000","42101","Carbon monoxide","554","35620","New York-Newark-Jersey City, NY-NJ-PA","36","New York","081","Queens","40.73614","-73.82153"
"03/21/2026","AQS","360810124","1","0.4","ppm","5","QUEENS COLLEGE 2","24","100.0000","42101","Carbon monoxide","554","35620","New York-Newark-Jersey City, NY-NJ-PA","36","New York","081","Queens","40.73614","-73.82153"
"03/22/2026","AQS","360810124","1","0.3","ppm","3","QUEENS COLLEGE 2","24","100.0000","42101","Carbon monoxide","554","35620","New York-Newark-Jersey City, NY-NJ-PA","36","New York","081","Queens","40.73614","-73.82153"
"03/23/2026","AQS","360810124","1","0.3","ppm","3","QUEENS COLLEGE 2","24","100.0000","42101","Carbon monoxide","554","35620","New York-Newark-Jersey City, NY-NJ-PA","36","New York","081","Queens","40.73614","-73.82153"
"03/24/2026","AQS","360810124","1","0.3","ppm","3","QUEENS COLLEGE 2","24","100.0000","42101","Carbon monoxide","554","35620","New York-Newark-Jersey City, NY-NJ-PA","36","New York","081","Queens","40.73614","-73.82153"
"03/25/2026","AQS","360810124","1","0.5","ppm","6","QUEENS COLLEGE 2","24","100.0000","42101","Carbon monoxide","554","35620","New York-Newark-Jersey City, NY-NJ-PA","36","New York","081","Queens","40.73614","-73.82153"
"03/26/2026","AQS","360810124","1","0.3","ppm","3","QUEENS COLLEGE 2","24","100.0000","42101","Carbon monoxide","554","35620","New York-Newark-Jersey City, NY-NJ-PA","36","New York","081","Queens","40.73614","-73.82153"
"03/27/2026","AQS","360810124","1","0.3","ppm","3","QUEENS COLLEGE 2","24","100.0000","42101","Carbon monoxide","554","35620","New York-Newark-Jersey City, NY-NJ-PA","36","New York","081","Queens","40.73614","-73.82153"
"03/28/2026","AQS","360810124","1","0.2","ppm","2","QUEENS COLLEGE 2","24","100.0000","42101","Carbon monoxide","554","35620","New York-Newark-Jersey City, NY-NJ-PA","36","New York","081","Queens","40.73614","-73.82153"
"03/29/2026","AQS","360810124","1","0.5","ppm","6","QUEENS COLLEGE 2","24","100.0000","42101","Carbon monoxide","554","35620","New York-Newark-Jersey City, NY-NJ-PA","36","New York","081","Queens","40.73614","-73.82153"
"03/30/2026","AQS","360810124","1","0.3","ppm","3","QUEENS COLLEGE 2","24","100.0000","42101","Carbon monoxide","554","35620","New York-Newark-Jersey City, NY-NJ-PA","36","New York","081","Queens","40.73614","-73.82153"
"03/31/2026","AQS","360810124","1","0.3","ppm","3","QUEENS COLLEGE 2","24","100.0000","42101","Carbon monoxide","554","35620","New York-Newark-Jersey City, NY-NJ-PA","36","New York","081","Queens","40.73614","-73.82153"
"04/01/2026","AQS","360810124","1","0.3","ppm","3","QUEENS COLLEGE 2","24","100.0000","42101","Carbon monoxide","554","35620","New York-Newark-Jersey City, NY-NJ-PA","36","New York","081","Queens","40.73614","-73.82153"
"04/02/2026","AQS","360810124","1","0.2","ppm","2","QUEENS COLLEGE 2","24","100.0000","42101","Carbon monoxide","554","35620","New York-Newark-Jersey City, NY-NJ-PA","36","New York","081","Queens","40.73614","-73.82153"
"04/03/2026","AQS","360810124","1","0.4","ppm","5","QUEENS COLLEGE 2","24","100.0000","42101","Carbon monoxide","554","35620","New York-Newark-Jersey City, NY-NJ-PA","36","New York","081","Queens","40.73614","-73.82153"
"04/04/2026","AQS","360810124","1","0.6","ppm","7","QUEENS COLLEGE 2","24","100.0000","42101","Carbon monoxide","554","35620","New York-Newark-Jersey City, NY-NJ-PA","36","New York","081","Queens","40.73614","-73.82153"
"04/05/2026","AQS","360810124","1","0.4","ppm","5","QUEENS COLLEGE 2","24","100.0000","42101","Carbon monoxide","554","35620","New York-Newark-Jersey City, NY-NJ-PA","36","New York","081","Queens","40.73614","-73.82153"
"04/06/2026","AQS","360810124","1","0.3","ppm","3","QUEENS COLLEGE 2","24","100.0000","42101","Carbon monoxide","554","35620","New York-Newark-Jersey City, NY-NJ-PA","36","New York","081","Queens","40.73614","-73.82153"
"04/07/2026","AQS","360810124","1","0.3","ppm","3","QUEENS COLLEGE 2","24","100.0000","42101","Carbon monoxide","554","35620","New York-Newark-Jersey City, NY-NJ-PA","36","New York","081","Queens","40.73614","-73.82153"
"04/08/2026","AQS","360810124","1","0.2","ppm","2","QUEENS COLLEGE 2","24","100.0000","42101","Carbon monoxide","554","35620","New York-Newark-Jersey City, NY-NJ-PA","36","New York","081","Queens","40.73614","-73.82153"
"04/09/2026","AQS","360810124","1","0.4","ppm","5","QUEENS COLLEGE 2","24","100.0000","42101","Carbon monoxide","554","35620","New York-Newark-Jersey City, NY-NJ-PA","36","New York","081","Queens","40.73614","-73.82153"
"04/10/2026","AQS","360810124","1","0.3","ppm","3","QUEENS COLLEGE 2","24","100.0000","42101","Carbon monoxide","554","35620","New York-Newark-Jersey City, NY-NJ-PA","36","New York","081","Queens","40.73614","-73.82153"
"04/11/2026","AQS","360810124","1","0.3","ppm","3","QUEENS COLLEGE 2","24","100.0000","42101","Carbon monoxide","554","35620","New York-Newark-Jersey City, NY-NJ-PA","36","New York","081","Queens","40.73614","-73.82153"
"04/12/2026","AQS","360810124","1","0.2","ppm","2","QUEENS COLLEGE 2","24","100.0000","42101","Carbon monoxide","554","35620","New York-Newark-Jersey City, NY-NJ-PA","36","New York","081","Queens","40.73614","-73.82153"
"04/13/2026","AQS","360810124","1","0.3","ppm","3","QUEENS COLLEGE 2","24","100.0000","42101","Carbon monoxide","554","35620","New York-Newark-Jersey City, NY-NJ-PA","36","New York","081","Queens","40.73614","-73.82153"
"04/14/2026","AQS","360810124","1","0.4","ppm","5","QUEENS COLLEGE 2","24","100.0000","42101","Carbon monoxide","554","35620","New York-Newark-Jersey City, NY-NJ-PA","36","New York","081","Queens","40.73614","-73.82153"
"04/15/2026","AQS","360810124","1","0.4","ppm","5","QUEENS COLLEGE 2","24","100.0000","42101","Carbon monoxide","554","35620","New York-Newark-Jersey City, NY-NJ-PA","36","New York","081","Queens","40.73614","-73.82153"
"04/16/2026","AQS","360810124","1","0.4","ppm","5","QUEENS COLLEGE 2","24","100.0000","42101","Carbon monoxide","554","35620","New York-Newark-Jersey City, NY-NJ-PA","36","New York","081","Queens","40.73614","-73.82153"
"04/17/2026","AQS","360810124","1","0.3","ppm","3","QUEENS COLLEGE 2","24","100.0000","42101","Carbon monoxide","554","35620","New York-Newark-Jersey City, NY-NJ-PA","36","New York","081","Queens","40.73614","-73.82153"
"04/18/2026","AQS","360810124","1","0.2","ppm","2","QUEENS COLLEGE 2","24","100.0000","42101","Carbon monoxide","554","35620","New York-Newark-Jersey City, NY-NJ-PA","36","New York","081","Queens","40.73614","-73.82153"
"04/19/2026","AQS","360810124","1","0.2","ppm","2","QUEENS COLLEGE 2","24","100.0000","42101","Carbon monoxide","554","35620","New York-Newark-Jersey City, NY-NJ-PA","36","New York","081","Queens","40.73614","-73.82153"
"04/20/2026","AQS","360810124","1","0.3","ppm","3","QUEENS COLLEGE 2","18","75.0000","42101","Carbon monoxide","554","35620","New York-Newark-Jersey City, NY-NJ-PA","36","New York","081","Queens","40.73614","-73.82153"
"04/21/2026","AQS","360810124","1","0.2","ppm","2","QUEENS COLLEGE 2","24","100.0000","42101","Carbon monoxide","554","35620","New York-Newark-Jersey City, NY-NJ-PA","36","New York","081","Queens","40.73614","-73.82153"
"04/22/2026","AQS","360810124","1","0.2","ppm","2","QUEENS COLLEGE 2","24","100.0000","42101","Carbon monoxide","554","35620","New York-Newark-Jersey City, NY-NJ-PA","36","New York","081","Queens","40.73614","-73.82153"
"04/23/2026","AQS","360810124","1","0.4","ppm","5","QUEENS COLLEGE 2","24","100.0000","42101","Carbon monoxide","554","35620","New York-Newark-Jersey City, NY-NJ-PA","36","New York","081","Queens","40.73614","-73.82153"
"04/24/2026","AQS","360810124","1","0.2","ppm","2","QUEENS COLLEGE 2","24","100.0000","42101","Carbon monoxide","554","35620","New York-Newark-Jersey City, NY-NJ-PA","36","New York","081","Queens","40.73614","-73.82153"
"04/25/2026","AQS","360810124","1","0.2","ppm","2","QUEENS COLLEGE 2","24","100.0000","42101","Carbon monoxide","554","35620","New York-Newark-Jersey City, NY-NJ-PA","36","New York","081","Queens","40.73614","-73.82153"
"04/26/2026","AQS","360810124","1","0.2","ppm","2","QUEENS COLLEGE 2","24","100.0000","42101","Carbon monoxide","554","35620","New York-Newark-Jersey City, NY-NJ-PA","36","New York","081","Queens","40.73614","-73.82153"
"04/27/2026","AQS","360810124","1","0.4","ppm","5","QUEENS COLLEGE 2","24","100.0000","42101","Carbon monoxide","554","35620","New York-Newark-Jersey City, NY-NJ-PA","36","New York","081","Queens","40.73614","-73.82153"
"04/28/2026","AQS","360810124","1","0.5","ppm","6","QUEENS COLLEGE 2","24","100.0000","42101","Carbon monoxide","554","35620","New York-Newark-Jersey City, NY-NJ-PA","36","New York","081","Queens","40.73614","-73.82153"
"04/29/2026","AQS","360810124","1","0.2","ppm","2","QUEENS COLLEGE 2","24","100.0000","42101","Carbon monoxide","554","35620","New York-Newark-Jersey City, NY-NJ-PA","36","New York","081","Queens","40.73614","-73.82153"
"04/30/2026","AQS","360810124","1","0.3","ppm","3","QUEENS COLLEGE 2","24","100.0000","42101","Carbon monoxide","554","35620","New York-Newark-Jersey City, NY-NJ-PA","36","New York","081","Queens","40.73614","-73.82153"
"05/01/2026","AQS","360810124","1","0.2","ppm","2","QUEENS COLLEGE 2","24","100.0000","42101","Carbon monoxide","554","35620","New York-Newark-Jersey City, NY-NJ-PA","36","New York","081","Queens","40.73614","-73.82153"
"05/02/2026","AQS","360810124","1","0.2","ppm","2","QUEENS COLLEGE 2","24","100.0000","42101","Carbon monoxide","554","35620","New York-Newark-Jersey City, NY-NJ-PA","36","New York","081","Queens","40.73614","-73.82153"
"05/03/2026","AQS","360810124","1","0.2","ppm","2","QUEENS COLLEGE 2","24","100.0000","42101","Carbon monoxide","554","35620","New York-Newark-Jersey City, NY-NJ-PA","36","New York","081","Queens","40.73614","-73.82153"
"05/04/2026","AQS","360810124","1","0.2","ppm","2","QUEENS COLLEGE 2","24","100.0000","42101","Carbon monoxide","554","35620","New York-Newark-Jersey City, NY-NJ-PA","36","New York","081","Queens","40.73614","-73.82153"
"05/05/2026","AQS","360810124","1","0.3","ppm","3","QUEENS COLLEGE 2","24","100.0000","42101","Carbon monoxide","554","35620","New York-Newark-Jersey City, NY-NJ-PA","36","New York","081","Queens","40.73614","-73.82153"
"05/06/2026","AQS","360810124","1","0.3","ppm","3","QUEENS COLLEGE 2","24","100.0000","42101","Carbon monoxide","554","35620","New York-Newark-Jersey City, NY-NJ-PA","36","New York","081","Queens","40.73614","-73.82153"
"05/07/2026","AQS","360810124","1","0.3","ppm","3","QUEENS COLLEGE 2","24","100.0000","42101","Carbon monoxide","554","35620","New York-Newark-Jersey City, NY-NJ-PA","36","New York","081","Queens","40.73614","-73.82153"
"05/08/2026","AQS","360810124","1","0.4","ppm","5","QUEENS COLLEGE 2","24","100.0000","42101","Carbon monoxide","554","35620","New York-Newark-Jersey City, NY-NJ-PA","36","New York","081","Queens","40.73614","-73.82153"
"05/09/2026","AQS","360810124","1","0.3","ppm","3","QUEENS COLLEGE 2","24","100.0000","42101","Carbon monoxide","554","35620","New York-Newark-Jersey City, NY-NJ-PA","36","New York","081","Queens","40.73614","-73.82153"
"05/10/2026","AQS","360810124","1","0.3","ppm","3","QUEENS COLLEGE 2","24","100.0000","42101","Carbon monoxide","554","35620","New York-Newark-Jersey City, NY-NJ-PA","36","New York","081","Queens","40.73614","-73.82153"
"05/11/2026","AQS","360810124","1","0.3","ppm","3","QUEENS COLLEGE 2","24","100.0000","42101","Carbon monoxide","554","35620","New York-Newark-Jersey City, NY-NJ-PA","36","New York","081","Queens","40.73614","-73.82153"
"05/12/2026","AQS","360810124","1","0.3","ppm","3","QUEENS COLLEGE 2","24","100.0000","42101","Carbon monoxide","554","35620","New York-Newark-Jersey City, NY-NJ-PA","36","New York","081","Queens","40.73614","-73.82153"
"05/13/2026","AQS","360810124","1","0.2","ppm","2","QUEENS COLLEGE 2","24","100.0000","42101","Carbon monoxide","554","35620","New York-Newark-Jersey City, NY-NJ-PA","36","New York","081","Queens","40.73614","-73.82153"
"05/14/2026","AQS","360810124","1","0.2","ppm","2","QUEENS COLLEGE 2","12","50.0000","42101","Carbon monoxide","554","35620","New York-Newark-Jersey City, NY-NJ-PA","36","New York","081","Queens","40.73614","-73.82153"
"05/15/2026","AQS","360810124","1","0.3","ppm","3","QUEENS COLLEGE 2","15","63.0000","42101","Carbon monoxide","554","35620","New York-Newark-Jersey City, NY-NJ-PA","36","New York","081","Queens","40.73614","-73.82153"
"05/16/2026","AQS","360810124","1","0.6","ppm","7","QUEENS COLLEGE 2","24","100.0000","42101","Carbon monoxide","554","35620","New York-Newark-Jersey City, NY-NJ-PA","36","New York","081","Queens","40.73614","-73.82153"
"05/17/2026","AQS","360810124","1","0.3","ppm","3","QUEENS COLLEGE 2","24","100.0000","42101","Carbon monoxide","554","35620","New York-Newark-Jersey City, NY-NJ-PA","36","New York","081","Queens","40.73614","-73.82153"
"05/18/2026","AQS","360810124","1","0.4","ppm","5","QUEENS COLLEGE 2","24","100.0000","42101","Carbon monoxide","554","35620","New York-Newark-Jersey City, NY-NJ-PA","36","New York","081","Queens","40.73614","-73.82153"
"05/19/2026","AQS","360810124","1","0.3","ppm","3","QUEENS COLLEGE 2","24","100.0000","42101","Carbon monoxide","554","35620","New York-Newark-Jersey City, NY-NJ-PA","36","New York","081","Queens","40.73614","-73.82153"
"05/20/2026","AQS","360810124","1","0.3","ppm","3","QUEENS COLLEGE 2","24","100.0000","42101","Carbon monoxide","554","35620","New York-Newark-Jersey City, NY-NJ-PA","36","New York","081","Queens","40.73614","-73.82153"
"05/21/2026","AQS","360810124","1","0.3","ppm","3","QUEENS COLLEGE 2","24","100.0000","42101","Carbon monoxide","554","35620","New York-Newark-Jersey City, NY-NJ-PA","36","New York","081","Queens","40.73614","-73.82153"
"05/22/2026","AQS","360810124","1","0.3","ppm","3","QUEENS COLLEGE 2","24","100.0000","42101","Carbon monoxide","554","35620","New York-Newark-Jersey City, NY-NJ-PA","36","New York","081","Queens","40.73614","-73.82153"
"05/23/2026","AQS","360810124","1","0.2","ppm","2","QUEENS COLLEGE 2","24","100.0000","42101","Carbon monoxide","554","35620","New York-Newark-Jersey City, NY-NJ-PA","36","New York","081","Queens","40.73614","-73.82153"
"05/24/2026","AQS","360810124","1","0.2","ppm","2","QUEENS COLLEGE 2","24","100.0000","42101","Carbon monoxide","554","35620","New York-Newark-Jersey City, NY-NJ-PA","36","New York","081","Queens","40.73614","-73.82153"
"05/25/2026","AQS","360810124","1","0.4","ppm","5","QUEENS COLLEGE 2","24","100.0000","42101","Carbon monoxide","554","35620","New York-Newark-Jersey City, NY-NJ-PA","36","New York","081","Queens","40.73614","-73.82153"
"05/26/2026","AQS","360810124","1","0.5","ppm","6","QUEENS COLLEGE 2","24","100.0000","42101","Carbon monoxide","554","35620","New York-Newark-Jersey City, NY-NJ-PA","36","New York","081","Queens","40.73614","-73.82153"
"05/27/2026","AQS","360810124","1","0.3","ppm","3","QUEENS COLLEGE 2","24","100.0000","42101","Carbon monoxide","554","35620","New York-Newark-Jersey City, NY-NJ-PA","36","New York","081","Queens","40.73614","-73.82153"
"05/28/2026","AQS","360810124","1","0.2","ppm","2","QUEENS COLLEGE 2","24","100.0000","42101","Carbon monoxide","554","35620","New York-Newark-Jersey City, NY-NJ-PA","36","New York","081","Queens","40.73614","-73.82153"
"05/29/2026","AQS","360810124","1","0.2","ppm","2","QUEENS COLLEGE 2","24","100.0000","42101","Carbon monoxide","554","35620","New York-Newark-Jersey City, NY-NJ-PA","36","New York","081","Queens","40.73614","-73.82153"
"05/30/2026","AQS","360810124","1","0.2","ppm","2","QUEENS COLLEGE 2","24","100.0000","42101","Carbon monoxide","554","35620","New York-Newark-Jersey City, NY-NJ-PA","36","New York","081","Queens","40.73614","-73.82153"
"05/31/2026","AQS","360810124","1","0.3","ppm","3","QUEENS COLLEGE 2","24","100.0000","42101","Carbon monoxide","554","35620","New York-Newark-Jersey City, NY-NJ-PA","36","New York","081","Queens","40.73614","-73.82153"
"06/01/2026","AQS","360810124","1","0.2","ppm","2","QUEENS COLLEGE 2","24","100.0000","42101","Carbon monoxide","554","35620","New York-Newark-Jersey City, NY-NJ-PA","36","New York","081","Queens","40.73614","-73.82153"
"06/02/2026","AQS","360810124","1","0.3","ppm","3","QUEENS COLLEGE 2","24","100.0000","42101","Carbon monoxide","554","35620","New York-Newark-Jersey City, NY-NJ-PA","36","New York","081","Queens","40.73614","-73.82153"
"06/03/2026","AQS","360810124","1","0.2","ppm","2","QUEENS COLLEGE 2","24","100.0000","42101","Carbon monoxide","554","35620","New York-Newark-Jersey City, NY-NJ-PA","36","New York","081","Queens","40.73614","-73.82153"
"06/04/2026","AQS","360810124","1","0.3","ppm","3","QUEENS COLLEGE 2","24","100.0000","42101","Carbon monoxide","554","35620","New York-Newark-Jersey City, NY-NJ-PA","36","New York","081","Queens","40.73614","-73.82153"
"06/05/2026","AQS","360810124","1","0.6","ppm","7","QUEENS COLLEGE 2","24","100.0000","42101","Carbon monoxide","554","35620","New York-Newark-Jersey City, NY-NJ-PA","36","New York","081","Queens","40.73614","-73.82153"
"06/06/2026","AQS","360810124","1","0.4","ppm","5","QUEENS COLLEGE 2","24","100.0000","42101","Carbon monoxide","554","35620","New York-Newark-Jersey City, NY-NJ-PA","36","New York","081","Queens","40.73614","-73.82153"
"06/07/2026","AQS","360810124","1","0.2","ppm","2","QUEENS COLLEGE 2","24","100.0000","42101","Carbon monoxide","554","35620","New York-Newark-Jersey City, NY-NJ-PA","36","New York","081","Queens","40.73614","-73.82153"
"06/08/2026","AQS","360810124","1","0.2","ppm","2","QUEENS COLLEGE 2","24","100.0000","42101","Carbon monoxide","554","35620","New York-Newark-Jersey City, NY-NJ-PA","36","New York","081","Queens","40.73614","-73.82153"
"06/09/2026","AQS","360810124","1","0.2","ppm","2","QUEENS COLLEGE 2","24","100.0000","42101","Carbon monoxide","554","35620","New York-Newark-Jersey City, NY-NJ-PA","36","New York","081","Queens","40.73614","-73.82153"
"06/10/2026","AQS","360810124","1","0.3","ppm","3","QUEENS COLLEGE 2","24","100.0000","42101","Carbon monoxide","554","35620","New York-Newark-Jersey City, NY-NJ-PA","36","New York","081","Queens","40.73614","-73.82153"
"06/11/2026","AQS","360810124","1","0.3","ppm","3","QUEENS COLLEGE 2","24","100.0000","42101","Carbon monoxide","554","35620","New York-Newark-Jersey City, NY-NJ-PA","36","New York","081","Queens","40.73614","-73.82153"
"06/12/2026","AQS","360810124","1","0.3","ppm","3","QUEENS COLLEGE 2","24","100.0000","42101","Carbon monoxide","554","35620","New York-Newark-Jersey City, NY-NJ-PA","36","New York","081","Queens","40.73614","-73.82153"
"06/13/2026","AQS","360810124","1","0.3","ppm","3","QUEENS COLLEGE 2","24","100.0000","42101","Carbon monoxide","554","35620","New York-Newark-Jersey City, NY-NJ-PA","36","New York","081","Queens","40.73614","-73.82153"
"06/14/2026","AQS","360810124","1","0.5","ppm","6","QUEENS COLLEGE 2","24","100.0000","42101","Carbon monoxide","554","35620","New York-Newark-Jersey City, NY-NJ-PA","36","New York","081","Queens","40.73614","-73.82153"
"06/15/2026","AQS","360810124","1","0.2","ppm","2","QUEENS COLLEGE 2","24","100.0000","42101","Carbon monoxide","554","35620","New York-Newark-Jersey City, NY-NJ-PA","36","New York","081","Queens","40.73614","-73.82153"
"06/16/2026","AQS","360810124","1","0.2","ppm","2","QUEENS COLLEGE 2","24","100.0000","42101","Carbon monoxide","554","35620","New York-Newark-Jersey City, NY-NJ-PA","36","New York","081","Queens","40.73614","-73.82153"
"06/17/2026","AQS","360810124","1","0.2","ppm","2","QUEENS COLLEGE 2","24","100.0000","42101","Carbon monoxide","554","35620","New York-Newark-Jersey City, NY-NJ-PA","36","New York","081","Queens","40.73614","-73.82153"
"06/18/2026","AQS","360810124","1","0.2","ppm","2","QUEENS COLLEGE 2","24","100.0000","42101","Carbon monoxide","554","35620","New York-Newark-Jersey City, NY-NJ-PA","36","New York","081","Queens","40.73614","-73.82153"
"06/19/2026","AQS","360810124","1","0.1","ppm","1","QUEENS COLLEGE 2","24","100.0000","42101","Carbon monoxide","554","35620","New York-Newark-Jersey City, NY-NJ-PA","36","New York","081","Queens","40.73614","-73.82153"
"06/20/2026","AQS","360810124","1","0.1","ppm","1","QUEENS COLLEGE 2","24","100.0000","42101","Carbon monoxide","554","35620","New York-Newark-Jersey City, NY-NJ-PA","36","New York","081","Queens","40.73614","-73.82153"
"06/21/2026","AQS","360810124","1","0.3","ppm","3","QUEENS COLLEGE 2","24","100.0000","42101","Carbon monoxide","554","35620","New York-Newark-Jersey City, NY-NJ-PA","36","New York","081","Queens","40.73614","-73.82153"
"06/22/2026","AQS","360810124","1","0.4","ppm","5","QUEENS COLLEGE 2","24","100.0000","42101","Carbon monoxide","554","35620","New York-Newark-Jersey City, NY-NJ-PA","36","New York","081","Queens","40.73614","-73.82153"
"06/23/2026","AQS","360810124","1","0.3","ppm","3","QUEENS COLLEGE 2","24","100.0000","42101","Carbon monoxide","554","35620","New York-Newark-Jersey City, NY-NJ-PA","36","New York","081","Queens","40.73614","-73.82153"
"06/24/2026","AQS","360810124","1","0.3","ppm","3","QUEENS COLLEGE 2","24","100.0000","42101","Carbon monoxide","554","35620","New York-Newark-Jersey City, NY-NJ-PA","36","New York","081","Queens","40.73614","-73.82153"
"06/25/2026","AQS","360810124","1","0.3","ppm","3","QUEENS COLLEGE 2","17","71.0000","42101","Carbon monoxide","554","35620","New York-Newark-Jersey City, NY-NJ-PA","36","New York","081","Queens","40.73614","-73.82153"
"06/26/2026","AQS","360810124","1","0.3","ppm","3","QUEENS COLLEGE 2","24","100.0000","42101","Carbon monoxide","554","35620","New York-Newark-Jersey City, NY-NJ-PA","36","New York","081","Queens","40.73614","-73.82153"
"06/27/2026","AQS","360810124","1","0.4","ppm","5","QUEENS COLLEGE 2","24","100.0000","42101","Carbon monoxide","554","35620","New York-Newark-Jersey City, NY-NJ-PA","36","New York","081","Queens","40.73614","-73.82153"
"06/28/2026","AQS","360810124","1","0.5","ppm","6","QUEENS COLLEGE 2","24","100.0000","42101","Carbon monoxide","554","35620","New York-Newark-Jersey City, NY-NJ-PA","36","New York","081","Queens","40.73614","-73.82153"
"06/29/2026","AQS","360810124","1","0.4","ppm","5","QUEENS COLLEGE 2","24","100.0000","42101","Carbon monoxide","554","35620","New York-Newark-Jersey City, NY-NJ-PA","36","New York","081","Queens","40.73614","-73.82153"
"06/30/2026","AQS","360810124","1","0.3","ppm","3","QUEENS COLLEGE 2","17","71.0000","42101","Carbon monoxide","554","35620","New York-Newark-Jersey City, NY-NJ-PA","36","New York","081","Queens","40.73614","-73.82153"
"07/01/2026","AQS","360810124","1","0.2","ppm","2","QUEENS COLLEGE 2","2","8.0000","42101","Carbon monoxide","554","35620","New York-Newark-Jersey City, NY-NJ-PA","36","New York","081","Queens","40.73614","-73.82153"
"01/01/2026","AQS","360810125","1","0.3","ppm","3","Queens College Near Road","19","79.0000","42101","Carbon monoxide","554","35620","New York-Newark-Jersey City, NY-NJ-PA","36","New York","081","Queens","40.739264","-73.817694"
"01/02/2026","AQS","360810125","1","0.3","ppm","3","Queens College Near Road","24","100.0000","42101","Carbon monoxide","554","35620","New York-Newark-Jersey City, NY-NJ-PA","36","New York","081","Queens","40.739264","-73.817694"
"01/03/2026","AQS","360810125","1","0.4","ppm","5","Queens College Near Road","24","100.0000","42101","Carbon monoxide","554","35620","New York-Newark-Jersey City, NY-NJ-PA","36","New York","081","Queens","40.739264","-73.817694"
"01/04/2026","AQS","360810125","1","0.4","ppm","5","Queens College Near Road","24","100.0000","42101","Carbon monoxide","554","35620","New York-Newark-Jersey City, NY-NJ-PA","36","New York","081","Queens","40.739264","-73.817694"
"01/05/2026","AQS","360810125","1","0.5","ppm","6","Queens College Near Road","24","100.0000","42101","Carbon monoxide","554","35620","New York-Newark-Jersey City, NY-NJ-PA","36","New York","081","Queens","40.739264","-73.817694"
"01/06/2026","AQS","360810125","1","1.1","ppm","13","Queens College Near Road","24","100.0000","42101","Carbon monoxide","554","35620","New York-Newark-Jersey City, NY-NJ-PA","36","New York","081","Queens","40.739264","-73.817694"
"01/07/2026","AQS","360810125","1","0.5","ppm","6","Queens College Near Road","24","100.0000","42101","Carbon monoxide","554","35620","New York-Newark-Jersey City, NY-NJ-PA","36","New York","081","Queens","40.739264","-73.817694"
"01/08/2026","AQS","360810125","1","0.4","ppm","5","Queens College Near Road","18","75.0000","42101","Carbon monoxide","554","35620","New York-Newark-Jersey City, NY-NJ-PA","36","New York","081","Queens","40.739264","-73.817694"
"01/09/2026","AQS","360810125","1","1.3","ppm","15","Queens College Near Road","23","96.0000","42101","Carbon monoxide","554","35620","New York-Newark-Jersey City, NY-NJ-PA","36","New York","081","Queens","40.739264","-73.817694"
"01/10/2026","AQS","360810125","1","0.4","ppm","5","Queens College Near Road","24","100.0000","42101","Carbon monoxide","554","35620","New York-Newark-Jersey City, NY-NJ-PA","36","New York","081","Queens","40.739264","-73.817694"
"01/11/2026","AQS","360810125","1","0.4","ppm","5","Queens College Near Road","24","100.0000","42101","Carbon monoxide","554","35620","New York-Newark-Jersey City, NY-NJ-PA","36","New York","081","Queens","40.739264","-73.817694"
"01/12/2026","AQS","360810125","1","0.3","ppm","3","Queens College Near Road","24","100.0000","42101","Carbon monoxide","554","35620","New York-Newark-Jersey City, NY-NJ-PA","36","New York","081","Queens","40.739264","-73.817694"
"01/13/2026","AQS","360810125","1","0.3","ppm","3","Queens College Near Road","24","100.0000","42101","Carbon monoxide","554","35620","New York-Newark-Jersey City, NY-NJ-PA","36","New York","081","Queens","40.739264","-73.817694"
"01/14/2026","AQS","360810125","1","0.4","ppm","5","Queens College Near Road","24","100.0000","42101","Carbon monoxide","554","35620","New York-Newark-Jersey City, NY-NJ-PA","36","New York","081","Queens","40.739264","-73.817694"
"01/15/2026","AQS","360810125","1","0.3","ppm","3","Queens College Near Road","24","100.0000","42101","Carbon monoxide","554","35620","New York-Newark-Jersey City, NY-NJ-PA","36","New York","081","Queens","40.739264","-73.817694"
"01/16/2026","AQS","360810125","1","0.3","ppm","3","Queens College Near Road","24","100.0000","42101","Carbon monoxide","554","35620","New York-Newark-Jersey City, NY-NJ-PA","36","New York","081","Queens","40.739264","-73.817694"
"01/17/2026","AQS","360810125","1","0.4","ppm","5","Queens College Near Road","24","100.0000","42101","Carbon monoxide","554","35620","New York-Newark-Jersey City, NY-NJ-PA","36","New York","081","Queens","40.739264","-73.817694"
"01/18/2026","AQS","360810125","1","1","ppm","11","Queens College Near Road","24","100.0000","42101","Carbon monoxide","554","35620","New York-Newark-Jersey City, NY-NJ-PA","36","New York","081","Queens","40.739264","-73.817694"
"01/19/2026","AQS","360810125","1","0.4","ppm","5","Queens College Near Road","24","100.0000","42101","Carbon monoxide","554","35620","New York-Newark-Jersey City, NY-NJ-PA","36","New York","081","Queens","40.739264","-73.817694"
"01/20/2026","AQS","360810125","1","0.2","ppm","2","Queens College Near Road","24","100.0000","42101","Carbon monoxide","554","35620","New York-Newark-Jersey City, NY-NJ-PA","36","New York","081","Queens","40.739264","-73.817694"
"01/21/2026","AQS","360810125","1","0.5","ppm","6","Queens College Near Road","24","100.0000","42101","Carbon monoxide","554","35620","New York-Newark-Jersey City, NY-NJ-PA","36","New York","081","Queens","40.739264","-73.817694"
"01/22/2026","AQS","360810125","1","0.4","ppm","5","Queens College Near Road","24","100.0000","42101","Carbon monoxide","554","35620","New York-Newark-Jersey City, NY-NJ-PA","36","New York","081","Queens","40.739264","-73.817694"
"01/23/2026","AQS","360810125","1","0.2","ppm","2","Queens College Near Road","24","100.0000","42101","Carbon monoxide","554","35620","New York-Newark-Jersey City, NY-NJ-PA","36","New York","081","Queens","40.739264","-73.817694"
"01/24/2026","AQS","360810125","1","0.3","ppm","3","Queens College Near Road","24","100.0000","42101","Carbon monoxide","554","35620","New York-Newark-Jersey City, NY-NJ-PA","36","New York","081","Queens","40.739264","-73.817694"
"01/25/2026","AQS","360810125","1","0.3","ppm","3","Queens College Near Road","24","100.0000","42101","Carbon monoxide","554","35620","New York-Newark-Jersey City, NY-NJ-PA","36","New York","081","Queens","40.739264","-73.817694"
"01/26/2026","AQS","360810125","1","0.4","ppm","5","Queens College Near Road","24","100.0000","42101","Carbon monoxide","554","35620","New York-Newark-Jersey City, NY-NJ-PA","36","New York","081","Queens","40.739264","-73.817694"
"01/27/2026","AQS","360810125","1","0.2","ppm","2","Queens College Near Road","24","100.0000","42101","Carbon monoxide","554","35620","New York-Newark-Jersey City, NY-NJ-PA","36","New York","081","Queens","40.739264","-73.817694"
"01/28/2026","AQS","360810125","1","0.3","ppm","3","Queens College Near Road","24","100.0000","42101","Carbon monoxide","554","35620","New York-Newark-Jersey City, NY-NJ-PA","36","New York","081","Queens","40.739264","-73.817694"
"01/29/2026","AQS","360810125","1","0.3","ppm","3","Queens College Near Road","24","100.0000","42101","Carbon monoxide","554","35620","New York-Newark-Jersey City, NY-NJ-PA","36","New York","081","Queens","40.739264","-73.817694"
"01/30/2026","AQS","360810125","1","0.3","ppm","3","Queens College Near Road","24","100.0000","42101","Carbon monoxide","554","35620","New York-Newark-Jersey City, NY-NJ-PA","36","New York","081","Queens","40.739264","-73.817694"
"01/31/2026","AQS","360810125","1","0.4","ppm","5","Queens College Near Road","24","100.0000","42101","Carbon monoxide","554","35620","New York-Newark-Jersey City, NY-NJ-PA","36","New York","081","Queens","40.739264","-73.817694"
"02/01/2026","AQS","360810125","1","0.3","ppm","3","Queens College Near Road","24","100.0000","42101","Carbon monoxide","554","35620","New York-Newark-Jersey City, NY-NJ-PA","36","New York","081","Queens","40.739264","-73.817694"
"02/02/2026","AQS","360810125","1","0.4","ppm","5","Queens College Near Road","24","100.0000","42101","Carbon monoxide","554","35620","New York-Newark-Jersey City, NY-NJ-PA","36","New York","081","Queens","40.739264","-73.817694"
"02/03/2026","AQS","360810125","1","0.6","ppm","7","Queens College Near Road","24","100.0000","42101","Carbon monoxide","554","35620","New York-Newark-Jersey City, NY-NJ-PA","36","New York","081","Queens","40.739264","-73.817694"
"02/04/2026","AQS","360810125","1","0.4","ppm","5","Queens College Near Road","24","100.0000","42101","Carbon monoxide","554","35620","New York-Newark-Jersey City, NY-NJ-PA","36","New York","081","Queens","40.739264","-73.817694"
"02/05/2026","AQS","360810125","1","0.6","ppm","7","Queens College Near Road","24","100.0000","42101","Carbon monoxide","554","35620","New York-Newark-Jersey City, NY-NJ-PA","36","New York","081","Queens","40.739264","-73.817694"
"02/06/2026","AQS","360810125","1","0.6","ppm","7","Queens College Near Road","24","100.0000","42101","Carbon monoxide","554","35620","New York-Newark-Jersey City, NY-NJ-PA","36","New York","081","Queens","40.739264","-73.817694"
"02/07/2026","AQS","360810125","1","0.3","ppm","3","Queens College Near Road","24","100.0000","42101","Carbon monoxide","554","35620","New York-Newark-Jersey City, NY-NJ-PA","36","New York","081","Queens","40.739264","-73.817694"
"02/08/2026","AQS","360810125","1","0.3","ppm","3","Queens College Near Road","24","100.0000","42101","Carbon monoxide","554","35620","New York-Newark-Jersey City, NY-NJ-PA","36","New York","081","Queens","40.739264","-73.817694"
"02/09/2026","AQS","360810125","1","0.5","ppm","6","Queens College Near Road","24","100.0000","42101","Carbon monoxide","554","35620","New York-Newark-Jersey City, NY-NJ-PA","36","New York","081","Queens","40.739264","-73.817694"
"02/10/2026","AQS","360810125","1","0.6","ppm","7","Queens College Near Road","24","100.0000","42101","Carbon monoxide","554","35620","New York-Newark-Jersey City, NY-NJ-PA","36","New York","081","Queens","40.739264","-73.817694"
"02/11/2026","AQS","360810125","1","0.6","ppm","7","Queens College Near Road","24","100.0000","42101","Carbon monoxide","554","35620","New York-Newark-Jersey City, NY-NJ-PA","36","New York","081","Queens","40.739264","-73.817694"
"02/12/2026","AQS","360810125","1","0.3","ppm","3","Queens College Near Road","24","100.0000","42101","Carbon monoxide","554","35620","New York-Newark-Jersey City, NY-NJ-PA","36","New York","081","Queens","40.739264","-73.817694"
"02/13/2026","AQS","360810125","1","0.4","ppm","5","Queens College Near Road","24","100.0000","42101","Carbon monoxide","554","35620","New York-Newark-Jersey City, NY-NJ-PA","36","New York","081","Queens","40.739264","-73.817694"
"02/14/2026","AQS","360810125","1","1","ppm","11","Queens College Near Road","24","100.0000","42101","Carbon monoxide","554","35620","New York-Newark-Jersey City, NY-NJ-PA","36","New York","081","Queens","40.739264","-73.817694"
"02/15/2026","AQS","360810125","1","1.8","ppm","20","Queens College Near Road","24","100.0000","42101","Carbon monoxide","554","35620","New York-Newark-Jersey City, NY-NJ-PA","36","New York","081","Queens","40.739264","-73.817694"
"02/16/2026","AQS","360810125","1","0.5","ppm","6","Queens College Near Road","24","100.0000","42101","Carbon monoxide","554","35620","New York-Newark-Jersey City, NY-NJ-PA","36","New York","081","Queens","40.739264","-73.817694"
"02/17/2026","AQS","360810125","1","0.7","ppm","8","Queens College Near Road","24","100.0000","42101","Carbon monoxide","554","35620","New York-Newark-Jersey City, NY-NJ-PA","36","New York","081","Queens","40.739264","-73.817694"
"02/18/2026","AQS","360810125","1","0.8","ppm","9","Queens College Near Road","24","100.0000","42101","Carbon monoxide","554","35620","New York-Newark-Jersey City, NY-NJ-PA","36","New York","081","Queens","40.739264","-73.817694"
"02/19/2026","AQS","360810125","1","0.8","ppm","9","Queens College Near Road","24","100.0000","42101","Carbon monoxide","554","35620","New York-Newark-Jersey City, NY-NJ-PA","36","New York","081","Queens","40.739264","-73.817694"
"02/20/2026","AQS","360810125","1","0.4","ppm","5","Queens College Near Road","24","100.0000","42101","Carbon monoxide","554","35620","New York-Newark-Jersey City, NY-NJ-PA","36","New York","081","Queens","40.739264","-73.817694"
"02/21/2026","AQS","360810125","1","0.5","ppm","6","Queens College Near Road","24","100.0000","42101","Carbon monoxide","554","35620","New York-Newark-Jersey City, NY-NJ-PA","36","New York","081","Queens","40.739264","-73.817694"
"02/22/2026","AQS","360810125","1","0.4","ppm","5","Queens College Near Road","24","100.0000","42101","Carbon monoxide","554","35620","New York-Newark-Jersey City, NY-NJ-PA","36","New York","081","Queens","40.739264","-73.817694"
"02/23/2026","AQS","360810125","1","0.3","ppm","3","Queens College Near Road","24","100.0000","42101","Carbon monoxide","554","35620","New York-Newark-Jersey City, NY-NJ-PA","36","New York","081","Queens","40.739264","-73.817694"
"02/24/2026","AQS","360810125","1","0.4","ppm","5","Queens College Near Road","24","100.0000","42101","Carbon monoxide","554","35620","New York-Newark-Jersey City, NY-NJ-PA","36","New York","081","Queens","40.739264","-73.817694"
"02/25/2026","AQS","360810125","1","0.4","ppm","5","Queens College Near Road","24","100.0000","42101","Carbon monoxide","554","35620","New York-Newark-Jersey City, NY-NJ-PA","36","New York","081","Queens","40.739264","-73.817694"
"02/26/2026","AQS","360810125","1","0.7","ppm","8","Queens College Near Road","24","100.0000","42101","Carbon monoxide","554","35620","New York-Newark-Jersey City, NY-NJ-PA","36","New York","081","Queens","40.739264","-73.817694"
"02/27/2026","AQS","360810125","1","0.6","ppm","7","Queens College Near Road","24","100.0000","42101","Carbon monoxide","554","35620","New York-Newark-Jersey City, NY-NJ-PA","36","New York","081","Queens","40.739264","-73.817694"
"02/28/2026","AQS","360810125","1","0.8","ppm","9","Queens College Near Road","24","100.0000","42101","Carbon monoxide","554","35620","New York-Newark-Jersey City, NY-NJ-PA","36","New York","081","Queens","40.739264","-73.817694"
"03/01/2026","AQS","360810125","1","0.6","ppm","7","Queens College Near Road","24","100.0000","42101","Carbon monoxide","554","35620","New York-Newark-Jersey City, NY-NJ-PA","36","New York","081","Queens","40.739264","-73.817694"
"03/02/2026","AQS","360810125","1","0.3","ppm","3","Queens College Near Road","24","100.0000","42101","Carbon monoxide","554","35620","New York-Newark-Jersey City, NY-NJ-PA","36","New York","081","Queens","40.739264","-73.817694"
"03/03/2026","AQS","360810125","1","0.5","ppm","6","Queens College Near Road","24","100.0000","42101","Carbon monoxide","554","35620","New York-Newark-Jersey City, NY-NJ-PA","36","New York","081","Queens","40.739264","-73.817694"
"03/04/2026","AQS","360810125","1","0.6","ppm","7","Queens College Near Road","24","100.0000","42101","Carbon monoxide","554","35620","New York-Newark-Jersey City, NY-NJ-PA","36","New York","081","Queens","40.739264","-73.817694"
"03/05/2026","AQS","360810125","1","0.8","ppm","9","Queens College Near Road","24","100.0000","42101","Carbon monoxide","554","35620","New York-Newark-Jersey City, NY-NJ-PA","36","New York","081","Queens","40.739264","-73.817694"
"03/06/2026","AQS","360810125","1","0.4","ppm","5","Queens College Near Road","24","100.0000","42101","Carbon monoxide","554","35620","New York-Newark-Jersey City, NY-NJ-PA","36","New York","081","Queens","40.739264","-73.817694"
"03/07/2026","AQS","360810125","1","0.4","ppm","5","Queens College Near Road","24","100.0000","42101","Carbon monoxide","554","35620","New York-Newark-Jersey City, NY-NJ-PA","36","New York","081","Queens","40.739264","-73.817694"
"03/08/2026","AQS","360810125","1","0.5","ppm","6","Queens College Near Road","24","100.0000","42101","Carbon monoxide","554","35620","New York-Newark-Jersey City, NY-NJ-PA","36","New York","081","Queens","40.739264","-73.817694"
"03/09/2026","AQS","360810125","1","0.9","ppm","10","Queens College Near Road","24","100.0000","42101","Carbon monoxide","554","35620","New York-Newark-Jersey City, NY-NJ-PA","36","New York","081","Queens","40.739264","-73.817694"
"03/10/2026","AQS","360810125","1","0.8","ppm","9","Queens College Near Road","24","100.0000","42101","Carbon monoxide","554","35620","New York-Newark-Jersey City, NY-NJ-PA","36","New York","081","Queens","40.739264","-73.817694"
"03/11/2026","AQS","360810125","1","0.6","ppm","7","Queens College Near Road","24","100.0000","42101","Carbon monoxide","554","35620","New York-Newark-Jersey City, NY-NJ-PA","36","New York","081","Queens","40.739264","-73.817694"
"03/12/2026","AQS","360810125","1","0.4","ppm","5","Queens College Near Road","24","100.0000","42101","Carbon monoxide","554","35620","New York-Newark-Jersey City, NY-NJ-PA","36","New York","081","Queens","40.739264","-73.817694"
"03/13/2026","AQS","360810125","1","0.3","ppm","3","Queens College Near Road","24","100.0000","42101","Carbon monoxide","554","35620","New York-Newark-Jersey City, NY-NJ-PA","36","New York","081","Queens","40.739264","-73.817694"
"03/14/2026","AQS","360810125","1","0.3","ppm","3","Queens College Near Road","24","100.0000","42101","Carbon monoxide","554","35620","New York-Newark-Jersey City, NY-NJ-PA","36","New York","081","Queens","40.739264","-73.817694"
"03/15/2026","AQS","360810125","1","0.3","ppm","3","Queens College Near Road","24","100.0000","42101","Carbon monoxide","554","35620","New York-Newark-Jersey City, NY-NJ-PA","36","New York","081","Queens","40.739264","-73.817694"
"03/16/2026","AQS","360810125","1","0.2","ppm","2","Queens College Near Road","24","100.0000","42101","Carbon monoxide","554","35620","New York-Newark-Jersey City, NY-NJ-PA","36","New York","081","Queens","40.739264","-73.817694"
"03/17/2026","AQS","360810125","1","0.2","ppm","2","Queens College Near Road","24","100.0000","42101","Carbon monoxide","554","35620","New York-Newark-Jersey City, NY-NJ-PA","36","New York","081","Queens","40.739264","-73.817694"
"03/18/2026","AQS","360810125","1","0.3","ppm","3","Queens College Near Road","24","100.0000","42101","Carbon monoxide","554","35620","New York-Newark-Jersey City, NY-NJ-PA","36","New York","081","Queens","40.739264","-73.817694"
"03/19/2026","AQS","360810125","1","0.3","ppm","3","Queens College Near Road","24","100.0000","42101","Carbon monoxide","554","35620","New York-Newark-Jersey City, NY-NJ-PA","36","New York","081","Queens","40.739264","-73.817694"
"03/20/2026","AQS","360810125","1","0.4","ppm","5","Queens College Near Road","24","100.0000","42101","Carbon monoxide","554","35620","New York-Newark-Jersey City, NY-NJ-PA","36","New York","081","Queens","40.739264","-73.817694"
"03/21/2026","AQS","360810125","1","0.5","ppm","6","Queens College Near Road","24","100.0000","42101","Carbon monoxide","554","35620","New York-Newark-Jersey City, NY-NJ-PA","36","New York","081","Queens","40.739264","-73.817694"
"03/22/2026","AQS","360810125","1","0.4","ppm","5","Queens College Near Road","24","100.0000","42101","Carbon monoxide","554","35620","New York-Newark-Jersey City, NY-NJ-PA","36","New York","081","Queens","40.739264","-73.817694"
"03/23/2026","AQS","360810125","1","0.4","ppm","5","Queens College Near Road","24","100.0000","42101","Carbon monoxide","554","35620","New York-Newark-Jersey City, NY-NJ-PA","36","New York","081","Queens","40.739264","-73.817694"
"03/24/2026","AQS","360810125","1","0.3","ppm","3","Queens College Near Road","24","100.0000","42101","Carbon monoxide","554","35620","New York-Newark-Jersey City, NY-NJ-PA","36","New York","081","Queens","40.739264","-73.817694"
"03/25/2026","AQS","360810125","1","0.5","ppm","6","Queens College Near Road","24","100.0000","42101","Carbon monoxide","554","35620","New York-Newark-Jersey City, NY-NJ-PA","36","New York","081","Queens","40.739264","-73.817694"
"03/26/2026","AQS","360810125","1","0.3","ppm","3","Queens College Near Road","24","100.0000","42101","Carbon monoxide","554","35620","New York-Newark-Jersey City, NY-NJ-PA","36","New York","081","Queens","40.739264","-73.817694"
"03/27/2026","AQS","360810125","1","0.4","ppm","5","Queens College Near Road","24","100.0000","42101","Carbon monoxide","554","35620","New York-Newark-Jersey City, NY-NJ-PA","36","New York","081","Queens","40.739264","-73.817694"
"03/28/2026","AQS","360810125","1","0.4","ppm","5","Queens College Near Road","24","100.0000","42101","Carbon monoxide","554","35620","New York-Newark-Jersey City, NY-NJ-PA","36","New York","081","Queens","40.739264","-73.817694"
"03/29/2026","AQS","360810125","1","0.6","ppm","7","Queens College Near Road","24","100.0000","42101","Carbon monoxide","554","35620","New York-Newark-Jersey City, NY-NJ-PA","36","New York","081","Queens","40.739264","-73.817694"
"03/30/2026","AQS","360810125","1","0.3","ppm","3","Queens College Near Road","24","100.0000","42101","Carbon monoxide","554","35620","New York-Newark-Jersey City, NY-NJ-PA","36","New York","081","Queens","40.739264","-73.817694"
"03/31/2026","AQS","360810125","1","0.3","ppm","3","Queens College Near Road","24","100.0000","42101","Carbon monoxide","554","35620","New York-Newark-Jersey City, NY-NJ-PA","36","New York","081","Queens","40.739264","-73.817694"
"04/01/2026","AQS","360810125","1","0.3","ppm","3","Queens College Near Road","24","100.0000","42101","Carbon monoxide","554","35620","New York-Newark-Jersey City, NY-NJ-PA","36","New York","081","Queens","40.739264","-73.817694"
"04/02/2026","AQS","360810125","1","0.3","ppm","3","Queens College Near Road","24","100.0000","42101","Carbon monoxide","554","35620","New York-Newark-Jersey City, NY-NJ-PA","36","New York","081","Queens","40.739264","-73.817694"
"04/03/2026","AQS","360810125","1","0.4","ppm","5","Queens College Near Road","24","100.0000","42101","Carbon monoxide","554","35620","New York-Newark-Jersey City, NY-NJ-PA","36","New York","081","Queens","40.739264","-73.817694"
"04/04/2026","AQS","360810125","1","0.8","ppm","9","Queens College Near Road","24","100.0000","42101","Carbon monoxide","554","35620","New York-Newark-Jersey City, NY-NJ-PA","36","New York","081","Queens","40.739264","-73.817694"
"04/05/2026","AQS","360810125","1","0.4","ppm","5","Queens College Near Road","24","100.0000","42101","Carbon monoxide","554","35620","New York-Newark-Jersey City, NY-NJ-PA","36","New York","081","Queens","40.739264","-73.817694"
"04/06/2026","AQS","360810125","1","0.3","ppm","3","Queens College Near Road","24","100.0000","42101","Carbon monoxide","554","35620","New York-Newark-Jersey City, NY-NJ-PA","36","New York","081","Queens","40.739264","-73.817694"
"04/07/2026","AQS","360810125","1","0.4","ppm","5","Queens College Near Road","24","100.0000","42101","Carbon monoxide","554","35620","New York-Newark-Jersey City, NY-NJ-PA","36","New York","081","Queens","40.739264","-73.817694"
"04/08/2026","AQS","360810125","1","0.3","ppm","3","Queens College Near Road","24","100.0000","42101","Carbon monoxide","554","35620","New York-Newark-Jersey City, NY-NJ-PA","36","New York","081","Queens","40.739264","-73.817694"
"04/09/2026","AQS","360810125","1","0.5","ppm","6","Queens College Near Road","24","100.0000","42101","Carbon monoxide","554","35620","New York-Newark-Jersey City, NY-NJ-PA","36","New York","081","Queens","40.739264","-73.817694"
"04/10/2026","AQS","360810125","1","0.3","ppm","3","Queens College Near Road","24","100.0000","42101","Carbon monoxide","554","35620","New York-Newark-Jersey City, NY-NJ-PA","36","New York","081","Queens","40.739264","-73.817694"
"04/11/2026","AQS","360810125","1","0.3","ppm","3","Queens College Near Road","24","100.0000","42101","Carbon monoxide","554","35620","New York-Newark-Jersey City, NY-NJ-PA","36","New York","081","Queens","40.739264","-73.817694"
"04/12/2026","AQS","360810125","1","0.3","ppm","3","Queens College Near Road","24","100.0000","42101","Carbon monoxide","554","35620","New York-Newark-Jersey City, NY-NJ-PA","36","New York","081","Queens","40.739264","-73.817694"
"04/13/2026","AQS","360810125","1","0.4","ppm","5","Queens College Near Road","24","100.0000","42101","Carbon monoxide","554","35620","New York-Newark-Jersey City, NY-NJ-PA","36","New York","081","Queens","40.739264","-73.817694"
"04/14/2026","AQS","360810125","1","0.5","ppm","6","Queens College Near Road","24","100.0000","42101","Carbon monoxide","554","35620","New York-Newark-Jersey City, NY-NJ-PA","36","New York","081","Queens","40.739264","-73.817694"
"04/15/2026","AQS","360810125","1","0.3","ppm","3","Queens College Near Road","24","100.0000","42101","Carbon monoxide","554","35620","New York-Newark-Jersey City, NY-NJ-PA","36","New York","081","Queens","40.739264","-73.817694"
"04/16/2026","AQS","360810125","1","0.4","ppm","5","Queens College Near Road","24","100.0000","42101","Carbon monoxide","554","35620","New York-Newark-Jersey City, NY-NJ-PA","36","New York","081","Queens","40.739264","-73.817694"
"04/17/2026","AQS","360810125","1","0.3","ppm","3","Queens College Near Road","24","100.0000","42101","Carbon monoxide","554","35620","New York-Newark-Jersey City, NY-NJ-PA","36","New York","081","Queens","40.739264","-73.817694"
"04/18/2026","AQS","360810125","1","0.3","ppm","3","Queens College Near Road","24","100.0000","42101","Carbon monoxide","554","35620","New York-Newark-Jersey City, NY-NJ-PA","36","New York","081","Queens","40.739264","-73.817694"
"04/19/2026","AQS","360810125","1","0.3","ppm","3","Queens College Near Road","24","100.0000","42101","Carbon monoxide","554","35620","New York-Newark-Jersey City, NY-NJ-PA","36","New York","081","Queens","40.739264","-73.817694"
"04/20/2026","AQS","360810125","1","0.4","ppm","5","Queens College Near Road","24","100.0000","42101","Carbon monoxide","554","35620","New York-Newark-Jersey City, NY-NJ-PA","36","New York","081","Queens","40.739264","-73.817694"
"04/21/2026","AQS","360810125","1","0.3","ppm","3","Queens College Near Road","24","100.0000","42101","Carbon monoxide","554","35620","New York-Newark-Jersey City, NY-NJ-PA","36","New York","081","Queens","40.739264","-73.817694"
"04/22/2026","AQS","360810125","1","0.3","ppm","3","Queens College Near Road","24","100.0000","42101","Carbon monoxide","554","35620","New York-Newark-Jersey City, NY-NJ-PA","36","New York","081","Queens","40.739264","-73.817694"
"04/23/2026","AQS","360810125","1","0.5","ppm","6","Queens College Near Road","24","100.0000","42101","Carbon monoxide","554","35620","New York-Newark-Jersey City, NY-NJ-PA","36","New York","081","Queens","40.739264","-73.817694"
"04/24/2026","AQS","360810125","1","0.3","ppm","3","Queens College Near Road","24","100.0000","42101","Carbon monoxide","554","35620","New York-Newark-Jersey City, NY-NJ-PA","36","New York","081","Queens","40.739264","-73.817694"
"04/25/2026","AQS","360810125","1","0.3","ppm","3","Queens College Near Road","24","100.0000","42101","Carbon monoxide","554","35620","New York-Newark-Jersey City, NY-NJ-PA","36","New York","081","Queens","40.739264","-73.817694"
"04/26/2026","AQS","360810125","1","0.3","ppm","3","Queens College Near Road","24","100.0000","42101","Carbon monoxide","554","35620","New York-Newark-Jersey City, NY-NJ-PA","36","New York","081","Queens","40.739264","-73.817694"
"04/27/2026","AQS","360810125","1","0.5","ppm","6","Queens College Near Road","24","100.0000","42101","Carbon monoxide","554","35620","New York-Newark-Jersey City, NY-NJ-PA","36","New York","081","Queens","40.739264","-73.817694"
"04/28/2026","AQS","360810125","1","0.7","ppm","8","Queens College Near Road","24","100.0000","42101","Carbon monoxide","554","35620","New York-Newark-Jersey City, NY-NJ-PA","36","New York","081","Queens","40.739264","-73.817694"
"04/29/2026","AQS","360810125","1","0.2","ppm","2","Queens College Near Road","24","100.0000","42101","Carbon monoxide","554","35620","New York-Newark-Jersey City, NY-NJ-PA","36","New York","081","Queens","40.739264","-73.817694"
"04/30/2026","AQS","360810125","1","0.4","ppm","5","Queens College Near Road","24","100.0000","42101","Carbon monoxide","554","35620","New York-Newark-Jersey City, NY-NJ-PA","36","New York","081","Queens","40.739264","-73.817694"
"05/01/2026","AQS","360810125","1","0.4","ppm","5","Queens College Near Road","2","8.0000","42101","Carbon monoxide","554","35620","New York-Newark-Jersey City, NY-NJ-PA","36","New York","081","Queens","40.739264","-73.817694"
"06/16/2026","AQS","360810125","1","0.2","ppm","2","Queens College Near Road","10","42.0000","42101","Carbon monoxide","554","35620","New York-Newark-Jersey City, NY-NJ-PA","36","New York","081","Queens","40.739264","-73.817694"
"06/17/2026","AQS","360810125","1","0.3","ppm","3","Queens College Near Road","24","100.0000","42101","Carbon monoxide","554","35620","New York-Newark-Jersey City, NY-NJ-PA","36","New York","081","Queens","40.739264","-73.817694"
"06/18/2026","AQS","360810125","1","0.2","ppm","2","Queens College Near Road","24","100.0000","42101","Carbon monoxide","554","35620","New York-Newark-Jersey City, NY-NJ-PA","36","New York","081","Queens","40.739264","-73.817694"
"06/19/2026","AQS","360810125","1","0.2","ppm","2","Queens College Near Road","24","100.0000","42101","Carbon monoxide","554","35620","New York-Newark-Jersey City, NY-NJ-PA","36","New York","081","Queens","40.739264","-73.817694"
"06/20/2026","AQS","360810125","1","0.2","ppm","2","Queens College Near Road","24","100.0000","42101","Carbon monoxide","554","35620","New York-Newark-Jersey City, NY-NJ-PA","36","New York","081","Queens","40.739264","-73.817694"
"06/21/2026","AQS","360810125","1","0.3","ppm","3","Queens College Near Road","24","100.0000","42101","Carbon monoxide","554","35620","New York-Newark-Jersey City, NY-NJ-PA","36","New York","081","Queens","40.739264","-73.817694"
"06/22/2026","AQS","360810125","1","0.5","ppm","6","Queens College Near Road","24","100.0000","42101","Carbon monoxide","554","35620","New York-Newark-Jersey City, NY-NJ-PA","36","New York","081","Queens","40.739264","-73.817694"
"06/23/2026","AQS","360810125","1","0.5","ppm","6","Queens College Near Road","24","100.0000","42101","Carbon monoxide","554","35620","New York-Newark-Jersey City, NY-NJ-PA","36","New York","081","Queens","40.739264","-73.817694"
"06/24/2026","AQS","360810125","1","0.5","ppm","6","Queens College Near Road","24","100.0000","42101","Carbon monoxide","554","35620","New York-Newark-Jersey City, NY-NJ-PA","36","New York","081","Queens","40.739264","-73.817694"
"06/25/2026","AQS","360810125","1","0.5","ppm","6","Queens College Near Road","24","100.0000","42101","Carbon monoxide","554","35620","New York-Newark-Jersey City, NY-NJ-PA","36","New York","081","Queens","40.739264","-73.817694"
"06/26/2026","AQS","360810125","1","0.3","ppm","3","Queens College Near Road","17","71.0000","42101","Carbon monoxide","554","35620","New York-Newark-Jersey City, NY-NJ-PA","36","New York","081","Queens","40.739264","-73.817694"
"06/27/2026","AQS","360810125","1","0.5","ppm","6","Queens College Near Road","24","100.0000","42101","Carbon monoxide","554","35620","New York-Newark-Jersey City, NY-NJ-PA","36","New York","081","Queens","40.739264","-73.817694"
"06/28/2026","AQS","360810125","1","0.6","ppm","7","Queens College Near Road","24","100.0000","42101","Carbon monoxide","554","35620","New York-Newark-Jersey City, NY-NJ-PA","36","New York","081","Queens","40.739264","-73.817694"
"06/29/2026","AQS","360810125","1","0.5","ppm","6","Queens College Near Road","24","100.0000","42101","Carbon monoxide","554","35620","New York-Newark-Jersey City, NY-NJ-PA","36","New York","081","Queens","40.739264","-73.817694"
"06/30/2026","AQS","360810125","1","0.3","ppm","3","Queens College Near Road","24","100.0000","42101","Carbon monoxide","554","35620","New York-Newark-Jersey City, NY-NJ-PA","36","New York","081","Queens","40.739264","-73.817694"
"07/01/2026","AQS","360810125","1","0.2","ppm","2","Queens College Near Road","2","8.0000","42101","Carbon monoxide","554","35620","New York-Newark-Jersey City, NY-NJ-PA","36","New York","081","Queens","40.739264","-73.817694"
"01/14/2026","AQS","361010003","1","0","ppm","0","PINNACLE STATE PARK","4","17.0000","42101","Carbon monoxide","593","18500","Corning, NY","36","New York","101","Steuben","42.09142","-77.20978"
"01/15/2026","AQS","361010003","1","0","ppm","0","PINNACLE STATE PARK","24","100.0000","42101","Carbon monoxide","593","18500","Corning, NY","36","New York","101","Steuben","42.09142","-77.20978"
"01/16/2026","AQS","361010003","1","0","ppm","0","PINNACLE STATE PARK","24","100.0000","42101","Carbon monoxide","593","18500","Corning, NY","36","New York","101","Steuben","42.09142","-77.20978"
"01/17/2026","AQS","361010003","1","0","ppm","0","PINNACLE STATE PARK","17","71.0000","42101","Carbon monoxide","593","18500","Corning, NY","36","New York","101","Steuben","42.09142","-77.20978"
"02/04/2026","AQS","361010003","1","0","ppm","0","PINNACLE STATE PARK","7","29.0000","42101","Carbon monoxide","593","18500","Corning, NY","36","New York","101","Steuben","42.09142","-77.20978"
"02/05/2026","AQS","361010003","1","0.2","ppm","2","PINNACLE STATE PARK","24","100.0000","42101","Carbon monoxide","593","18500","Corning, NY","36","New York","101","Steuben","42.09142","-77.20978"
"02/06/2026","AQS","361010003","1","0.2","ppm","2","PINNACLE STATE PARK","24","100.0000","42101","Carbon monoxide","554","18500","Corning, NY","36","New York","101","Steuben","42.09142","-77.20978"
"02/07/2026","AQS","361010003","1","0.2","ppm","2","PINNACLE STATE PARK","24","100.0000","42101","Carbon monoxide","554","18500","Corning, NY","36","New York","101","Steuben","42.09142","-77.20978"
"02/08/2026","AQS","361010003","1","0.2","ppm","2","PINNACLE STATE PARK","24","100.0000","42101","Carbon monoxide","554","18500","Corning, NY","36","New York","101","Steuben","42.09142","-77.20978"
"02/09/2026","AQS","361010003","1","0.2","ppm","2","PINNACLE STATE PARK","24","100.0000","42101","Carbon monoxide","554","18500","Corning, NY","36","New York","101","Steuben","42.09142","-77.20978"
"02/10/2026","AQS","361010003","1","0.2","ppm","2","PINNACLE STATE PARK","24","100.0000","42101","Carbon monoxide","554","18500","Corning, NY","36","New York","101","Steuben","42.09142","-77.20978"
"02/11/2026","AQS","361010003","1","0.2","ppm","2","PINNACLE STATE PARK","9","38.0000","42101","Carbon monoxide","554","18500","Corning, NY","36","New York","101","Steuben","42.09142","-77.20978"
"02/25/2026","AQS","361010003","1","0.1","ppm","1","PINNACLE STATE PARK","7","29.0000","42101","Carbon monoxide","554","18500","Corning, NY","36","New York","101","Steuben","42.09142","-77.20978"
"02/26/2026","AQS","361010003","1","0.1","ppm","1","PINNACLE STATE PARK","24","100.0000","42101","Carbon monoxide","554","18500","Corning, NY","36","New York","101","Steuben","42.09142","-77.20978"
"02/27/2026","AQS","361010003","1","0.2","ppm","2","PINNACLE STATE PARK","24","100.0000","42101","Carbon monoxide","554","18500","Corning, NY","36","New York","101","Steuben","42.09142","-77.20978"
"02/28/2026","AQS","361010003","1","0.2","ppm","2","PINNACLE STATE PARK","24","100.0000","42101","Carbon monoxide","554","18500","Corning, NY","36","New York","101","Steuben","42.09142","-77.20978"
"03/01/2026","AQS","361010003","1","0.2","ppm","2","PINNACLE STATE PARK","24","100.0000","42101","Carbon monoxide","554","18500","Corning, NY","36","New York","101","Steuben","42.09142","-77.20978"
"03/02/2026","AQS","361010003","1","0.2","ppm","2","PINNACLE STATE PARK","24","100.0000","42101","Carbon monoxide","554","18500","Corning, NY","36","New York","101","Steuben","42.09142","-77.20978"
"03/03/2026","AQS","361010003","1","0.2","ppm","2","PINNACLE STATE PARK","24","100.0000","42101","Carbon monoxide","554","18500","Corning, NY","36","New York","101","Steuben","42.09142","-77.20978"
"03/04/2026","AQS","361010003","1","0.2","ppm","2","PINNACLE STATE PARK","24","100.0000","42101","Carbon monoxide","554","18500","Corning, NY","36","New York","101","Steuben","42.09142","-77.20978"
"03/05/2026","AQS","361010003","1","0.3","ppm","3","PINNACLE STATE PARK","24","100.0000","42101","Carbon monoxide","554","18500","Corning, NY","36","New York","101","Steuben","42.09142","-77.20978"
"03/06/2026","AQS","361010003","1","0.3","ppm","3","PINNACLE STATE PARK","24","100.0000","42101","Carbon monoxide","554","18500","Corning, NY","36","New York","101","Steuben","42.09142","-77.20978"
"03/07/2026","AQS","361010003","1","0.2","ppm","2","PINNACLE STATE PARK","24","100.0000","42101","Carbon monoxide","554","18500","Corning, NY","36","New York","101","Steuben","42.09142","-77.20978"
"03/08/2026","AQS","361010003","1","0.1","ppm","1","PINNACLE STATE PARK","24","100.0000","42101","Carbon monoxide","554","18500","Corning, NY","36","New York","101","Steuben","42.09142","-77.20978"
"03/09/2026","AQS","361010003","1","0.1","ppm","1","PINNACLE STATE PARK","24","100.0000","42101","Carbon monoxide","554","18500","Corning, NY","36","New York","101","Steuben","42.09142","-77.20978"
"03/10/2026","AQS","361010003","1","0.1","ppm","1","PINNACLE STATE PARK","24","100.0000","42101","Carbon monoxide","554","18500","Corning, NY","36","New York","101","Steuben","42.09142","-77.20978"
"03/11/2026","AQS","361010003","1","0.1","ppm","1","PINNACLE STATE PARK","24","100.0000","42101","Carbon monoxide","554","18500","Corning, NY","36","New York","101","Steuben","42.09142","-77.20978"
"03/12/2026","AQS","361010003","1","0.1","ppm","1","PINNACLE STATE PARK","24","100.0000","42101","Carbon monoxide","554","18500","Corning, NY","36","New York","101","Steuben","42.09142","-77.20978"
"03/13/2026","AQS","361010003","1","0.1","ppm","1","PINNACLE STATE PARK","24","100.0000","42101","Carbon monoxide","554","18500","Corning, NY","36","New York","101","Steuben","42.09142","-77.20978"
"03/14/2026","AQS","361010003","1","0.2","ppm","2","PINNACLE STATE PARK","24","100.0000","42101","Carbon monoxide","554","18500","Corning, NY","36","New York","101","Steuben","42.09142","-77.20978"
"03/15/2026","AQS","361010003","1","0.1","ppm","1","PINNACLE STATE PARK","24","100.0000","42101","Carbon monoxide","554","18500","Corning, NY","36","New York","101","Steuben","42.09142","-77.20978"
"03/16/2026","AQS","361010003","1","0.1","ppm","1","PINNACLE STATE PARK","24","100.0000","42101","Carbon monoxide","554","18500","Corning, NY","36","New York","101","Steuben","42.09142","-77.20978"
"03/17/2026","AQS","361010003","1","0.1","ppm","1","PINNACLE STATE PARK","24","100.0000","42101","Carbon monoxide","554","18500","Corning, NY","36","New York","101","Steuben","42.09142","-77.20978"
"03/18/2026","AQS","361010003","1","0.1","ppm","1","PINNACLE STATE PARK","24","100.0000","42101","Carbon monoxide","554","18500","Corning, NY","36","New York","101","Steuben","42.09142","-77.20978"
"03/19/2026","AQS","361010003","1","0.2","ppm","2","PINNACLE STATE PARK","24","100.0000","42101","Carbon monoxide","554","18500","Corning, NY","36","New York","101","Steuben","42.09142","-77.20978"
"03/20/2026","AQS","361010003","1","0.2","ppm","2","PINNACLE STATE PARK","24","100.0000","42101","Carbon monoxide","554","18500","Corning, NY","36","New York","101","Steuben","42.09142","-77.20978"
"03/21/2026","AQS","361010003","1","0.2","ppm","2","PINNACLE STATE PARK","24","100.0000","42101","Carbon monoxide","554","18500","Corning, NY","36","New York","101","Steuben","42.09142","-77.20978"
"03/22/2026","AQS","361010003","1","0.1","ppm","1","PINNACLE STATE PARK","24","100.0000","42101","Carbon monoxide","554","18500","Corning, NY","36","New York","101","Steuben","42.09142","-77.20978"
"03/23/2026","AQS","361010003","1","0.1","ppm","1","PINNACLE STATE PARK","24","100.0000","42101","Carbon monoxide","554","18500","Corning, NY","36","New York","101","Steuben","42.09142","-77.20978"
"03/24/2026","AQS","361010003","1","0.1","ppm","1","PINNACLE STATE PARK","24","100.0000","42101","Carbon monoxide","554","18500","Corning, NY","36","New York","101","Steuben","42.09142","-77.20978"
"03/25/2026","AQS","361010003","1","0.1","ppm","1","PINNACLE STATE PARK","24","100.0000","42101","Carbon monoxide","554","18500","Corning, NY","36","New York","101","Steuben","42.09142","-77.20978"
"03/26/2026","AQS","361010003","1","0.2","ppm","2","PINNACLE STATE PARK","19","79.0000","42101","Carbon monoxide","554","18500","Corning, NY","36","New York","101","Steuben","42.09142","-77.20978"
"03/27/2026","AQS","361010003","1","0.1","ppm","1","PINNACLE STATE PARK","12","50.0000","42101","Carbon monoxide","554","18500","Corning, NY","36","New York","101","Steuben","42.09142","-77.20978"
"03/28/2026","AQS","361010003","1","0.1","ppm","1","PINNACLE STATE PARK","24","100.0000","42101","Carbon monoxide","554","18500","Corning, NY","36","New York","101","Steuben","42.09142","-77.20978"
"03/29/2026","AQS","361010003","1","0.1","ppm","1","PINNACLE STATE PARK","24","100.0000","42101","Carbon monoxide","554","18500","Corning, NY","36","New York","101","Steuben","42.09142","-77.20978"
"03/30/2026","AQS","361010003","1","0.2","ppm","2","PINNACLE STATE PARK","24","100.0000","42101","Carbon monoxide","554","18500","Corning, NY","36","New York","101","Steuben","42.09142","-77.20978"
"03/31/2026","AQS","361010003","1","0.2","ppm","2","PINNACLE STATE PARK","24","100.0000","42101","Carbon monoxide","554","18500","Corning, NY","36","New York","101","Steuben","42.09142","-77.20978"
"04/01/2026","AQS","361010003","1","0.2","ppm","2","PINNACLE STATE PARK","24","100.0000","42101","Carbon monoxide","554","18500","Corning, NY","36","New York","101","Steuben","42.09142","-77.20978"
"04/02/2026","AQS","361010003","1","0.2","ppm","2","PINNACLE STATE PARK","24","100.0000","42101","Carbon monoxide","554","18500","Corning, NY","36","New York","101","Steuben","42.09142","-77.20978"
"04/03/2026","AQS","361010003","1","0.2","ppm","2","PINNACLE STATE PARK","24","100.0000","42101","Carbon monoxide","554","18500","Corning, NY","36","New York","101","Steuben","42.09142","-77.20978"
"04/04/2026","AQS","361010003","1","0.2","ppm","2","PINNACLE STATE PARK","24","100.0000","42101","Carbon monoxide","554","18500","Corning, NY","36","New York","101","Steuben","42.09142","-77.20978"
"04/05/2026","AQS","361010003","1","0.2","ppm","2","PINNACLE STATE PARK","5","21.0000","42101","Carbon monoxide","554","18500","Corning, NY","36","New York","101","Steuben","42.09142","-77.20978"
"04/10/2026","AQS","361010003","1","0.2","ppm","2","PINNACLE STATE PARK","4","17.0000","42101","Carbon monoxide","554","18500","Corning, NY","36","New York","101","Steuben","42.09142","-77.20978"
"04/11/2026","AQS","361010003","1","0.2","ppm","2","PINNACLE STATE PARK","24","100.0000","42101","Carbon monoxide","554","18500","Corning, NY","36","New York","101","Steuben","42.09142","-77.20978"
"04/12/2026","AQS","361010003","1","0.2","ppm","2","PINNACLE STATE PARK","24","100.0000","42101","Carbon monoxide","554","18500","Corning, NY","36","New York","101","Steuben","42.09142","-77.20978"
"04/13/2026","AQS","361010003","1","0.2","ppm","2","PINNACLE STATE PARK","24","100.0000","42101","Carbon monoxide","554","18500","Corning, NY","36","New York","101","Steuben","42.09142","-77.20978"
"04/14/2026","AQS","361010003","1","0.1","ppm","1","PINNACLE STATE PARK","24","100.0000","42101","Carbon monoxide","554","18500","Corning, NY","36","New York","101","Steuben","42.09142","-77.20978"
"04/15/2026","AQS","361010003","1","0.1","ppm","1","PINNACLE STATE PARK","24","100.0000","42101","Carbon monoxide","554","18500","Corning, NY","36","New York","101","Steuben","42.09142","-77.20978"
"04/16/2026","AQS","361010003","1","0.2","ppm","2","PINNACLE STATE PARK","24","100.0000","42101","Carbon monoxide","554","18500","Corning, NY","36","New York","101","Steuben","42.09142","-77.20978"
"04/17/2026","AQS","361010003","1","0.1","ppm","1","PINNACLE STATE PARK","17","71.0000","42101","Carbon monoxide","554","18500","Corning, NY","36","New York","101","Steuben","42.09142","-77.20978"
"04/18/2026","AQS","361010003","1","0.1","ppm","1","PINNACLE STATE PARK","24","100.0000","42101","Carbon monoxide","554","18500","Corning, NY","36","New York","101","Steuben","42.09142","-77.20978"
"04/19/2026","AQS","361010003","1","0.1","ppm","1","PINNACLE STATE PARK","24","100.0000","42101","Carbon monoxide","554","18500","Corning, NY","36","New York","101","Steuben","42.09142","-77.20978"
"04/20/2026","AQS","361010003","1","0.1","ppm","1","PINNACLE STATE PARK","24","100.0000","42101","Carbon monoxide","554","18500","Corning, NY","36","New York","101","Steuben","42.09142","-77.20978"
"04/21/2026","AQS","361010003","1","0.1","ppm","1","PINNACLE STATE PARK","24","100.0000","42101","Carbon monoxide","554","18500","Corning, NY","36","New York","101","Steuben","42.09142","-77.20978"
"04/22/2026","AQS","361010003","1","0.2","ppm","2","PINNACLE STATE PARK","24","100.0000","42101","Carbon monoxide","554","18500","Corning, NY","36","New York","101","Steuben","42.09142","-77.20978"
"04/23/2026","AQS","361010003","1","0.2","ppm","2","PINNACLE STATE PARK","24","100.0000","42101","Carbon monoxide","554","18500","Corning, NY","36","New York","101","Steuben","42.09142","-77.20978"
"04/24/2026","AQS","361010003","1","0.1","ppm","1","PINNACLE STATE PARK","24","100.0000","42101","Carbon monoxide","554","18500","Corning, NY","36","New York","101","Steuben","42.09142","-77.20978"
"04/25/2026","AQS","361010003","1","0.1","ppm","1","PINNACLE STATE PARK","24","100.0000","42101","Carbon monoxide","554","18500","Corning, NY","36","New York","101","Steuben","42.09142","-77.20978"
"04/26/2026","AQS","361010003","1","0.1","ppm","1","PINNACLE STATE PARK","24","100.0000","42101","Carbon monoxide","554","18500","Corning, NY","36","New York","101","Steuben","42.09142","-77.20978"
"04/27/2026","AQS","361010003","1","0.1","ppm","1","PINNACLE STATE PARK","24","100.0000","42101","Carbon monoxide","554","18500","Corning, NY","36","New York","101","Steuben","42.09142","-77.20978"
"04/28/2026","AQS","361010003","1","0.1","ppm","1","PINNACLE STATE PARK","24","100.0000","42101","Carbon monoxide","554","18500","Corning, NY","36","New York","101","Steuben","42.09142","-77.20978"
"04/29/2026","AQS","361010003","1","0.1","ppm","1","PINNACLE STATE PARK","24","100.0000","42101","Carbon monoxide","554","18500","Corning, NY","36","New York","101","Steuben","42.09142","-77.20978"
"04/30/2026","AQS","361010003","1","0.1","ppm","1","PINNACLE STATE PARK","24","100.0000","42101","Carbon monoxide","554","18500","Corning, NY","36","New York","101","Steuben","42.09142","-77.20978"
"05/01/2026","AQS","361010003","1","0.1","ppm","1","PINNACLE STATE PARK","18","75.0000","42101","Carbon monoxide","554","18500","Corning, NY","36","New York","101","Steuben","42.09142","-77.20978"
"05/02/2026","AQS","361010003","1","0.1","ppm","1","PINNACLE STATE PARK","24","100.0000","42101","Carbon monoxide","554","18500","Corning, NY","36","New York","101","Steuben","42.09142","-77.20978"
"05/03/2026","AQS","361010003","1","0.1","ppm","1","PINNACLE STATE PARK","24","100.0000","42101","Carbon monoxide","554","18500","Corning, NY","36","New York","101","Steuben","42.09142","-77.20978"
"05/04/2026","AQS","361010003","1","0.1","ppm","1","PINNACLE STATE PARK","24","100.0000","42101","Carbon monoxide","554","18500","Corning, NY","36","New York","101","Steuben","42.09142","-77.20978"
"05/05/2026","AQS","361010003","1","0.1","ppm","1","PINNACLE STATE PARK","13","54.0000","42101","Carbon monoxide","554","18500","Corning, NY","36","New York","101","Steuben","42.09142","-77.20978"
"05/07/2026","AQS","361010003","1","0.1","ppm","1","PINNACLE STATE PARK","24","100.0000","42101","Carbon monoxide","554","18500","Corning, NY","36","New York","101","Steuben","42.09142","-77.20978"
"05/08/2026","AQS","361010003","1","0.1","ppm","1","PINNACLE STATE PARK","24","100.0000","42101","Carbon monoxide","554","18500","Corning, NY","36","New York","101","Steuben","42.09142","-77.20978"
"05/09/2026","AQS","361010003","1","0.1","ppm","1","PINNACLE STATE PARK","24","100.0000","42101","Carbon monoxide","554","18500","Corning, NY","36","New York","101","Steuben","42.09142","-77.20978"
"05/10/2026","AQS","361010003","1","0.1","ppm","1","PINNACLE STATE PARK","24","100.0000","42101","Carbon monoxide","554","18500","Corning, NY","36","New York","101","Steuben","42.09142","-77.20978"
"05/11/2026","AQS","361010003","1","0.1","ppm","1","PINNACLE STATE PARK","24","100.0000","42101","Carbon monoxide","554","18500","Corning, NY","36","New York","101","Steuben","42.09142","-77.20978"
"05/12/2026","AQS","361010003","1","0.1","ppm","1","PINNACLE STATE PARK","24","100.0000","42101","Carbon monoxide","554","18500","Corning, NY","36","New York","101","Steuben","42.09142","-77.20978"
"05/13/2026","AQS","361010003","1","0.1","ppm","1","PINNACLE STATE PARK","24","100.0000","42101","Carbon monoxide","554","18500","Corning, NY","36","New York","101","Steuben","42.09142","-77.20978"
"05/14/2026","AQS","361010003","1","0.1","ppm","1","PINNACLE STATE PARK","24","100.0000","42101","Carbon monoxide","554","18500","Corning, NY","36","New York","101","Steuben","42.09142","-77.20978"
"05/15/2026","AQS","361010003","1","0.1","ppm","1","PINNACLE STATE PARK","24","100.0000","42101","Carbon monoxide","554","18500","Corning, NY","36","New York","101","Steuben","42.09142","-77.20978"
"05/16/2026","AQS","361010003","1","0.2","ppm","2","PINNACLE STATE PARK","24","100.0000","42101","Carbon monoxide","554","18500","Corning, NY","36","New York","101","Steuben","42.09142","-77.20978"
"05/17/2026","AQS","361010003","1","0.2","ppm","2","PINNACLE STATE PARK","24","100.0000","42101","Carbon monoxide","554","18500","Corning, NY","36","New York","101","Steuben","42.09142","-77.20978"
"05/18/2026","AQS","361010003","1","0.2","ppm","2","PINNACLE STATE PARK","24","100.0000","42101","Carbon monoxide","554","18500","Corning, NY","36","New York","101","Steuben","42.09142","-77.20978"
"05/19/2026","AQS","361010003","1","0.2","ppm","2","PINNACLE STATE PARK","24","100.0000","42101","Carbon monoxide","554","18500","Corning, NY","36","New York","101","Steuben","42.09142","-77.20978"
"05/20/2026","AQS","361010003","1","0.1","ppm","1","PINNACLE STATE PARK","24","100.0000","42101","Carbon monoxide","554","18500","Corning, NY","36","New York","101","Steuben","42.09142","-77.20978"
"05/21/2026","AQS","361010003","1","0.1","ppm","1","PINNACLE STATE PARK","24","100.0000","42101","Carbon monoxide","554","18500","Corning, NY","36","New York","101","Steuben","42.09142","-77.20978"
"05/22/2026","AQS","361010003","1","0.1","ppm","1","PINNACLE STATE PARK","24","100.0000","42101","Carbon monoxide","554","18500","Corning, NY","36","New York","101","Steuben","42.09142","-77.20978"
"05/23/2026","AQS","361010003","1","0.1","ppm","1","PINNACLE STATE PARK","24","100.0000","42101","Carbon monoxide","554","18500","Corning, NY","36","New York","101","Steuben","42.09142","-77.20978"
"05/24/2026","AQS","361010003","1","0.1","ppm","1","PINNACLE STATE PARK","24","100.0000","42101","Carbon monoxide","554","18500","Corning, NY","36","New York","101","Steuben","42.09142","-77.20978"
"05/25/2026","AQS","361010003","1","0.1","ppm","1","PINNACLE STATE PARK","24","100.0000","42101","Carbon monoxide","554","18500","Corning, NY","36","New York","101","Steuben","42.09142","-77.20978"
"05/26/2026","AQS","361010003","1","0.1","ppm","1","PINNACLE STATE PARK","24","100.0000","42101","Carbon monoxide","554","18500","Corning, NY","36","New York","101","Steuben","42.09142","-77.20978"
"05/27/2026","AQS","361010003","1","0.2","ppm","2","PINNACLE STATE PARK","24","100.0000","42101","Carbon monoxide","554","18500","Corning, NY","36","New York","101","Steuben","42.09142","-77.20978"
"05/28/2026","AQS","361010003","1","0.1","ppm","1","PINNACLE STATE PARK","22","92.0000","42101","Carbon monoxide","554","18500","Corning, NY","36","New York","101","Steuben","42.09142","-77.20978"
"05/29/2026","AQS","361010003","1","0.1","ppm","1","PINNACLE STATE PARK","17","71.0000","42101","Carbon monoxide","554","18500","Corning, NY","36","New York","101","Steuben","42.09142","-77.20978"
"05/30/2026","AQS","361010003","1","0.1","ppm","1","PINNACLE STATE PARK","24","100.0000","42101","Carbon monoxide","554","18500","Corning, NY","36","New York","101","Steuben","42.09142","-77.20978"
"05/31/2026","AQS","361010003","1","0.1","ppm","1","PINNACLE STATE PARK","24","100.0000","42101","Carbon monoxide","554","18500","Corning, NY","36","New York","101","Steuben","42.09142","-77.20978"
"06/01/2026","AQS","361010003","1","0.1","ppm","1","PINNACLE STATE PARK","24","100.0000","42101","Carbon monoxide","554","18500","Corning, NY","36","New York","101","Steuben","42.09142","-77.20978"
"06/02/2026","AQS","361010003","1","0.1","ppm","1","PINNACLE STATE PARK","24","100.0000","42101","Carbon monoxide","554","18500","Corning, NY","36","New York","101","Steuben","42.09142","-77.20978"
"06/03/2026","AQS","361010003","1","0.1","ppm","1","PINNACLE STATE PARK","24","100.0000","42101","Carbon monoxide","554","18500","Corning, NY","36","New York","101","Steuben","42.09142","-77.20978"
"06/04/2026","AQS","361010003","1","0.1","ppm","1","PINNACLE STATE PARK","15","63.0000","42101","Carbon monoxide","554","18500","Corning, NY","36","New York","101","Steuben","42.09142","-77.20978"
"06/05/2026","AQS","361010003","1","0.2","ppm","2","PINNACLE STATE PARK","24","100.0000","42101","Carbon monoxide","554","18500","Corning, NY","36","New York","101","Steuben","42.09142","-77.20978"
"06/06/2026","AQS","361010003","1","0.2","ppm","2","PINNACLE STATE PARK","24","100.0000","42101","Carbon monoxide","554","18500","Corning, NY","36","New York","101","Steuben","42.09142","-77.20978"
"06/07/2026","AQS","361010003","1","0.1","ppm","1","PINNACLE STATE PARK","24","100.0000","42101","Carbon monoxide","554","18500","Corning, NY","36","New York","101","Steuben","42.09142","-77.20978"
"06/08/2026","AQS","361010003","1","0.1","ppm","1","PINNACLE STATE PARK","24","100.0000","42101","Carbon monoxide","554","18500","Corning, NY","36","New York","101","Steuben","42.09142","-77.20978"
"06/09/2026","AQS","361010003","1","0.2","ppm","2","PINNACLE STATE PARK","24","100.0000","42101","Carbon monoxide","554","18500","Corning, NY","36","New York","101","Steuben","42.09142","-77.20978"
"06/10/2026","AQS","361010003","1","0.2","ppm","2","PINNACLE STATE PARK","24","100.0000","42101","Carbon monoxide","554","18500","Corning, NY","36","New York","101","Steuben","42.09142","-77.20978"
"06/11/2026","AQS","361010003","1","0.1","ppm","1","PINNACLE STATE PARK","24","100.0000","42101","Carbon monoxide","554","18500","Corning, NY","36","New York","101","Steuben","42.09142","-77.20978"
"06/12/2026","AQS","361010003","1","0.1","ppm","1","PINNACLE STATE PARK","24","100.0000","42101","Carbon monoxide","554","18500","Corning, NY","36","New York","101","Steuben","42.09142","-77.20978"
"06/13/2026","AQS","361010003","1","0.1","ppm","1","PINNACLE STATE PARK","24","100.0000","42101","Carbon monoxide","554","18500","Corning, NY","36","New York","101","Steuben","42.09142","-77.20978"
"06/14/2026","AQS","361010003","1","0.1","ppm","1","PINNACLE STATE PARK","24","100.0000","42101","Carbon monoxide","554","18500","Corning, NY","36","New York","101","Steuben","42.09142","-77.20978"
"06/15/2026","AQS","361010003","1","0.1","ppm","1","PINNACLE STATE PARK","24","100.0000","42101","Carbon monoxide","554","18500","Corning, NY","36","New York","101","Steuben","42.09142","-77.20978"
"06/16/2026","AQS","361010003","1","0.1","ppm","1","PINNACLE STATE PARK","24","100.0000","42101","Carbon monoxide","554","18500","Corning, NY","36","New York","101","Steuben","42.09142","-77.20978"
"06/17/2026","AQS","361010003","1","0.1","ppm","1","PINNACLE STATE PARK","24","100.0000","42101","Carbon monoxide","554","18500","Corning, NY","36","New York","101","Steuben","42.09142","-77.20978"
"06/18/2026","AQS","361010003","1","0.1","ppm","1","PINNACLE STATE PARK","24","100.0000","42101","Carbon monoxide","554","18500","Corning, NY","36","New York","101","Steuben","42.09142","-77.20978"
"06/19/2026","AQS","361010003","1","0.1","ppm","1","PINNACLE STATE PARK","24","100.0000","42101","Carbon monoxide","554","18500","Corning, NY","36","New York","101","Steuben","42.09142","-77.20978"
"06/20/2026","AQS","361010003","1","0.1","ppm","1","PINNACLE STATE PARK","24","100.0000","42101","Carbon monoxide","554","18500","Corning, NY","36","New York","101","Steuben","42.09142","-77.20978"
"06/21/2026","AQS","361010003","1","0.1","ppm","1","PINNACLE STATE PARK","24","100.0000","42101","Carbon monoxide","554","18500","Corning, NY","36","New York","101","Steuben","42.09142","-77.20978"
"06/22/2026","AQS","361010003","1","0.1","ppm","1","PINNACLE STATE PARK","24","100.0000","42101","Carbon monoxide","554","18500","Corning, NY","36","New York","101","Steuben","42.09142","-77.20978"
"06/23/2026","AQS","361010003","1","0.1","ppm","1","PINNACLE STATE PARK","24","100.0000","42101","Carbon monoxide","554","18500","Corning, NY","36","New York","101","Steuben","42.09142","-77.20978"
"06/24/2026","AQS","361010003","1","0.1","ppm","1","PINNACLE STATE PARK","24","100.0000","42101","Carbon monoxide","554","18500","Corning, NY","36","New York","101","Steuben","42.09142","-77.20978"
"06/25/2026","AQS","361010003","1","0.1","ppm","1","PINNACLE STATE PARK","20","83.0000","42101","Carbon monoxide","554","18500","Corning, NY","36","New York","101","Steuben","42.09142","-77.20978"
"06/26/2026","AQS","361010003","1","0.1","ppm","1","PINNACLE STATE PARK","24","100.0000","42101","Carbon monoxide","554","18500","Corning, NY","36","New York","101","Steuben","42.09142","-77.20978"
"06/27/2026","AQS","361010003","1","0.2","ppm","2","PINNACLE STATE PARK","24","100.0000","42101","Carbon monoxide","554","18500","Corning, NY","36","New York","101","Steuben","42.09142","-77.20978"
"06/28/2026","AQS","361010003","1","0.1","ppm","1","PINNACLE STATE PARK","24","100.0000","42101","Carbon monoxide","554","18500","Corning, NY","36","New York","101","Steuben","42.09142","-77.20978"
"06/29/2026","AQS","361010003","1","0.1","ppm","1","PINNACLE STATE PARK","24","100.0000","42101","Carbon monoxide","554","18500","Corning, NY","36","New York","101","Steuben","42.09142","-77.20978"
"06/30/2026","AQS","361010003","1","0.2","ppm","2","PINNACLE STATE PARK","24","100.0000","42101","Carbon monoxide","554","18500","Corning, NY","36","New York","101","Steuben","42.09142","-77.20978"
"07/01/2026","AQS","361010003","1","0.2","ppm","2","PINNACLE STATE PARK","2","8.0000","42101","Carbon monoxide","554","18500","Corning, NY","36","New York","101","Steuben","42.09142","-77.20978"
"01/01/2026","AQS","361030044","1","0.1","ppm","1","Flax Pond","19","79.0000","42101","Carbon monoxide","554","35620","New York-Newark-Jersey City, NY-NJ-PA","36","New York","103","Suffolk","40.9610170009341","-73.139046"
"01/02/2026","AQS","361030044","1","0.2","ppm","2","Flax Pond","12","50.0000","42101","Carbon monoxide","554","35620","New York-Newark-Jersey City, NY-NJ-PA","36","New York","103","Suffolk","40.9610170009341","-73.139046"
"01/03/2026","AQS","361030044","1","0.1","ppm","1","Flax Pond","24","100.0000","42101","Carbon monoxide","554","35620","New York-Newark-Jersey City, NY-NJ-PA","36","New York","103","Suffolk","40.9610170009341","-73.139046"
"01/04/2026","AQS","361030044","1","0.2","ppm","2","Flax Pond","24","100.0000","42101","Carbon monoxide","554","35620","New York-Newark-Jersey City, NY-NJ-PA","36","New York","103","Suffolk","40.9610170009341","-73.139046"
"01/05/2026","AQS","361030044","1","0.2","ppm","2","Flax Pond","24","100.0000","42101","Carbon monoxide","554","35620","New York-Newark-Jersey City, NY-NJ-PA","36","New York","103","Suffolk","40.9610170009341","-73.139046"
"01/06/2026","AQS","361030044","1","0.2","ppm","2","Flax Pond","24","100.0000","42101","Carbon monoxide","554","35620","New York-Newark-Jersey City, NY-NJ-PA","36","New York","103","Suffolk","40.9610170009341","-73.139046"
"01/07/2026","AQS","361030044","1","0.3","ppm","3","Flax Pond","24","100.0000","42101","Carbon monoxide","554","35620","New York-Newark-Jersey City, NY-NJ-PA","36","New York","103","Suffolk","40.9610170009341","-73.139046"
"01/08/2026","AQS","361030044","1","0.2","ppm","2","Flax Pond","24","100.0000","42101","Carbon monoxide","554","35620","New York-Newark-Jersey City, NY-NJ-PA","36","New York","103","Suffolk","40.9610170009341","-73.139046"
"01/09/2026","AQS","361030044","1","0.2","ppm","2","Flax Pond","24","100.0000","42101","Carbon monoxide","554","35620","New York-Newark-Jersey City, NY-NJ-PA","36","New York","103","Suffolk","40.9610170009341","-73.139046"
"01/10/2026","AQS","361030044","1","0.2","ppm","2","Flax Pond","24","100.0000","42101","Carbon monoxide","554","35620","New York-Newark-Jersey City, NY-NJ-PA","36","New York","103","Suffolk","40.9610170009341","-73.139046"
"01/11/2026","AQS","361030044","1","0.2","ppm","2","Flax Pond","24","100.0000","42101","Carbon monoxide","554","35620","New York-Newark-Jersey City, NY-NJ-PA","36","New York","103","Suffolk","40.9610170009341","-73.139046"
"01/12/2026","AQS","361030044","1","0.2","ppm","2","Flax Pond","24","100.0000","42101","Carbon monoxide","554","35620","New York-Newark-Jersey City, NY-NJ-PA","36","New York","103","Suffolk","40.9610170009341","-73.139046"
"01/13/2026","AQS","361030044","1","0.2","ppm","2","Flax Pond","24","100.0000","42101","Carbon monoxide","554","35620","New York-Newark-Jersey City, NY-NJ-PA","36","New York","103","Suffolk","40.9610170009341","-73.139046"
"01/14/2026","AQS","361030044","1","0.2","ppm","2","Flax Pond","24","100.0000","42101","Carbon monoxide","554","35620","New York-Newark-Jersey City, NY-NJ-PA","36","New York","103","Suffolk","40.9610170009341","-73.139046"
"01/15/2026","AQS","361030044","1","0.2","ppm","2","Flax Pond","24","100.0000","42101","Carbon monoxide","554","35620","New York-Newark-Jersey City, NY-NJ-PA","36","New York","103","Suffolk","40.9610170009341","-73.139046"
"01/16/2026","AQS","361030044","1","0.2","ppm","2","Flax Pond","18","75.0000","42101","Carbon monoxide","554","35620","New York-Newark-Jersey City, NY-NJ-PA","36","New York","103","Suffolk","40.9610170009341","-73.139046"
"01/17/2026","AQS","361030044","1","0.3","ppm","3","Flax Pond","24","100.0000","42101","Carbon monoxide","554","35620","New York-Newark-Jersey City, NY-NJ-PA","36","New York","103","Suffolk","40.9610170009341","-73.139046"
"01/18/2026","AQS","361030044","1","0.5","ppm","6","Flax Pond","24","100.0000","42101","Carbon monoxide","554","35620","New York-Newark-Jersey City, NY-NJ-PA","36","New York","103","Suffolk","40.9610170009341","-73.139046"
"01/19/2026","AQS","361030044","1","0.2","ppm","2","Flax Pond","24","100.0000","42101","Carbon monoxide","554","35620","New York-Newark-Jersey City, NY-NJ-PA","36","New York","103","Suffolk","40.9610170009341","-73.139046"
"01/20/2026","AQS","361030044","1","0.2","ppm","2","Flax Pond","24","100.0000","42101","Carbon monoxide","554","35620","New York-Newark-Jersey City, NY-NJ-PA","36","New York","103","Suffolk","40.9610170009341","-73.139046"
"01/21/2026","AQS","361030044","1","0.2","ppm","2","Flax Pond","24","100.0000","42101","Carbon monoxide","554","35620","New York-Newark-Jersey City, NY-NJ-PA","36","New York","103","Suffolk","40.9610170009341","-73.139046"
"01/22/2026","AQS","361030044","1","0.2","ppm","2","Flax Pond","24","100.0000","42101","Carbon monoxide","554","35620","New York-Newark-Jersey City, NY-NJ-PA","36","New York","103","Suffolk","40.9610170009341","-73.139046"
"01/23/2026","AQS","361030044","1","0.2","ppm","2","Flax Pond","18","75.0000","42101","Carbon monoxide","554","35620","New York-Newark-Jersey City, NY-NJ-PA","36","New York","103","Suffolk","40.9610170009341","-73.139046"
"01/24/2026","AQS","361030044","1","0.1","ppm","1","Flax Pond","24","100.0000","42101","Carbon monoxide","554","35620","New York-Newark-Jersey City, NY-NJ-PA","36","New York","103","Suffolk","40.9610170009341","-73.139046"
"01/25/2026","AQS","361030044","1","0.2","ppm","2","Flax Pond","24","100.0000","42101","Carbon monoxide","554","35620","New York-Newark-Jersey City, NY-NJ-PA","36","New York","103","Suffolk","40.9610170009341","-73.139046"
"01/26/2026","AQS","361030044","1","0.2","ppm","2","Flax Pond","24","100.0000","42101","Carbon monoxide","554","35620","New York-Newark-Jersey City, NY-NJ-PA","36","New York","103","Suffolk","40.9610170009341","-73.139046"
"01/27/2026","AQS","361030044","1","0.2","ppm","2","Flax Pond","24","100.0000","42101","Carbon monoxide","554","35620","New York-Newark-Jersey City, NY-NJ-PA","36","New York","103","Suffolk","40.9610170009341","-73.139046"
"01/28/2026","AQS","361030044","1","0.2","ppm","2","Flax Pond","14","58.0000","42101","Carbon monoxide","554","35620","New York-Newark-Jersey City, NY-NJ-PA","36","New York","103","Suffolk","40.9610170009341","-73.139046"
"02/03/2026","AQS","361030044","1","0.3","ppm","3","Flax Pond","21","88.0000","42101","Carbon monoxide","554","35620","New York-Newark-Jersey City, NY-NJ-PA","36","New York","103","Suffolk","40.9610170009341","-73.139046"
"02/04/2026","AQS","361030044","1","0.3","ppm","3","Flax Pond","24","100.0000","42101","Carbon monoxide","554","35620","New York-Newark-Jersey City, NY-NJ-PA","36","New York","103","Suffolk","40.9610170009341","-73.139046"
"02/05/2026","AQS","361030044","1","0.2","ppm","2","Flax Pond","24","100.0000","42101","Carbon monoxide","554","35620","New York-Newark-Jersey City, NY-NJ-PA","36","New York","103","Suffolk","40.9610170009341","-73.139046"
"02/06/2026","AQS","361030044","1","0.2","ppm","2","Flax Pond","24","100.0000","42101","Carbon monoxide","554","35620","New York-Newark-Jersey City, NY-NJ-PA","36","New York","103","Suffolk","40.9610170009341","-73.139046"
"02/07/2026","AQS","361030044","1","0.3","ppm","3","Flax Pond","24","100.0000","42101","Carbon monoxide","554","35620","New York-Newark-Jersey City, NY-NJ-PA","36","New York","103","Suffolk","40.9610170009341","-73.139046"
"02/08/2026","AQS","361030044","1","0.1","ppm","1","Flax Pond","24","100.0000","42101","Carbon monoxide","554","35620","New York-Newark-Jersey City, NY-NJ-PA","36","New York","103","Suffolk","40.9610170009341","-73.139046"
"02/09/2026","AQS","361030044","1","0.2","ppm","2","Flax Pond","24","100.0000","42101","Carbon monoxide","554","35620","New York-Newark-Jersey City, NY-NJ-PA","36","New York","103","Suffolk","40.9610170009341","-73.139046"
"02/10/2026","AQS","361030044","1","0.2","ppm","2","Flax Pond","17","71.0000","42101","Carbon monoxide","554","35620","New York-Newark-Jersey City, NY-NJ-PA","36","New York","103","Suffolk","40.9610170009341","-73.139046"
"02/11/2026","AQS","361030044","1","0.3","ppm","3","Flax Pond","24","100.0000","42101","Carbon monoxide","554","35620","New York-Newark-Jersey City, NY-NJ-PA","36","New York","103","Suffolk","40.9610170009341","-73.139046"
"02/12/2026","AQS","361030044","1","0.2","ppm","2","Flax Pond","24","100.0000","42101","Carbon monoxide","554","35620","New York-Newark-Jersey City, NY-NJ-PA","36","New York","103","Suffolk","40.9610170009341","-73.139046"
"02/13/2026","AQS","361030044","1","0.3","ppm","3","Flax Pond","24","100.0000","42101","Carbon monoxide","554","35620","New York-Newark-Jersey City, NY-NJ-PA","36","New York","103","Suffolk","40.9610170009341","-73.139046"
"02/14/2026","AQS","361030044","1","0.3","ppm","3","Flax Pond","24","100.0000","42101","Carbon monoxide","554","35620","New York-Newark-Jersey City, NY-NJ-PA","36","New York","103","Suffolk","40.9610170009341","-73.139046"
"02/15/2026","AQS","361030044","1","0.3","ppm","3","Flax Pond","24","100.0000","42101","Carbon monoxide","554","35620","New York-Newark-Jersey City, NY-NJ-PA","36","New York","103","Suffolk","40.9610170009341","-73.139046"
"02/16/2026","AQS","361030044","1","0.2","ppm","2","Flax Pond","24","100.0000","42101","Carbon monoxide","554","35620","New York-Newark-Jersey City, NY-NJ-PA","36","New York","103","Suffolk","40.9610170009341","-73.139046"
"02/17/2026","AQS","361030044","1","0.4","ppm","5","Flax Pond","24","100.0000","42101","Carbon monoxide","554","35620","New York-Newark-Jersey City, NY-NJ-PA","36","New York","103","Suffolk","40.9610170009341","-73.139046"
"02/18/2026","AQS","361030044","1","0.4","ppm","5","Flax Pond","24","100.0000","42101","Carbon monoxide","554","35620","New York-Newark-Jersey City, NY-NJ-PA","36","New York","103","Suffolk","40.9610170009341","-73.139046"
"02/19/2026","AQS","361030044","1","0.4","ppm","5","Flax Pond","24","100.0000","42101","Carbon monoxide","554","35620","New York-Newark-Jersey City, NY-NJ-PA","36","New York","103","Suffolk","40.9610170009341","-73.139046"
"02/20/2026","AQS","361030044","1","0.2","ppm","2","Flax Pond","24","100.0000","42101","Carbon monoxide","554","35620","New York-Newark-Jersey City, NY-NJ-PA","36","New York","103","Suffolk","40.9610170009341","-73.139046"
"02/21/2026","AQS","361030044","1","0.2","ppm","2","Flax Pond","24","100.0000","42101","Carbon monoxide","554","35620","New York-Newark-Jersey City, NY-NJ-PA","36","New York","103","Suffolk","40.9610170009341","-73.139046"
"02/22/2026","AQS","361030044","1","0.2","ppm","2","Flax Pond","24","100.0000","42101","Carbon monoxide","554","35620","New York-Newark-Jersey City, NY-NJ-PA","36","New York","103","Suffolk","40.9610170009341","-73.139046"
"02/23/2026","AQS","361030044","1","0.2","ppm","2","Flax Pond","24","100.0000","42101","Carbon monoxide","554","35620","New York-Newark-Jersey City, NY-NJ-PA","36","New York","103","Suffolk","40.9610170009341","-73.139046"
"02/24/2026","AQS","361030044","1","0.2","ppm","2","Flax Pond","24","100.0000","42101","Carbon monoxide","554","35620","New York-Newark-Jersey City, NY-NJ-PA","36","New York","103","Suffolk","40.9610170009341","-73.139046"
"02/25/2026","AQS","361030044","1","0.2","ppm","2","Flax Pond","24","100.0000","42101","Carbon monoxide","554","35620","New York-Newark-Jersey City, NY-NJ-PA","36","New York","103","Suffolk","40.9610170009341","-73.139046"
"02/26/2026","AQS","361030044","1","0.4","ppm","5","Flax Pond","24","100.0000","42101","Carbon monoxide","554","35620","New York-Newark-Jersey City, NY-NJ-PA","36","New York","103","Suffolk","40.9610170009341","-73.139046"
"02/27/2026","AQS","361030044","1","0.3","ppm","3","Flax Pond","24","100.0000","42101","Carbon monoxide","554","35620","New York-Newark-Jersey City, NY-NJ-PA","36","New York","103","Suffolk","40.9610170009341","-73.139046"
"02/28/2026","AQS","361030044","1","0.3","ppm","3","Flax Pond","24","100.0000","42101","Carbon monoxide","554","35620","New York-Newark-Jersey City, NY-NJ-PA","36","New York","103","Suffolk","40.9610170009341","-73.139046"
"03/01/2026","AQS","361030044","1","0.2","ppm","2","Flax Pond","24","100.0000","42101","Carbon monoxide","554","35620","New York-Newark-Jersey City, NY-NJ-PA","36","New York","103","Suffolk","40.9610170009341","-73.139046"
"03/02/2026","AQS","361030044","1","0.2","ppm","2","Flax Pond","24","100.0000","42101","Carbon monoxide","554","35620","New York-Newark-Jersey City, NY-NJ-PA","36","New York","103","Suffolk","40.9610170009341","-73.139046"
"03/03/2026","AQS","361030044","1","0.2","ppm","2","Flax Pond","24","100.0000","42101","Carbon monoxide","554","35620","New York-Newark-Jersey City, NY-NJ-PA","36","New York","103","Suffolk","40.9610170009341","-73.139046"
"03/04/2026","AQS","361030044","1","0.4","ppm","5","Flax Pond","24","100.0000","42101","Carbon monoxide","554","35620","New York-Newark-Jersey City, NY-NJ-PA","36","New York","103","Suffolk","40.9610170009341","-73.139046"
"03/05/2026","AQS","361030044","1","0.5","ppm","6","Flax Pond","24","100.0000","42101","Carbon monoxide","554","35620","New York-Newark-Jersey City, NY-NJ-PA","36","New York","103","Suffolk","40.9610170009341","-73.139046"
"03/06/2026","AQS","361030044","1","0.2","ppm","2","Flax Pond","24","100.0000","42101","Carbon monoxide","554","35620","New York-Newark-Jersey City, NY-NJ-PA","36","New York","103","Suffolk","40.9610170009341","-73.139046"
"03/07/2026","AQS","361030044","1","0.2","ppm","2","Flax Pond","24","100.0000","42101","Carbon monoxide","554","35620","New York-Newark-Jersey City, NY-NJ-PA","36","New York","103","Suffolk","40.9610170009341","-73.139046"
"03/08/2026","AQS","361030044","1","0.3","ppm","3","Flax Pond","24","100.0000","42101","Carbon monoxide","554","35620","New York-Newark-Jersey City, NY-NJ-PA","36","New York","103","Suffolk","40.9610170009341","-73.139046"
"03/09/2026","AQS","361030044","1","0.3","ppm","3","Flax Pond","24","100.0000","42101","Carbon monoxide","554","35620","New York-Newark-Jersey City, NY-NJ-PA","36","New York","103","Suffolk","40.9610170009341","-73.139046"
"03/10/2026","AQS","361030044","1","0.2","ppm","2","Flax Pond","24","100.0000","42101","Carbon monoxide","554","35620","New York-Newark-Jersey City, NY-NJ-PA","36","New York","103","Suffolk","40.9610170009341","-73.139046"
"03/11/2026","AQS","361030044","1","0.2","ppm","2","Flax Pond","24","100.0000","42101","Carbon monoxide","554","35620","New York-Newark-Jersey City, NY-NJ-PA","36","New York","103","Suffolk","40.9610170009341","-73.139046"
"03/12/2026","AQS","361030044","1","0.2","ppm","2","Flax Pond","24","100.0000","42101","Carbon monoxide","554","35620","New York-Newark-Jersey City, NY-NJ-PA","36","New York","103","Suffolk","40.9610170009341","-73.139046"
"03/13/2026","AQS","361030044","1","0.2","ppm","2","Flax Pond","24","100.0000","42101","Carbon monoxide","554","35620","New York-Newark-Jersey City, NY-NJ-PA","36","New York","103","Suffolk","40.9610170009341","-73.139046"
"03/14/2026","AQS","361030044","1","0.2","ppm","2","Flax Pond","24","100.0000","42101","Carbon monoxide","554","35620","New York-Newark-Jersey City, NY-NJ-PA","36","New York","103","Suffolk","40.9610170009341","-73.139046"
"03/15/2026","AQS","361030044","1","0.2","ppm","2","Flax Pond","24","100.0000","42101","Carbon monoxide","554","35620","New York-Newark-Jersey City, NY-NJ-PA","36","New York","103","Suffolk","40.9610170009341","-73.139046"
"03/16/2026","AQS","361030044","1","0.2","ppm","2","Flax Pond","24","100.0000","42101","Carbon monoxide","554","35620","New York-Newark-Jersey City, NY-NJ-PA","36","New York","103","Suffolk","40.9610170009341","-73.139046"
"03/17/2026","AQS","361030044","1","0.5","ppm","6","Flax Pond","24","100.0000","42101","Carbon monoxide","554","35620","New York-Newark-Jersey City, NY-NJ-PA","36","New York","103","Suffolk","40.9610170009341","-73.139046"
"03/18/2026","AQS","361030044","1","0.2","ppm","2","Flax Pond","24","100.0000","42101","Carbon monoxide","554","35620","New York-Newark-Jersey City, NY-NJ-PA","36","New York","103","Suffolk","40.9610170009341","-73.139046"
"03/19/2026","AQS","361030044","1","0.2","ppm","2","Flax Pond","24","100.0000","42101","Carbon monoxide","554","35620","New York-Newark-Jersey City, NY-NJ-PA","36","New York","103","Suffolk","40.9610170009341","-73.139046"
"03/20/2026","AQS","361030044","1","0.2","ppm","2","Flax Pond","24","100.0000","42101","Carbon monoxide","554","35620","New York-Newark-Jersey City, NY-NJ-PA","36","New York","103","Suffolk","40.9610170009341","-73.139046"
"03/21/2026","AQS","361030044","1","0.2","ppm","2","Flax Pond","24","100.0000","42101","Carbon monoxide","554","35620","New York-Newark-Jersey City, NY-NJ-PA","36","New York","103","Suffolk","40.9610170009341","-73.139046"
"03/22/2026","AQS","361030044","1","0.2","ppm","2","Flax Pond","24","100.0000","42101","Carbon monoxide","554","35620","New York-Newark-Jersey City, NY-NJ-PA","36","New York","103","Suffolk","40.9610170009341","-73.139046"
"03/23/2026","AQS","361030044","1","0.2","ppm","2","Flax Pond","24","100.0000","42101","Carbon monoxide","554","35620","New York-Newark-Jersey City, NY-NJ-PA","36","New York","103","Suffolk","40.9610170009341","-73.139046"
"03/24/2026","AQS","361030044","1","0.2","ppm","2","Flax Pond","24","100.0000","42101","Carbon monoxide","554","35620","New York-Newark-Jersey City, NY-NJ-PA","36","New York","103","Suffolk","40.9610170009341","-73.139046"
"03/25/2026","AQS","361030044","1","0.2","ppm","2","Flax Pond","24","100.0000","42101","Carbon monoxide","554","35620","New York-Newark-Jersey City, NY-NJ-PA","36","New York","103","Suffolk","40.9610170009341","-73.139046"
"03/26/2026","AQS","361030044","1","0.2","ppm","2","Flax Pond","24","100.0000","42101","Carbon monoxide","554","35620","New York-Newark-Jersey City, NY-NJ-PA","36","New York","103","Suffolk","40.9610170009341","-73.139046"
"03/27/2026","AQS","361030044","1","0.2","ppm","2","Flax Pond","24","100.0000","42101","Carbon monoxide","554","35620","New York-Newark-Jersey City, NY-NJ-PA","36","New York","103","Suffolk","40.9610170009341","-73.139046"
"03/28/2026","AQS","361030044","1","0.1","ppm","1","Flax Pond","24","100.0000","42101","Carbon monoxide","554","35620","New York-Newark-Jersey City, NY-NJ-PA","36","New York","103","Suffolk","40.9610170009341","-73.139046"
"03/29/2026","AQS","361030044","1","0.2","ppm","2","Flax Pond","24","100.0000","42101","Carbon monoxide","554","35620","New York-Newark-Jersey City, NY-NJ-PA","36","New York","103","Suffolk","40.9610170009341","-73.139046"
"03/30/2026","AQS","361030044","1","0.2","ppm","2","Flax Pond","24","100.0000","42101","Carbon monoxide","554","35620","New York-Newark-Jersey City, NY-NJ-PA","36","New York","103","Suffolk","40.9610170009341","-73.139046"
"03/31/2026","AQS","361030044","1","0.2","ppm","2","Flax Pond","24","100.0000","42101","Carbon monoxide","554","35620","New York-Newark-Jersey City, NY-NJ-PA","36","New York","103","Suffolk","40.9610170009341","-73.139046"
"04/01/2026","AQS","361030044","1","0.2","ppm","2","Flax Pond","18","75.0000","42101","Carbon monoxide","554","35620","New York-Newark-Jersey City, NY-NJ-PA","36","New York","103","Suffolk","40.9610170009341","-73.139046"
"04/02/2026","AQS","361030044","1","0.2","ppm","2","Flax Pond","24","100.0000","42101","Carbon monoxide","554","35620","New York-Newark-Jersey City, NY-NJ-PA","36","New York","103","Suffolk","40.9610170009341","-73.139046"
"04/03/2026","AQS","361030044","1","0.2","ppm","2","Flax Pond","24","100.0000","42101","Carbon monoxide","554","35620","New York-Newark-Jersey City, NY-NJ-PA","36","New York","103","Suffolk","40.9610170009341","-73.139046"
"04/04/2026","AQS","361030044","1","0.3","ppm","3","Flax Pond","24","100.0000","42101","Carbon monoxide","554","35620","New York-Newark-Jersey City, NY-NJ-PA","36","New York","103","Suffolk","40.9610170009341","-73.139046"
"04/05/2026","AQS","361030044","1","0.2","ppm","2","Flax Pond","24","100.0000","42101","Carbon monoxide","554","35620","New York-Newark-Jersey City, NY-NJ-PA","36","New York","103","Suffolk","40.9610170009341","-73.139046"
"04/06/2026","AQS","361030044","1","0.2","ppm","2","Flax Pond","24","100.0000","42101","Carbon monoxide","554","35620","New York-Newark-Jersey City, NY-NJ-PA","36","New York","103","Suffolk","40.9610170009341","-73.139046"
"04/07/2026","AQS","361030044","1","0.2","ppm","2","Flax Pond","24","100.0000","42101","Carbon monoxide","554","35620","New York-Newark-Jersey City, NY-NJ-PA","36","New York","103","Suffolk","40.9610170009341","-73.139046"
"04/08/2026","AQS","361030044","1","0.1","ppm","1","Flax Pond","24","100.0000","42101","Carbon monoxide","554","35620","New York-Newark-Jersey City, NY-NJ-PA","36","New York","103","Suffolk","40.9610170009341","-73.139046"
"04/09/2026","AQS","361030044","1","0.2","ppm","2","Flax Pond","24","100.0000","42101","Carbon monoxide","554","35620","New York-Newark-Jersey City, NY-NJ-PA","36","New York","103","Suffolk","40.9610170009341","-73.139046"
"04/10/2026","AQS","361030044","1","0.2","ppm","2","Flax Pond","24","100.0000","42101","Carbon monoxide","554","35620","New York-Newark-Jersey City, NY-NJ-PA","36","New York","103","Suffolk","40.9610170009341","-73.139046"
"04/11/2026","AQS","361030044","1","0.2","ppm","2","Flax Pond","24","100.0000","42101","Carbon monoxide","554","35620","New York-Newark-Jersey City, NY-NJ-PA","36","New York","103","Suffolk","40.9610170009341","-73.139046"
"04/12/2026","AQS","361030044","1","0.1","ppm","1","Flax Pond","24","100.0000","42101","Carbon monoxide","554","35620","New York-Newark-Jersey City, NY-NJ-PA","36","New York","103","Suffolk","40.9610170009341","-73.139046"
"04/13/2026","AQS","361030044","1","0.2","ppm","2","Flax Pond","24","100.0000","42101","Carbon monoxide","554","35620","New York-Newark-Jersey City, NY-NJ-PA","36","New York","103","Suffolk","40.9610170009341","-73.139046"
"04/14/2026","AQS","361030044","1","0.2","ppm","2","Flax Pond","24","100.0000","42101","Carbon monoxide","554","35620","New York-Newark-Jersey City, NY-NJ-PA","36","New York","103","Suffolk","40.9610170009341","-73.139046"
"04/15/2026","AQS","361030044","1","0.2","ppm","2","Flax Pond","16","67.0000","42101","Carbon monoxide","554","35620","New York-Newark-Jersey City, NY-NJ-PA","36","New York","103","Suffolk","40.9610170009341","-73.139046"
"04/16/2026","AQS","361030044","1","0.2","ppm","2","Flax Pond","24","100.0000","42101","Carbon monoxide","554","35620","New York-Newark-Jersey City, NY-NJ-PA","36","New York","103","Suffolk","40.9610170009341","-73.139046"
"04/17/2026","AQS","361030044","1","0.2","ppm","2","Flax Pond","24","100.0000","42101","Carbon monoxide","554","35620","New York-Newark-Jersey City, NY-NJ-PA","36","New York","103","Suffolk","40.9610170009341","-73.139046"
"04/18/2026","AQS","361030044","1","0.2","ppm","2","Flax Pond","24","100.0000","42101","Carbon monoxide","554","35620","New York-Newark-Jersey City, NY-NJ-PA","36","New York","103","Suffolk","40.9610170009341","-73.139046"
"04/19/2026","AQS","361030044","1","0.1","ppm","1","Flax Pond","24","100.0000","42101","Carbon monoxide","554","35620","New York-Newark-Jersey City, NY-NJ-PA","36","New York","103","Suffolk","40.9610170009341","-73.139046"
"04/20/2026","AQS","361030044","1","0.2","ppm","2","Flax Pond","24","100.0000","42101","Carbon monoxide","554","35620","New York-Newark-Jersey City, NY-NJ-PA","36","New York","103","Suffolk","40.9610170009341","-73.139046"
"04/21/2026","AQS","361030044","1","0.1","ppm","1","Flax Pond","16","67.0000","42101","Carbon monoxide","554","35620","New York-Newark-Jersey City, NY-NJ-PA","36","New York","103","Suffolk","40.9610170009341","-73.139046"
"04/22/2026","AQS","361030044","1","0.1","ppm","1","Flax Pond","24","100.0000","42101","Carbon monoxide","554","35620","New York-Newark-Jersey City, NY-NJ-PA","36","New York","103","Suffolk","40.9610170009341","-73.139046"
"04/23/2026","AQS","361030044","1","0.2","ppm","2","Flax Pond","24","100.0000","42101","Carbon monoxide","554","35620","New York-Newark-Jersey City, NY-NJ-PA","36","New York","103","Suffolk","40.9610170009341","-73.139046"
"04/24/2026","AQS","361030044","1","0.1","ppm","1","Flax Pond","24","100.0000","42101","Carbon monoxide","554","35620","New York-Newark-Jersey City, NY-NJ-PA","36","New York","103","Suffolk","40.9610170009341","-73.139046"
"04/25/2026","AQS","361030044","1","0.1","ppm","1","Flax Pond","24","100.0000","42101","Carbon monoxide","554","35620","New York-Newark-Jersey City, NY-NJ-PA","36","New York","103","Suffolk","40.9610170009341","-73.139046"
"04/26/2026","AQS","361030044","1","0.2","ppm","2","Flax Pond","24","100.0000","42101","Carbon monoxide","554","35620","New York-Newark-Jersey City, NY-NJ-PA","36","New York","103","Suffolk","40.9610170009341","-73.139046"
"04/27/2026","AQS","361030044","1","0.2","ppm","2","Flax Pond","24","100.0000","42101","Carbon monoxide","554","35620","New York-Newark-Jersey City, NY-NJ-PA","36","New York","103","Suffolk","40.9610170009341","-73.139046"
"04/28/2026","AQS","361030044","1","0.2","ppm","2","Flax Pond","24","100.0000","42101","Carbon monoxide","554","35620","New York-Newark-Jersey City, NY-NJ-PA","36","New York","103","Suffolk","40.9610170009341","-73.139046"
"04/29/2026","AQS","361030044","1","0.2","ppm","2","Flax Pond","24","100.0000","42101","Carbon monoxide","554","35620","New York-Newark-Jersey City, NY-NJ-PA","36","New York","103","Suffolk","40.9610170009341","-73.139046"
"04/30/2026","AQS","361030044","1","0.2","ppm","2","Flax Pond","24","100.0000","42101","Carbon monoxide","554","35620","New York-Newark-Jersey City, NY-NJ-PA","36","New York","103","Suffolk","40.9610170009341","-73.139046"
"05/01/2026","AQS","361030044","1","0.4","ppm","5","Flax Pond","24","100.0000","42101","Carbon monoxide","554","35620","New York-Newark-Jersey City, NY-NJ-PA","36","New York","103","Suffolk","40.9610170009341","-73.139046"
"05/02/2026","AQS","361030044","1","0.2","ppm","2","Flax Pond","24","100.0000","42101","Carbon monoxide","554","35620","New York-Newark-Jersey City, NY-NJ-PA","36","New York","103","Suffolk","40.9610170009341","-73.139046"
"05/03/2026","AQS","361030044","1","0.1","ppm","1","Flax Pond","24","100.0000","42101","Carbon monoxide","554","35620","New York-Newark-Jersey City, NY-NJ-PA","36","New York","103","Suffolk","40.9610170009341","-73.139046"
"05/04/2026","AQS","361030044","1","0.2","ppm","2","Flax Pond","24","100.0000","42101","Carbon monoxide","554","35620","New York-Newark-Jersey City, NY-NJ-PA","36","New York","103","Suffolk","40.9610170009341","-73.139046"
"05/05/2026","AQS","361030044","1","0.2","ppm","2","Flax Pond","24","100.0000","42101","Carbon monoxide","554","35620","New York-Newark-Jersey City, NY-NJ-PA","36","New York","103","Suffolk","40.9610170009341","-73.139046"
"05/06/2026","AQS","361030044","1","0.2","ppm","2","Flax Pond","24","100.0000","42101","Carbon monoxide","554","35620","New York-Newark-Jersey City, NY-NJ-PA","36","New York","103","Suffolk","40.9610170009341","-73.139046"
"05/07/2026","AQS","361030044","1","0.2","ppm","2","Flax Pond","24","100.0000","42101","Carbon monoxide","554","35620","New York-Newark-Jersey City, NY-NJ-PA","36","New York","103","Suffolk","40.9610170009341","-73.139046"
"05/08/2026","AQS","361030044","1","0.2","ppm","2","Flax Pond","24","100.0000","42101","Carbon monoxide","554","35620","New York-Newark-Jersey City, NY-NJ-PA","36","New York","103","Suffolk","40.9610170009341","-73.139046"
"05/09/2026","AQS","361030044","1","0.2","ppm","2","Flax Pond","24","100.0000","42101","Carbon monoxide","554","35620","New York-Newark-Jersey City, NY-NJ-PA","36","New York","103","Suffolk","40.9610170009341","-73.139046"
"05/10/2026","AQS","361030044","1","0.2","ppm","2","Flax Pond","24","100.0000","42101","Carbon monoxide","554","35620","New York-Newark-Jersey City, NY-NJ-PA","36","New York","103","Suffolk","40.9610170009341","-73.139046"
"05/11/2026","AQS","361030044","1","0.2","ppm","2","Flax Pond","24","100.0000","42101","Carbon monoxide","554","35620","New York-Newark-Jersey City, NY-NJ-PA","36","New York","103","Suffolk","40.9610170009341","-73.139046"
"05/12/2026","AQS","361030044","1","0.1","ppm","1","Flax Pond","24","100.0000","42101","Carbon monoxide","554","35620","New York-Newark-Jersey City, NY-NJ-PA","36","New York","103","Suffolk","40.9610170009341","-73.139046"
"05/13/2026","AQS","361030044","1","0.1","ppm","1","Flax Pond","13","54.0000","42101","Carbon monoxide","554","35620","New York-Newark-Jersey City, NY-NJ-PA","36","New York","103","Suffolk","40.9610170009341","-73.139046"
"05/14/2026","AQS","361030044","1","0.2","ppm","2","Flax Pond","24","100.0000","42101","Carbon monoxide","554","35620","New York-Newark-Jersey City, NY-NJ-PA","36","New York","103","Suffolk","40.9610170009341","-73.139046"
"05/15/2026","AQS","361030044","1","0.2","ppm","2","Flax Pond","24","100.0000","42101","Carbon monoxide","554","35620","New York-Newark-Jersey City, NY-NJ-PA","36","New York","103","Suffolk","40.9610170009341","-73.139046"
"05/16/2026","AQS","361030044","1","0.2","ppm","2","Flax Pond","24","100.0000","42101","Carbon monoxide","554","35620","New York-Newark-Jersey City, NY-NJ-PA","36","New York","103","Suffolk","40.9610170009341","-73.139046"
"05/17/2026","AQS","361030044","1","0.2","ppm","2","Flax Pond","24","100.0000","42101","Carbon monoxide","554","35620","New York-Newark-Jersey City, NY-NJ-PA","36","New York","103","Suffolk","40.9610170009341","-73.139046"
"05/18/2026","AQS","361030044","1","0.2","ppm","2","Flax Pond","24","100.0000","42101","Carbon monoxide","554","35620","New York-Newark-Jersey City, NY-NJ-PA","36","New York","103","Suffolk","40.9610170009341","-73.139046"
"05/19/2026","AQS","361030044","1","0.2","ppm","2","Flax Pond","24","100.0000","42101","Carbon monoxide","554","35620","New York-Newark-Jersey City, NY-NJ-PA","36","New York","103","Suffolk","40.9610170009341","-73.139046"
"05/20/2026","AQS","361030044","1","0.2","ppm","2","Flax Pond","24","100.0000","42101","Carbon monoxide","554","35620","New York-Newark-Jersey City, NY-NJ-PA","36","New York","103","Suffolk","40.9610170009341","-73.139046"
"05/21/2026","AQS","361030044","1","0.2","ppm","2","Flax Pond","24","100.0000","42101","Carbon monoxide","554","35620","New York-Newark-Jersey City, NY-NJ-PA","36","New York","103","Suffolk","40.9610170009341","-73.139046"
"05/22/2026","AQS","361030044","1","0.2","ppm","2","Flax Pond","24","100.0000","42101","Carbon monoxide","554","35620","New York-Newark-Jersey City, NY-NJ-PA","36","New York","103","Suffolk","40.9610170009341","-73.139046"
"05/23/2026","AQS","361030044","1","0.1","ppm","1","Flax Pond","24","100.0000","42101","Carbon monoxide","554","35620","New York-Newark-Jersey City, NY-NJ-PA","36","New York","103","Suffolk","40.9610170009341","-73.139046"
"05/24/2026","AQS","361030044","1","0.1","ppm","1","Flax Pond","24","100.0000","42101","Carbon monoxide","554","35620","New York-Newark-Jersey City, NY-NJ-PA","36","New York","103","Suffolk","40.9610170009341","-73.139046"
"05/25/2026","AQS","361030044","1","0.2","ppm","2","Flax Pond","24","100.0000","42101","Carbon monoxide","554","35620","New York-Newark-Jersey City, NY-NJ-PA","36","New York","103","Suffolk","40.9610170009341","-73.139046"
"05/26/2026","AQS","361030044","1","0.3","ppm","3","Flax Pond","24","100.0000","42101","Carbon monoxide","554","35620","New York-Newark-Jersey City, NY-NJ-PA","36","New York","103","Suffolk","40.9610170009341","-73.139046"
"05/27/2026","AQS","361030044","1","0.3","ppm","3","Flax Pond","24","100.0000","42101","Carbon monoxide","554","35620","New York-Newark-Jersey City, NY-NJ-PA","36","New York","103","Suffolk","40.9610170009341","-73.139046"
"05/28/2026","AQS","361030044","1","0.2","ppm","2","Flax Pond","24","100.0000","42101","Carbon monoxide","554","35620","New York-Newark-Jersey City, NY-NJ-PA","36","New York","103","Suffolk","40.9610170009341","-73.139046"
"05/29/2026","AQS","361030044","1","0.2","ppm","2","Flax Pond","24","100.0000","42101","Carbon monoxide","554","35620","New York-Newark-Jersey City, NY-NJ-PA","36","New York","103","Suffolk","40.9610170009341","-73.139046"
"05/30/2026","AQS","361030044","1","0.1","ppm","1","Flax Pond","24","100.0000","42101","Carbon monoxide","554","35620","New York-Newark-Jersey City, NY-NJ-PA","36","New York","103","Suffolk","40.9610170009341","-73.139046"
"05/31/2026","AQS","361030044","1","0.2","ppm","2","Flax Pond","24","100.0000","42101","Carbon monoxide","554","35620","New York-Newark-Jersey City, NY-NJ-PA","36","New York","103","Suffolk","40.9610170009341","-73.139046"
"06/01/2026","AQS","361030044","1","0.1","ppm","1","Flax Pond","24","100.0000","42101","Carbon monoxide","554","35620","New York-Newark-Jersey City, NY-NJ-PA","36","New York","103","Suffolk","40.9610170009341","-73.139046"
"06/02/2026","AQS","361030044","1","0.1","ppm","1","Flax Pond","24","100.0000","42101","Carbon monoxide","554","35620","New York-Newark-Jersey City, NY-NJ-PA","36","New York","103","Suffolk","40.9610170009341","-73.139046"
"06/03/2026","AQS","361030044","1","0.1","ppm","1","Flax Pond","24","100.0000","42101","Carbon monoxide","554","35620","New York-Newark-Jersey City, NY-NJ-PA","36","New York","103","Suffolk","40.9610170009341","-73.139046"
"06/04/2026","AQS","361030044","1","0.2","ppm","2","Flax Pond","24","100.0000","42101","Carbon monoxide","554","35620","New York-Newark-Jersey City, NY-NJ-PA","36","New York","103","Suffolk","40.9610170009341","-73.139046"
"06/05/2026","AQS","361030044","1","0.2","ppm","2","Flax Pond","24","100.0000","42101","Carbon monoxide","554","35620","New York-Newark-Jersey City, NY-NJ-PA","36","New York","103","Suffolk","40.9610170009341","-73.139046"
"06/06/2026","AQS","361030044","1","0.3","ppm","3","Flax Pond","24","100.0000","42101","Carbon monoxide","554","35620","New York-Newark-Jersey City, NY-NJ-PA","36","New York","103","Suffolk","40.9610170009341","-73.139046"
"06/07/2026","AQS","361030044","1","0.2","ppm","2","Flax Pond","24","100.0000","42101","Carbon monoxide","554","35620","New York-Newark-Jersey City, NY-NJ-PA","36","New York","103","Suffolk","40.9610170009341","-73.139046"
"06/08/2026","AQS","361030044","1","0.1","ppm","1","Flax Pond","24","100.0000","42101","Carbon monoxide","554","35620","New York-Newark-Jersey City, NY-NJ-PA","36","New York","103","Suffolk","40.9610170009341","-73.139046"
"06/09/2026","AQS","361030044","1","0.1","ppm","1","Flax Pond","24","100.0000","42101","Carbon monoxide","554","35620","New York-Newark-Jersey City, NY-NJ-PA","36","New York","103","Suffolk","40.9610170009341","-73.139046"
"06/10/2026","AQS","361030044","1","0.2","ppm","2","Flax Pond","24","100.0000","42101","Carbon monoxide","554","35620","New York-Newark-Jersey City, NY-NJ-PA","36","New York","103","Suffolk","40.9610170009341","-73.139046"
"06/11/2026","AQS","361030044","1","0.2","ppm","2","Flax Pond","24","100.0000","42101","Carbon monoxide","554","35620","New York-Newark-Jersey City, NY-NJ-PA","36","New York","103","Suffolk","40.9610170009341","-73.139046"
"06/12/2026","AQS","361030044","1","0.2","ppm","2","Flax Pond","24","100.0000","42101","Carbon monoxide","554","35620","New York-Newark-Jersey City, NY-NJ-PA","36","New York","103","Suffolk","40.9610170009341","-73.139046"
"06/13/2026","AQS","361030044","1","0.2","ppm","2","Flax Pond","24","100.0000","42101","Carbon monoxide","554","35620","New York-Newark-Jersey City, NY-NJ-PA","36","New York","103","Suffolk","40.9610170009341","-73.139046"
"06/14/2026","AQS","361030044","1","0.3","ppm","3","Flax Pond","24","100.0000","42101","Carbon monoxide","554","35620","New York-Newark-Jersey City, NY-NJ-PA","36","New York","103","Suffolk","40.9610170009341","-73.139046"
"06/15/2026","AQS","361030044","1","0.1","ppm","1","Flax Pond","24","100.0000","42101","Carbon monoxide","554","35620","New York-Newark-Jersey City, NY-NJ-PA","36","New York","103","Suffolk","40.9610170009341","-73.139046"
"06/16/2026","AQS","361030044","1","0.1","ppm","1","Flax Pond","24","100.0000","42101","Carbon monoxide","554","35620","New York-Newark-Jersey City, NY-NJ-PA","36","New York","103","Suffolk","40.9610170009341","-73.139046"
"06/17/2026","AQS","361030044","1","0.1","ppm","1","Flax Pond","24","100.0000","42101","Carbon monoxide","554","35620","New York-Newark-Jersey City, NY-NJ-PA","36","New York","103","Suffolk","40.9610170009341","-73.139046"
"06/18/2026","AQS","361030044","1","0.1","ppm","1","Flax Pond","24","100.0000","42101","Carbon monoxide","554","35620","New York-Newark-Jersey City, NY-NJ-PA","36","New York","103","Suffolk","40.9610170009341","-73.139046"
"06/19/2026","AQS","361030044","1","0.1","ppm","1","Flax Pond","24","100.0000","42101","Carbon monoxide","554","35620","New York-Newark-Jersey City, NY-NJ-PA","36","New York","103","Suffolk","40.9610170009341","-73.139046"
"06/20/2026","AQS","361030044","1","0.1","ppm","1","Flax Pond","18","75.0000","42101","Carbon monoxide","554","35620","New York-Newark-Jersey City, NY-NJ-PA","36","New York","103","Suffolk","40.9610170009341","-73.139046"
"06/21/2026","AQS","361030044","1","0.2","ppm","2","Flax Pond","24","100.0000","42101","Carbon monoxide","554","35620","New York-Newark-Jersey City, NY-NJ-PA","36","New York","103","Suffolk","40.9610170009341","-73.139046"
"06/22/2026","AQS","361030044","1","0.2","ppm","2","Flax Pond","24","100.0000","42101","Carbon monoxide","554","35620","New York-Newark-Jersey City, NY-NJ-PA","36","New York","103","Suffolk","40.9610170009341","-73.139046"
"06/23/2026","AQS","361030044","1","0.2","ppm","2","Flax Pond","16","67.0000","42101","Carbon monoxide","554","35620","New York-Newark-Jersey City, NY-NJ-PA","36","New York","103","Suffolk","40.9610170009341","-73.139046"
"06/24/2026","AQS","361030044","1","0.2","ppm","2","Flax Pond","24","100.0000","42101","Carbon monoxide","554","35620","New York-Newark-Jersey City, NY-NJ-PA","36","New York","103","Suffolk","40.9610170009341","-73.139046"
"06/25/2026","AQS","361030044","1","0.2","ppm","2","Flax Pond","24","100.0000","42101","Carbon monoxide","554","35620","New York-Newark-Jersey City, NY-NJ-PA","36","New York","103","Suffolk","40.9610170009341","-73.139046"
"06/26/2026","AQS","361030044","1","0.2","ppm","2","Flax Pond","24","100.0000","42101","Carbon monoxide","554","35620","New York-Newark-Jersey City, NY-NJ-PA","36","New York","103","Suffolk","40.9610170009341","-73.139046"
"06/27/2026","AQS","361030044","1","0.3","ppm","3","Flax Pond","24","100.0000","42101","Carbon monoxide","554","35620","New York-Newark-Jersey City, NY-NJ-PA","36","New York","103","Suffolk","40.9610170009341","-73.139046"
"06/28/2026","AQS","361030044","1","0.2","ppm","2","Flax Pond","24","100.0000","42101","Carbon monoxide","554","35620","New York-Newark-Jersey City, NY-NJ-PA","36","New York","103","Suffolk","40.9610170009341","-73.139046"
"06/29/2026","AQS","361030044","1","0.2","ppm","2","Flax Pond","24","100.0000","42101","Carbon monoxide","554","35620","New York-Newark-Jersey City, NY-NJ-PA","36","New York","103","Suffolk","40.9610170009341","-73.139046"
"06/30/2026","AQS","361030044","1","0.2","ppm","2","Flax Pond","19","79.0000","42101","Carbon monoxide","554","35620","New York-Newark-Jersey City, NY-NJ-PA","36","New York","103","Suffolk","40.9610170009341","-73.139046"
"07/01/2026","AQS","361030044","1","0.1","ppm","1","Flax Pond","2","8.0000","42101","Carbon monoxide","554","35620","New York-Newark-Jersey City, NY-NJ-PA","36","New York","103","Suffolk","40.9610170009341","-73.139046"
